<?xml version="1.0" encoding="UTF-8"?>
<game PGFVersion="0.16" GSCVersion="0.9.0" title="My Great Project"><resolutionIndependence>0</resolutionIndependence><instructions>Add game instructions here.</instructions><resolution>0</resolution><longDescription>A tabula rasa, a blank slate on which one may create a masterpiece.</longDescription><prototypes><actor id="id372815"/><actor id="id314938"/><actor id="id350121"/><actor id="id546210"/><actor id="id674245"/></prototypes><scenes><scene id="id142010"/><scene id="id269551"/><scene id="id363643"/></scenes><attributes><text id="name">default name</text><real id="time">0</real><size id="displaySize"><real id="width">480</real><real id="height">320</real></size><text id="actorTags"></text><real name="Camera X" id="id731831">0</real><real name="touchx" id="id561314">0</real><real name="releasex" id="id809962">0</real><integer name="current lvl" id="id760119">0</integer></attributes></game>
