<?xml version="1.0" encoding="UTF-8"?>
<scene id="id352206" GSCVersion="0.9.71" PGFVersion="0.17"><layers><layer id="id667862"><actors><actor id="id776506" prototype="id542752"><attributes><point id="position"><real id="x">240</real><real id="y">160</real></point><size id="size"><real id="width">480</real><real id="height">320</real></size></attributes><aspects/></actor><actor id="id910471" prototype="id780771"><attributes><point id="position"><real id="x">250.5</real><real id="y">35.5</real></point><size id="size"><real id="width">200</real><real id="height">32</real></size><color id="color"><real id="red">1</real><real id="green">1</real><real id="blue">1</real><real id="alpha">0</real></color></attributes><aspects/></actor><actor id="id606439" prototype="id495972"><attributes><point id="position"><real id="x">442.5</real><real id="y">36</real></point><size id="size"><real id="width">40</real><real id="height">40</real></size></attributes><aspects/></actor><actor id="id496421" prototype="id478189"><attributes><point id="position"><real id="x">-26.5</real><real id="y">339.5</real></point></attributes><aspects/></actor></actors><attributes><text id="name">Background</text><boolean id="scrollable">true</boolean></attributes></layer></layers><attributes><text id="name">title</text><real id="time">0</real><size id="size"><real id="width">480</real><real id="height">320</real></size><boolean id="wrapX">false</boolean><boolean id="wrapY">false</boolean><point id="gravity"><real id="x">0</real><real id="y">0</real></point><color id="color"><real id="red">0</real><real id="green">0</real><real id="blue">0</real><real id="alpha">1</real></color><rect id="camera"><point id="origin"><real id="x">0</real><real id="y">0</real></point><size id="size"><real id="width">480</real><real id="height">320</real></size><size id="trackingArea"><real id="width">400</real><real id="height">240</real></size><real id="rotation">0</real></rect><attributes id="autorotate"><boolean id="landscapeLeft">true</boolean><boolean id="portrait">false</boolean><boolean id="landscapeRight">false</boolean><boolean id="portraitUpsideDown">false</boolean></attributes></attributes></scene>
