<?xml version="1.0" encoding="UTF-8"?>
<scene id="id169900" GSCVersion="0.9.71" PGFVersion="0.17"><layers><layer id="id174055"><actors><actor id="id143302" prototype="id198478"><attributes><point id="position"><real id="x">480</real><real id="y">320</real></point><size id="size"><real id="width">960.267</real><real id="height">640.178</real></size></attributes><aspects/></actor><actor id="id791051" prototype="id737655"><attributes><point id="position"><real id="x">-11.5</real><real id="y">317</real></point><size id="size"><real id="width">24</real><real id="height">642</real></size></attributes><aspects/></actor><actor id="id218234" prototype="id737655"><attributes><point id="position"><real id="x">972.5</real><real id="y">318</real></point><size id="size"><real id="width">24</real><real id="height">642</real></size></attributes><aspects/></actor><actor id="id547647" prototype="id737655"><attributes><point id="position"><real id="x">430</real><real id="y">610.5</real></point><size id="size"><real id="width">24</real><real id="height">338</real></size><angle id="rotation">270</angle></attributes><aspects/></actor><actor id="id482960" prototype="id737655"><attributes><point id="position"><real id="x">476</real><real id="y">-12.5</real></point><size id="size"><real id="width">24</real><real id="height">968</real></size><angle id="rotation">270</angle></attributes><aspects/></actor><actor id="id892641" prototype="id737655"><attributes><point id="position"><real id="x">802</real><real id="y">581</real></point><size id="size"><real id="width">177</real><real id="height">140</real></size><angle id="rotation">0</angle></attributes><aspects><physics><attributes><enumeration id="collisionShape">0</enumeration></attributes></physics></aspects></actor><actor id="id864981" prototype="id185772"><attributes><point id="position"><real id="x">796</real><real id="y">520.5</real></point><size id="size"><real id="width">41</real><real id="height">33</real></size></attributes><aspects/></actor><actor id="id885533" prototype="id737655"><attributes><point id="position"><real id="x">71</real><real id="y">586.5</real></point><size id="size"><real id="width">140</real><real id="height">140</real></size><angle id="rotation">0</angle></attributes><aspects><physics><attributes><enumeration id="collisionShape">1</enumeration></attributes></physics></aspects></actor><actor id="id770189" prototype="id737655"><attributes><point id="position"><real id="x">193.5</real><real id="y">610</real></point><size id="size"><real id="width">140</real><real id="height">140</real></size><angle id="rotation">0</angle></attributes><aspects><physics><attributes><enumeration id="collisionShape">1</enumeration></attributes></physics></aspects></actor><actor id="id711173" prototype="id737655"><attributes><point id="position"><real id="x">668.5</real><real id="y">617</real></point><size id="size"><real id="width">140</real><real id="height">140</real></size><angle id="rotation">0</angle></attributes><aspects><physics><attributes><enumeration id="collisionShape">1</enumeration></attributes></physics></aspects></actor><actor id="id328153" prototype="id588201"><attributes><point id="position"><real id="x">124</real><real id="y">357</real></point><size id="size"><real id="width">32</real><real id="height">32</real></size></attributes><aspects/></actor><actor id="id550978" prototype="id588201"><attributes><point id="position"><real id="x">124</real><real id="y">421</real></point><size id="size"><real id="width">32</real><real id="height">32</real></size></attributes><aspects/><behaviors><behavior enabled="true" id="id674445" class="RuleBehavior"><attributes><text id="name">Rule</text><text id="bundleName">Rule.behavior</text><real id="compoundConditionKind">0</real></attributes><conditions><condition id="id210499" eventType="overlaps or collides"><attributes><index id="conditionType">0</index></attributes><predicate type="collision"><attributes><text id="prototypeKey">id154465</text><text id="actorTag">person</text><real id="mode">0</real></attributes></predicate></condition></conditions><behaviors><behavior id="id932974" class="ChangeAttributeAction" enabled="true"><attributes><text id="name">Change Attribute</text><text id="bundleName">ChangeAttribute.behavior</text><text id="targetAttribute">game.attributes.id359650</text><text id="RHS">1</text></attributes></behavior></behaviors><elseBehaviors/></behavior><behavior id="id267191" class="ChangeAttributeAction" enabled="true"><attributes><text id="name">Change Attribute</text><text id="bundleName">ChangeAttribute.behavior</text><text id="targetAttribute">self.attributes.color.alpha</text><text id="RHS">0</text></attributes></behavior></behaviors></actor><actor id="id380850" prototype="id588201"><attributes><point id="position"><real id="x">89</real><real id="y">390</real></point><size id="size"><real id="width">32</real><real id="height">32</real></size></attributes><aspects/><behaviors><behavior enabled="true" id="id674445" class="RuleBehavior"><attributes><text name="Name" id="name">Rule</text><text name="Bundle Name" id="bundleName">Rule.behavior</text><real name="Compound Condition Kind" id="compoundConditionKind">0</real></attributes><conditions><condition id="id210499" eventType="overlaps or collides"><attributes><index name="Condition Type" id="conditionType">0</index><attribute name="Subject Attribute" id="subjectAttribute"/></attributes><predicate type="collision"><attributes><text name="Prototype Key" id="prototypeKey">id154465</text><text name="Actor Tag" id="actorTag">person</text><real name="Mode" id="mode">0</real></attributes></predicate></condition></conditions><behaviors><behavior id="id932974" class="ChangeAttributeAction" enabled="true"><attributes><text name="Name" id="name">Change Attribute</text><text name="Bundle Name" id="bundleName">ChangeAttribute.behavior</text><text name="Target Attribute" id="targetAttribute">game.attributes.id359650</text><text name="RHS" id="RHS">2</text></attributes></behavior></behaviors><elseBehaviors/></behavior><behavior id="id463733" class="ChangeAttributeAction" enabled="true"><attributes><text id="name">Change Attribute</text><text id="bundleName">ChangeAttribute.behavior</text><text id="targetAttribute">self.attributes.color.alpha</text><text id="RHS">0</text></attributes></behavior></behaviors></actor><actor id="id648095" prototype="id588201"><attributes><point id="position"><real id="x">157</real><real id="y">390</real></point><size id="size"><real id="width">32</real><real id="height">32</real></size></attributes><aspects/><behaviors><behavior enabled="true" id="id674445" class="RuleBehavior"><attributes><text name="Name" id="name">Rule</text><text name="Bundle Name" id="bundleName">Rule.behavior</text><real name="Compound Condition Kind" id="compoundConditionKind">0</real></attributes><conditions><condition id="id210499" eventType="overlaps or collides"><attributes><index name="Condition Type" id="conditionType">0</index><attribute name="Subject Attribute" id="subjectAttribute"/></attributes><predicate type="collision"><attributes><text name="Prototype Key" id="prototypeKey">id154465</text><text name="Actor Tag" id="actorTag">person</text><real name="Mode" id="mode">0</real></attributes></predicate></condition></conditions><behaviors><behavior id="id932974" class="ChangeAttributeAction" enabled="true"><attributes><text name="Name" id="name">Change Attribute</text><text name="Bundle Name" id="bundleName">ChangeAttribute.behavior</text><text name="Target Attribute" id="targetAttribute">game.attributes.id359650</text><text name="RHS" id="RHS">3</text></attributes></behavior></behaviors><elseBehaviors/></behavior><behavior id="id202959" class="ChangeAttributeAction" enabled="true"><attributes><text id="name">Change Attribute</text><text id="bundleName">ChangeAttribute.behavior</text><text id="targetAttribute">self.attributes.color.alpha</text><text id="RHS">0</text></attributes></behavior></behaviors></actor><actor id="id283173" prototype="id588201"><attributes><point id="position"><real id="x">164</real><real id="y">473</real></point><size id="size"><real id="width">32</real><real id="height">32</real></size></attributes><aspects/></actor><actor id="id777090" prototype="id588201"><attributes><point id="position"><real id="x">129</real><real id="y">504</real></point><size id="size"><real id="width">32</real><real id="height">32</real></size></attributes><aspects/><behaviors><behavior enabled="true" id="id674445" class="RuleBehavior"><attributes><text name="Name" id="name">Rule</text><text name="Bundle Name" id="bundleName">Rule.behavior</text><real name="Compound Condition Kind" id="compoundConditionKind">0</real></attributes><conditions><condition id="id210499" eventType="overlaps or collides"><attributes><index name="Condition Type" id="conditionType">0</index><attribute name="Subject Attribute" id="subjectAttribute"/></attributes><predicate type="collision"><attributes><text name="Prototype Key" id="prototypeKey">id154465</text><text name="Actor Tag" id="actorTag">person</text><real name="Mode" id="mode">0</real></attributes></predicate></condition></conditions><behaviors><behavior id="id932974" class="ChangeAttributeAction" enabled="true"><attributes><text name="Name" id="name">Change Attribute</text><text name="Bundle Name" id="bundleName">ChangeAttribute.behavior</text><text name="Target Attribute" id="targetAttribute">game.attributes.id359650</text><text name="RHS" id="RHS">2</text></attributes></behavior></behaviors><elseBehaviors/></behavior><behavior id="id463733" class="ChangeAttributeAction" enabled="true"><attributes><text id="name">Change Attribute</text><text id="bundleName">ChangeAttribute.behavior</text><text id="targetAttribute">self.attributes.color.alpha</text><text id="RHS">0</text></attributes></behavior></behaviors></actor><actor id="id517591" prototype="id588201"><attributes><point id="position"><real id="x">195</real><real id="y">504</real></point><size id="size"><real id="width">32</real><real id="height">32</real></size></attributes><aspects/><behaviors><behavior enabled="true" id="id674445" class="RuleBehavior"><attributes><text name="Name" id="name">Rule</text><text name="Bundle Name" id="bundleName">Rule.behavior</text><real name="Compound Condition Kind" id="compoundConditionKind">0</real></attributes><conditions><condition id="id210499" eventType="overlaps or collides"><attributes><index name="Condition Type" id="conditionType">0</index><attribute name="Subject Attribute" id="subjectAttribute"/></attributes><predicate type="collision"><attributes><text name="Prototype Key" id="prototypeKey">id154465</text><text name="Actor Tag" id="actorTag">person</text><real name="Mode" id="mode">0</real></attributes></predicate></condition></conditions><behaviors><behavior id="id932974" class="ChangeAttributeAction" enabled="true"><attributes><text name="Name" id="name">Change Attribute</text><text name="Bundle Name" id="bundleName">ChangeAttribute.behavior</text><text name="Target Attribute" id="targetAttribute">game.attributes.id359650</text><text name="RHS" id="RHS">3</text></attributes></behavior></behaviors><elseBehaviors/></behavior><behavior id="id202959" class="ChangeAttributeAction" enabled="true"><attributes><text id="name">Change Attribute</text><text id="bundleName">ChangeAttribute.behavior</text><text id="targetAttribute">self.attributes.color.alpha</text><text id="RHS">0</text></attributes></behavior></behaviors></actor><actor id="id273379" prototype="id588201"><attributes><point id="position"><real id="x">162</real><real id="y">533</real></point><size id="size"><real id="width">32</real><real id="height">32</real></size></attributes><aspects/><behaviors><behavior enabled="true" id="id674445" class="RuleBehavior"><attributes><text id="name">Rule</text><text id="bundleName">Rule.behavior</text><real id="compoundConditionKind">0</real></attributes><conditions><condition id="id210499" eventType="overlaps or collides"><attributes><index id="conditionType">0</index></attributes><predicate type="collision"><attributes><text id="prototypeKey">id154465</text><text id="actorTag">person</text><real id="mode">0</real></attributes></predicate></condition></conditions><behaviors><behavior id="id932974" class="ChangeAttributeAction" enabled="true"><attributes><text id="name">Change Attribute</text><text id="bundleName">ChangeAttribute.behavior</text><text id="targetAttribute">game.attributes.id359650</text><text id="RHS">1</text></attributes></behavior></behaviors><elseBehaviors/></behavior><behavior id="id267191" class="ChangeAttributeAction" enabled="true"><attributes><text id="name">Change Attribute</text><text id="bundleName">ChangeAttribute.behavior</text><text id="targetAttribute">self.attributes.color.alpha</text><text id="RHS">0</text></attributes></behavior></behaviors></actor></actors><attributes><text id="name">Walls</text><boolean id="scrollable">true</boolean></attributes></layer><layer id="id585770"><actors><actor id="id698615" prototype="id510203"><attributes><point id="position"><real id="x">-33</real><real id="y">53.5</real></point><size id="size"><real id="width">22</real><real id="height">26</real></size><angle id="rotation">0</angle></attributes><aspects/></actor><actor id="id741653" prototype="id827366"><attributes><point id="position"><real id="x">485.5</real><real id="y">555</real></point></attributes><aspects/></actor><actor id="id550334" prototype="id827366"><attributes><point id="position"><real id="x">515.5</real><real id="y">554</real></point></attributes><aspects/></actor><actor id="id699095" prototype="id827366"><attributes><point id="position"><real id="x">546.5</real><real id="y">554</real></point></attributes><aspects/></actor><actor id="id287300" prototype="id827366"><attributes><point id="position"><real id="x">767.5</real><real id="y">48</real></point></attributes><aspects/></actor><actor id="id362475" prototype="id827366"><attributes><point id="position"><real id="x">883.5</real><real id="y">126</real></point></attributes><aspects/></actor><actor id="id772268" prototype="id827366"><attributes><point id="position"><real id="x">859.5</real><real id="y">142</real></point></attributes><aspects/></actor><actor id="id888903" prototype="id827366"><attributes><point id="position"><real id="x">620.5</real><real id="y">83</real></point></attributes><aspects/></actor><actor id="id345152" prototype="id675611"><attributes><point id="position"><real id="x">737</real><real id="y">472.5</real></point></attributes><aspects/></actor><actor id="id395494" prototype="id675611"><attributes><point id="position"><real id="x">915</real><real id="y">505.5</real></point></attributes><aspects/></actor><actor id="id448829" prototype="id827366"><attributes><point id="position"><real id="x">647.5</real><real id="y">178</real></point></attributes><aspects/></actor><actor id="id844115" prototype="id281458"><attributes><point id="position"><real id="x">923</real><real id="y">332</real></point></attributes><aspects/></actor><actor id="id441522" prototype="id946524"><attributes><point id="position"><real id="x">21</real><real id="y">-32</real></point></attributes><aspects/></actor></actors><attributes><text id="name">Items</text><boolean id="scrollable">true</boolean></attributes></layer><layer id="id290219"><actors><actor id="id978461" prototype="id484969"><attributes><point id="position"><real id="x">450</real><real id="y">510</real></point><size id="size"><real id="width">160</real><real id="height">157</real></size></attributes><aspects/></actor><actor id="id174699" prototype="id517632"><attributes><point id="position"><real id="x">706.5</real><real id="y">384.5</real></point><size id="size"><real id="width">131</real><real id="height">47</real></size></attributes><aspects/></actor><actor id="id136304" prototype="id517632"><attributes><point id="position"><real id="x">905.5</real><real id="y">382</real></point><size id="size"><real id="width">131</real><real id="height">47</real></size><image id="image">obj_map_fence2</image></attributes><aspects/></actor><actor id="id606322" prototype="id706732"><attributes><point id="position"><real id="x">452</real><real id="y">462</real></point><size id="size"><real id="width">50</real><real id="height">43</real></size></attributes><aspects/></actor><actor id="id176726" prototype="id706732"><attributes><point id="position"><real id="x">903.5</real><real id="y">370.5</real></point><size id="size"><real id="width">115</real><real id="height">10</real></size><angle id="rotation">0</angle></attributes><aspects/></actor><actor id="id182520" prototype="id706732"><attributes><point id="position"><real id="x">708.5</real><real id="y">369.5</real></point><size id="size"><real id="width">115</real><real id="height">10</real></size><angle id="rotation">0</angle></attributes><aspects/></actor><actor id="id716118" prototype="id610548"><attributes><point id="position"><real id="x">651.5</real><real id="y">471.5</real></point></attributes><aspects/></actor><actor id="id424543" prototype="id706732"><attributes><point id="position"><real id="x">652</real><real id="y">461.5</real></point><size id="size"><real id="width">10</real><real id="height">160</real></size><angle id="rotation">0</angle></attributes><aspects/></actor><actor id="id784713" prototype="id610548"><attributes><point id="position"><real id="x">263.5</real><real id="y">532.5</real></point></attributes><aspects/></actor><actor id="id259006" prototype="id706732"><attributes><point id="position"><real id="x">263</real><real id="y">556.5</real></point><size id="size"><real id="width">10</real><real id="height">160</real></size><angle id="rotation">0</angle></attributes><aspects/></actor><actor id="id214549" prototype="id610548"><attributes><point id="position"><real id="x">290.5</real><real id="y">66.5</real></point><size id="size"><real id="width">19</real><real id="height">131</real></size></attributes><aspects/></actor><actor id="id219136" prototype="id706732"><attributes><point id="position"><real id="x">291</real><real id="y">51.5</real></point><size id="size"><real id="width">10</real><real id="height">100</real></size><angle id="rotation">0</angle></attributes><aspects/></actor><actor id="id961129" prototype="id102779"><attributes><point id="position"><real id="x">267</real><real id="y">271.5</real></point><size id="size"><real id="width">160</real><real id="height">157</real></size></attributes><aspects/></actor><actor id="id418121" prototype="id706732"><attributes><point id="position"><real id="x">268</real><real id="y">220</real></point><size id="size"><real id="width">50</real><real id="height">43</real></size></attributes><aspects/></actor><actor id="id608351" prototype="id706732"><attributes><point id="position"><real id="x">582</real><real id="y">116.5</real></point><size id="size"><real id="width">12</real><real id="height">117</real></size></attributes><aspects/></actor><actor id="id930803" prototype="id706732"><attributes><point id="position"><real id="x">675</real><real id="y">114.5</real></point><size id="size"><real id="width">12</real><real id="height">117</real></size><angle id="rotation">0</angle></attributes><aspects/></actor></actors><attributes><text id="name">TreesFences</text><boolean id="scrollable">true</boolean></attributes></layer><layer id="id967127"><actors><actor id="id189394" prototype="id236187"><attributes><point id="position"><real id="x">123</real><real id="y">388.5</real></point><size id="size"><real id="width">48</real><real id="height">48</real></size></attributes><aspects/></actor><actor id="id993929" prototype="id497067"><attributes><point id="position"><real id="x">122.5</real><real id="y">385</real></point><size id="size"><real id="width">20</real><real id="height">16</real></size><angle id="rotation">0</angle></attributes><aspects><physics><attributes><enumeration id="collisionShape">1</enumeration></attributes></physics></aspects></actor><actor id="id541262" prototype="id391649"><attributes><point id="position"><real id="x">163.5</real><real id="y">506.5</real></point><size id="size"><real id="width">57</real><real id="height">57</real></size></attributes><aspects/></actor><actor id="id576258" prototype="id497067"><attributes><point id="position"><real id="x">162.5</real><real id="y">503</real></point><size id="size"><real id="width">26</real><real id="height">26</real></size><angle id="rotation">0</angle></attributes><aspects><physics><attributes><enumeration id="collisionShape">1</enumeration></attributes></physics></aspects><behaviors><behavior id="id583892" class="ChangeAttributeAction" enabled="true"><attributes><text id="name">Change Attribute</text><text id="bundleName">ChangeAttribute.behavior</text><text id="targetAttribute">self.attributes.color.alpha</text><text id="RHS">0</text></attributes></behavior><behavior enabled="true" id="id323269" class="RuleBehavior"><attributes><text id="name">Rule</text><text id="bundleName">Rule.behavior</text><real id="compoundConditionKind">0</real></attributes><conditions><condition id="id438772" eventType="overlaps or collides"><attributes><index id="conditionType">0</index></attributes><predicate type="collision"><attributes><text id="prototypeKey">id154465</text><text id="actorTag">enemyMask</text><real id="mode">0</real></attributes></predicate></condition></conditions><behaviors><behavior id="id820940" class="PlaySoundAction" enabled="true"><attributes><text id="name">Play Sound</text><text id="bundleName">PlaySound.behavior</text><sound id="soundName">MaleLeap</sound><boolean id="loop">false</boolean><boolean id="runToCompletion">true</boolean><boolean id="positional">false</boolean><boolean id="dopplerShift">false</boolean><real id="volume">1</real><real id="pitch">1</real></attributes></behavior><behavior id="id512247" class="ChangeAttributeAction" enabled="true"><attributes><text id="name">Change Attribute</text><text id="bundleName">ChangeAttribute.behavior</text><text id="targetAttribute">game.attributes.id323205</text><text id="RHS"><expression><reference keypath="game.attributes.id323205"/><string>-1</string></expression></text></attributes></behavior><behavior id="id675808" class="TimerBehavior" enabled="true"><attributes><text id="name">Timer</text><text id="bundleName">Timer.behavior</text><index id="timerType">0</index><real id="interval">1</real><boolean id="runToCompletion">true</boolean></attributes><behaviors><behavior id="id779469" class="ChangeAttributeAction" enabled="true"><attributes><text id="name">Change Attribute</text><text id="bundleName">ChangeAttribute.behavior</text><text id="targetAttribute">game.attributes.id323205</text><text id="RHS"><expression><reference keypath="game.attributes.id323205"/><string>-1</string></expression></text></attributes></behavior></behaviors></behavior></behaviors><elseBehaviors/></behavior><behavior id="id138490" class="NoteBehavior" enabled="true"><attributes><text id="name">Note</text><text id="bundleName">Note.behavior</text><text id="note">below i have simply change monster1 to monster2 hit points
</text></attributes></behavior><behavior enabled="true" id="id974560" class="RuleBehavior"><attributes><text id="name">Rule</text><text id="bundleName">Rule.behavior</text><real id="compoundConditionKind">0</real></attributes><conditions><condition id="id425183" eventType="mouse button"><attributes><index id="conditionType">1</index><text id="subjectAttribute">game.attributes.id949614</text></attributes><predicate type="number"><attributes><text id="operator">=</text><real id="RHS">0</real></attributes></predicate></condition></conditions><behaviors><behavior id="id990648" class="DestroyAction" enabled="true"><attributes><text id="name">Destroy</text><text id="bundleName">Destroy.behavior</text></attributes></behavior></behaviors><elseBehaviors/></behavior></behaviors></actor></actors><attributes><text id="name">Enemies</text><boolean id="scrollable">true</boolean></attributes></layer><layer id="id479906"><actors><actor id="id828278" prototype="id490392"><attributes><point id="position"><real id="x">104</real><real id="y">240</real></point><size id="size"><real id="width">64</real><real id="height">64</real></size></attributes><aspects/></actor><actor id="id498885" prototype="id549502"><attributes><point id="position"><real id="x">464</real><real id="y">333</real></point><size id="size"><real id="width">64</real><real id="height">64</real></size></attributes><aspects/></actor><actor id="id276495" prototype="id153097"><attributes><point id="position"><real id="x">631</real><real id="y">228</real></point><size id="size"><real id="width">64</real><real id="height">64</real></size></attributes><aspects/></actor><actor id="id128874" prototype="id826915"><attributes><point id="position"><real id="x">800</real><real id="y">389</real></point><size id="size"><real id="width">64</real><real id="height">64</real></size></attributes><aspects/></actor><actor id="id261710" prototype="id889064"><attributes><point id="position"><real id="x">106</real><real id="y">279</real></point><size id="size"><real id="width">25</real><real id="height">30</real></size><angle id="rotation">0</angle></attributes><aspects/></actor><actor id="id201277" prototype="id889064"><attributes><point id="position"><real id="x">631</real><real id="y">263</real></point><size id="size"><real id="width">25</real><real id="height">30</real></size><angle id="rotation">0</angle><image id="image">obj_ui_bubble1</image></attributes><aspects/><behaviors><behavior enabled="true" id="id867521" class="RuleBehavior"><attributes><text id="name">Rule</text><text id="bundleName">Rule.behavior</text><real id="compoundConditionKind">0</real></attributes><conditions><condition id="id427819" eventType="mouse button"><attributes><index id="conditionType">1</index><text id="subjectAttribute">game.attributes.id705503</text></attributes><predicate type="number"><attributes><text id="operator">=</text><real id="RHS">2</real></attributes></predicate></condition><condition id="id131009" eventType="mouse button"><attributes><index id="conditionType">1</index><text id="subjectAttribute">game.attributes.id647217</text></attributes><predicate type="number"><attributes><text id="operator">=</text><real id="RHS">1</real></attributes></predicate></condition></conditions><behaviors><behavior id="id781888" class="ChangeImageAction" enabled="true"><attributes><text id="name">Change Image</text><text id="bundleName">ChangeImage.behavior</text><image id="image">obj_ui_bubble2</image></attributes></behavior></behaviors><elseBehaviors/></behavior></behaviors></actor><actor id="id486913" prototype="id889064"><attributes><point id="position"><real id="x">464</real><real id="y">370</real></point><size id="size"><real id="width">25</real><real id="height">30</real></size><angle id="rotation">0</angle><image id="image">obj_ui_bubble1</image></attributes><aspects/><behaviors><behavior enabled="true" id="id867521" class="RuleBehavior"><attributes><text name="Name" id="name">Rule</text><text name="Bundle Name" id="bundleName">Rule.behavior</text><real name="Compound Condition Kind" id="compoundConditionKind">0</real></attributes><conditions><condition id="id427819" eventType="mouse button"><attributes><index name="Condition Type" id="conditionType">1</index><text name="Subject Attribute" id="subjectAttribute">game.attributes.id705503</text></attributes><predicate type="number"><attributes><text name="Operator" id="operator">=</text><real name="RHS" id="RHS">3</real></attributes></predicate></condition><condition id="id131009" eventType="mouse button"><attributes><index name="Condition Type" id="conditionType">1</index><text name="Subject Attribute" id="subjectAttribute">game.attributes.id647217</text></attributes><predicate type="number"><attributes><text name="Operator" id="operator">=</text><real name="RHS" id="RHS">1</real></attributes></predicate></condition><condition id="id131379" eventType="mouse button"><attributes><index id="conditionType">1</index><text id="subjectAttribute">game.attributes.id910650</text></attributes><predicate type="boolean"><attributes><index id="RHS">1</index></attributes></predicate></condition></conditions><behaviors><behavior id="id955875" class="ChangeImageAction" enabled="true"><attributes><text id="name">Change Image</text><text id="bundleName">ChangeImage.behavior</text><image id="image">obj_ui_bubble2</image></attributes></behavior></behaviors><elseBehaviors/></behavior></behaviors></actor><actor id="id600686" prototype="id889064"><attributes><point id="position"><real id="x">807</real><real id="y">426</real></point><size id="size"><real id="width">25</real><real id="height">30</real></size><angle id="rotation">0</angle><image id="image">obj_ui_bubble1</image></attributes><aspects/><behaviors><behavior enabled="true" id="id217835" class="RuleBehavior"><attributes><text id="name">Rule</text><text id="bundleName">Rule.behavior</text><real id="compoundConditionKind">0</real></attributes><conditions><condition id="id158012" eventType="mouse button"><attributes><index id="conditionType">1</index><text id="subjectAttribute">game.attributes.id403123</text></attributes><predicate type="boolean"><attributes><index id="RHS">1</index></attributes></predicate></condition><condition id="id449197" eventType="mouse button"><attributes><index id="conditionType">1</index><text id="subjectAttribute">game.attributes.id647217</text></attributes><predicate type="number"><attributes><text id="operator">=</text><real id="RHS">0</real></attributes></predicate></condition></conditions><behaviors><behavior id="id765173" class="DestroyAction" enabled="true"><attributes><text id="name">Destroy</text><text id="bundleName">Destroy.behavior</text></attributes></behavior></behaviors><elseBehaviors/></behavior></behaviors></actor><actor id="id619834" prototype="id706732"><attributes><point id="position"><real id="x">631</real><real id="y">218</real></point><size id="size"><real id="width">32</real><real id="height">24</real></size></attributes><aspects/></actor><actor id="id571745" prototype="id706732"><attributes><point id="position"><real id="x">805.5</real><real id="y">374</real></point><size id="size"><real id="width">51</real><real id="height">24</real></size></attributes><aspects/><behaviors><behavior id="id583892" class="ChangeAttributeAction" enabled="true"><attributes><text id="name">Change Attribute</text><text id="bundleName">ChangeAttribute.behavior</text><text id="targetAttribute">self.attributes.color.alpha</text><text id="RHS">0</text></attributes></behavior><behavior enabled="true" id="id832976" class="RuleBehavior"><attributes><text id="name">Rule</text><text id="bundleName">Rule.behavior</text><real id="compoundConditionKind">0</real></attributes><conditions><condition id="id207483" eventType="mouse button"><attributes><index id="conditionType">1</index><text id="subjectAttribute">game.attributes.id403123</text></attributes><predicate type="boolean"><attributes><index id="RHS">1</index></attributes></predicate></condition><condition id="id775770" eventType="mouse button"><attributes><index id="conditionType">1</index><text id="subjectAttribute">game.attributes.id647217</text></attributes><predicate type="number"><attributes><text id="operator">=</text><real id="RHS">0</real></attributes></predicate></condition></conditions><behaviors><behavior id="id746226" class="DestroyAction" enabled="true"><attributes><text id="name">Destroy</text><text id="bundleName">Destroy.behavior</text></attributes></behavior></behaviors><elseBehaviors/></behavior></behaviors></actor><actor id="id471255" prototype="id706732"><attributes><point id="position"><real id="x">464</real><real id="y">322</real></point><size id="size"><real id="width">32</real><real id="height">24</real></size></attributes><aspects/></actor><actor id="id217010" prototype="id706732"><attributes><point id="position"><real id="x">105</real><real id="y">226.5</real></point><size id="size"><real id="width">32</real><real id="height">24</real></size></attributes><aspects/></actor></actors><attributes><text id="name">People</text><boolean id="scrollable">true</boolean></attributes></layer><layer id="id112326"><actors><actor id="id440968" prototype="id440524"><attributes><point id="position"><real id="x">-33</real><real id="y">-21</real></point><size id="size"><real id="width">80</real><real id="height">80</real></size><angle id="rotation">0</angle></attributes><aspects/></actor><actor id="id899939" prototype="id560923"><attributes><point id="position"><real id="x">148</real><real id="y">144</real></point><size id="size"><real id="width">64</real><real id="height">64</real></size></attributes><aspects/></actor><actor id="id542671" prototype="id154465"><attributes><point id="position"><real id="x">148</real><real id="y">129.5</real></point></attributes><aspects/></actor></actors><attributes><text id="name">HeroMask</text><boolean id="scrollable">true</boolean></attributes></layer><layer id="id892673"><actors><actor id="id964853" prototype="id817004"><attributes><point id="position"><real id="x">273</real><real id="y">20</real></point><size id="size"><real id="width">258</real><real id="height">60</real></size></attributes><aspects/></actor><actor id="id525939" prototype="id328573"><attributes><point id="position"><real id="x">72</real><real id="y">72</real></point><size id="size"><real id="width">140</real><real id="height">140</real></size></attributes><aspects/></actor><actor id="id784906" prototype="id652710"><attributes><point id="position"><real id="x">112</real><real id="y">72</real></point><size id="size"><real id="width">48</real><real id="height">48</real></size><angle id="rotation">0</angle></attributes><aspects/></actor><actor id="id998546" prototype="id641685"><attributes><point id="position"><real id="x">28</real><real id="y">72</real></point><size id="size"><real id="width">48</real><real id="height">48</real></size><angle id="rotation">0</angle></attributes><aspects/></actor><actor id="id643095" prototype="id368819"><attributes><point id="position"><real id="x">72</real><real id="y">28</real></point><size id="size"><real id="width">48</real><real id="height">48</real></size><angle id="rotation">0</angle></attributes><aspects/></actor><actor id="id845703" prototype="id641850"><attributes><point id="position"><real id="x">72</real><real id="y">112</real></point><size id="size"><real id="width">48</real><real id="height">48</real></size><angle id="rotation">0</angle></attributes><aspects/></actor><actor id="id660386" prototype="id300642"><attributes><point id="position"><real id="x">441</real><real id="y">38</real></point></attributes><aspects/></actor><actor id="id576895" prototype="id758438"><attributes><point id="position"><real id="x">239</real><real id="y">278</real></point><size id="size"><real id="width">376</real><real id="height">84</real></size><angle id="rotation">0</angle><image id="image">obj_UI_textbox</image></attributes><aspects/></actor><actor id="id158980" prototype="id952350"><attributes><point id="position"><real id="x">160</real><real id="y">24</real></point><size id="size"><real id="width">24</real><real id="height">19</real></size><angle id="rotation">0</angle></attributes><aspects/></actor><actor id="id694035" prototype="id952350"><attributes><point id="position"><real id="x">184</real><real id="y">24</real></point><size id="size"><real id="width">24</real><real id="height">19</real></size><angle id="rotation">0</angle></attributes><aspects/><behaviors><behavior enabled="true" id="id243348" class="RuleBehavior"><attributes><text id="name">Rule</text><text id="bundleName">Rule.behavior</text><real id="compoundConditionKind">0</real></attributes><conditions><condition id="id567706" eventType="mouse button"><attributes><index id="conditionType">1</index><text id="subjectAttribute">game.attributes.id323205</text></attributes><predicate type="number"><attributes><text id="operator">&gt;</text><real id="RHS">1</real></attributes></predicate></condition></conditions><behaviors><behavior id="id343202" class="ChangeImageAction" enabled="true"><attributes><text id="name">Change Image</text><text id="bundleName">ChangeImage.behavior</text><image id="image">obj_item_heart-1</image></attributes></behavior></behaviors><elseBehaviors><behavior id="id297622" class="ChangeImageAction" enabled="true"><attributes><text id="name">Change Image</text><text id="bundleName">ChangeImage.behavior</text><image id="image">obj_item_heart_empty</image></attributes></behavior></elseBehaviors></behavior></behaviors></actor><actor id="id744302" prototype="id952350"><attributes><point id="position"><real id="x">208</real><real id="y">24</real></point><size id="size"><real id="width">24</real><real id="height">19</real></size><angle id="rotation">0</angle><image id="image">obj_item_heart-1</image></attributes><aspects/><behaviors><behavior enabled="true" id="id243348" class="RuleBehavior"><attributes><text name="Name" id="name">Rule</text><text name="Bundle Name" id="bundleName">Rule.behavior</text><real name="Compound Condition Kind" id="compoundConditionKind">0</real></attributes><conditions><condition id="id567706" eventType="mouse button"><attributes><index name="Condition Type" id="conditionType">1</index><text name="Subject Attribute" id="subjectAttribute">game.attributes.id323205</text></attributes><predicate type="number"><attributes><text name="Operator" id="operator">&gt;</text><real name="RHS" id="RHS">2</real></attributes></predicate></condition></conditions><behaviors><behavior id="id902893" class="ChangeImageAction" enabled="true"><attributes><text id="name">Change Image</text><text id="bundleName">ChangeImage.behavior</text><image id="image">obj_item_heart-1</image></attributes></behavior></behaviors><elseBehaviors><behavior id="id104151" class="ChangeImageAction" enabled="true"><attributes><text id="name">Change Image</text><text id="bundleName">ChangeImage.behavior</text><image id="image">obj_item_heart_empty</image></attributes></behavior></elseBehaviors></behavior></behaviors></actor><actor id="id393388" prototype="id952350"><attributes><point id="position"><real id="x">232</real><real id="y">24</real></point><size id="size"><real id="width">24</real><real id="height">19</real></size><angle id="rotation">0</angle></attributes><aspects/><behaviors><behavior enabled="true" id="id243348" class="RuleBehavior"><attributes><text name="Name" id="name">Rule</text><text name="Bundle Name" id="bundleName">Rule.behavior</text><real name="Compound Condition Kind" id="compoundConditionKind">0</real></attributes><conditions><condition id="id567706" eventType="mouse button"><attributes><index name="Condition Type" id="conditionType">1</index><text name="Subject Attribute" id="subjectAttribute">game.attributes.id323205</text></attributes><predicate type="number"><attributes><text name="Operator" id="operator">&gt;</text><real name="RHS" id="RHS">3</real></attributes></predicate></condition></conditions><behaviors><behavior id="id311509" class="ChangeImageAction" enabled="true"><attributes><text id="name">Change Image</text><text id="bundleName">ChangeImage.behavior</text><image id="image">obj_item_heart-1</image></attributes></behavior></behaviors><elseBehaviors><behavior id="id466395" class="ChangeImageAction" enabled="true"><attributes><text id="name">Change Image</text><text id="bundleName">ChangeImage.behavior</text><image id="image">obj_item_heart_empty</image></attributes></behavior></elseBehaviors></behavior></behaviors></actor><actor id="id615389" prototype="id952350"><attributes><point id="position"><real id="x">256</real><real id="y">24</real></point><size id="size"><real id="width">24</real><real id="height">19</real></size><angle id="rotation">0</angle></attributes><aspects/><behaviors><behavior enabled="true" id="id243348" class="RuleBehavior"><attributes><text name="Name" id="name">Rule</text><text name="Bundle Name" id="bundleName">Rule.behavior</text><real name="Compound Condition Kind" id="compoundConditionKind">0</real></attributes><conditions><condition id="id567706" eventType="mouse button"><attributes><index name="Condition Type" id="conditionType">1</index><text name="Subject Attribute" id="subjectAttribute">game.attributes.id323205</text></attributes><predicate type="number"><attributes><text name="Operator" id="operator">&gt;</text><real name="RHS" id="RHS">4</real></attributes></predicate></condition></conditions><behaviors><behavior id="id273425" class="ChangeImageAction" enabled="true"><attributes><text id="name">Change Image</text><text id="bundleName">ChangeImage.behavior</text><image id="image">obj_item_heart-1</image></attributes></behavior></behaviors><elseBehaviors><behavior id="id674304" class="ChangeImageAction" enabled="true"><attributes><text id="name">Change Image</text><text id="bundleName">ChangeImage.behavior</text><image id="image">obj_item_heart_empty</image></attributes></behavior></elseBehaviors></behavior></behaviors></actor><actor id="id706824" prototype="id484834"><attributes><point id="position"><real id="x">342.5</real><real id="y">24</real></point><size id="size"><real id="width">28</real><real id="height">28</real></size><angle id="rotation">0</angle></attributes><aspects/></actor><actor id="id259369" prototype="id397239"><attributes><point id="position"><real id="x">368</real><real id="y">24</real></point><size id="size"><real id="width">32</real><real id="height">32</real></size></attributes><aspects/></actor></actors><attributes><text id="name">HUD</text><boolean id="scrollable">false</boolean></attributes></layer></layers><attributes><text id="name">Area1</text><real id="time">0</real><size id="size"><real id="width">960</real><real id="height">640</real></size><boolean id="wrapX">false</boolean><boolean id="wrapY">false</boolean><point id="gravity"><real id="x">0</real><real id="y">0</real></point><color id="color"><real id="red">0</real><real id="green">0.501961</real><real id="blue">0.501961</real><real id="alpha">1</real></color><rect id="camera"><point id="origin"><real id="x">0</real><real id="y">0</real></point><size id="size"><real id="width">480</real><real id="height">320</real></size><size id="trackingArea"><real id="width">0</real><real id="height">0</real></size><real id="rotation">0</real></rect><attributes id="autorotate"><boolean id="landscapeLeft">true</boolean><boolean id="portrait">false</boolean><boolean id="landscapeRight">false</boolean><boolean id="portraitUpsideDown">false</boolean></attributes></attributes></scene>
