<?xml version="1.0" encoding="UTF-8"?>
<scene id="id626352" GSCVersion="0.9.71" PGFVersion="0.17"><layers><layer id="id174055"><actors><actor id="id143302" prototype="id198478"><attributes><point id="position"><real id="x">480</real><real id="y">320</real></point><size id="size"><real id="width">960.267</real><real id="height">640.178</real></size></attributes><aspects/></actor><actor id="id791051" prototype="id737655"><attributes><point id="position"><real id="x">-11.5</real><real id="y">317</real></point><size id="size"><real id="width">24</real><real id="height">642</real></size></attributes><aspects/></actor><actor id="id218234" prototype="id737655"><attributes><point id="position"><real id="x">972.5</real><real id="y">318</real></point><size id="size"><real id="width">24</real><real id="height">642</real></size></attributes><aspects/></actor><actor id="id547647" prototype="id737655"><attributes><point id="position"><real id="x">430</real><real id="y">610.5</real></point><size id="size"><real id="width">24</real><real id="height">338</real></size><angle id="rotation">270</angle></attributes><aspects/></actor><actor id="id482960" prototype="id737655"><attributes><point id="position"><real id="x">476</real><real id="y">-12.5</real></point><size id="size"><real id="width">24</real><real id="height">968</real></size><angle id="rotation">270</angle></attributes><aspects/></actor><actor id="id864981" prototype="id185772"><attributes><point id="position"><real id="x">795</real><real id="y">523.5</real></point><size id="size"><real id="width">41</real><real id="height">33</real></size></attributes><aspects/></actor><actor id="id885533" prototype="id737655"><attributes><point id="position"><real id="x">71</real><real id="y">586.5</real></point><size id="size"><real id="width">140</real><real id="height">140</real></size><angle id="rotation">0</angle></attributes><aspects><physics><attributes><enumeration id="collisionShape">1</enumeration></attributes></physics></aspects></actor><actor id="id770189" prototype="id737655"><attributes><point id="position"><real id="x">193.5</real><real id="y">610</real></point><size id="size"><real id="width">140</real><real id="height">140</real></size><angle id="rotation">0</angle></attributes><aspects><physics><attributes><enumeration id="collisionShape">1</enumeration></attributes></physics></aspects></actor><actor id="id711173" prototype="id737655"><attributes><point id="position"><real id="x">668.5</real><real id="y">617</real></point><size id="size"><real id="width">140</real><real id="height">140</real></size><angle id="rotation">0</angle></attributes><aspects><physics><attributes><enumeration id="collisionShape">1</enumeration></attributes></physics></aspects></actor></actors><attributes><text id="name">Walls</text><boolean id="scrollable">true</boolean></attributes></layer><layer id="id585770"><actors><actor id="id741653" prototype="id827366"><attributes><point id="position"><real id="x">485.5</real><real id="y">555</real></point></attributes><aspects/></actor><actor id="id550334" prototype="id827366"><attributes><point id="position"><real id="x">515.5</real><real id="y">554</real></point></attributes><aspects/></actor><actor id="id699095" prototype="id827366"><attributes><point id="position"><real id="x">546.5</real><real id="y">554</real></point></attributes><aspects/></actor><actor id="id287300" prototype="id827366"><attributes><point id="position"><real id="x">767.5</real><real id="y">48</real></point></attributes><aspects/></actor><actor id="id362475" prototype="id827366"><attributes><point id="position"><real id="x">883.5</real><real id="y">126</real></point></attributes><aspects/></actor><actor id="id772268" prototype="id827366"><attributes><point id="position"><real id="x">859.5</real><real id="y">142</real></point></attributes><aspects/></actor><actor id="id888903" prototype="id827366"><attributes><point id="position"><real id="x">620.5</real><real id="y">83</real></point></attributes><aspects/></actor><actor id="id345152" prototype="id675611"><attributes><point id="position"><real id="x">737</real><real id="y">472.5</real></point></attributes><aspects/></actor><actor id="id395494" prototype="id675611"><attributes><point id="position"><real id="x">915</real><real id="y">505.5</real></point></attributes><aspects/></actor><actor id="id448829" prototype="id827366"><attributes><point id="position"><real id="x">647.5</real><real id="y">178</real></point></attributes><aspects/></actor><actor id="id844115" prototype="id281458"><attributes><point id="position"><real id="x">923</real><real id="y">332</real></point></attributes><aspects/></actor><actor id="id441522" prototype="id946524"><attributes><point id="position"><real id="x">21</real><real id="y">-32</real></point></attributes><aspects/></actor></actors><attributes><text id="name">Items</text><boolean id="scrollable">true</boolean></attributes></layer><layer id="id290219"><actors><actor id="id174699" prototype="id517632"><attributes><point id="position"><real id="x">706.5</real><real id="y">384.5</real></point><size id="size"><real id="width">131</real><real id="height">47</real></size></attributes><aspects/></actor><actor id="id136304" prototype="id517632"><attributes><point id="position"><real id="x">905.5</real><real id="y">382</real></point><size id="size"><real id="width">131</real><real id="height">47</real></size><image id="image">obj_map_fence2</image></attributes><aspects/></actor><actor id="id176726" prototype="id706732"><attributes><point id="position"><real id="x">903.5</real><real id="y">370.5</real></point><size id="size"><real id="width">115</real><real id="height">10</real></size><angle id="rotation">0</angle></attributes><aspects/></actor><actor id="id182520" prototype="id706732"><attributes><point id="position"><real id="x">708.5</real><real id="y">369.5</real></point><size id="size"><real id="width">115</real><real id="height">10</real></size><angle id="rotation">0</angle></attributes><aspects/></actor><actor id="id716118" prototype="id610548"><attributes><point id="position"><real id="x">651.5</real><real id="y">471.5</real></point></attributes><aspects/></actor><actor id="id424543" prototype="id706732"><attributes><point id="position"><real id="x">652</real><real id="y">461.5</real></point><size id="size"><real id="width">10</real><real id="height">160</real></size><angle id="rotation">0</angle></attributes><aspects/></actor><actor id="id784713" prototype="id610548"><attributes><point id="position"><real id="x">263.5</real><real id="y">532.5</real></point></attributes><aspects/></actor><actor id="id259006" prototype="id706732"><attributes><point id="position"><real id="x">263</real><real id="y">556.5</real></point><size id="size"><real id="width">10</real><real id="height">160</real></size><angle id="rotation">0</angle></attributes><aspects/></actor><actor id="id214549" prototype="id610548"><attributes><point id="position"><real id="x">290.5</real><real id="y">66.5</real></point><size id="size"><real id="width">19</real><real id="height">131</real></size></attributes><aspects/></actor><actor id="id219136" prototype="id706732"><attributes><point id="position"><real id="x">291</real><real id="y">51.5</real></point><size id="size"><real id="width">10</real><real id="height">100</real></size><angle id="rotation">0</angle></attributes><aspects/></actor><actor id="id608351" prototype="id706732"><attributes><point id="position"><real id="x">582</real><real id="y">116.5</real></point><size id="size"><real id="width">12</real><real id="height">117</real></size></attributes><aspects/></actor><actor id="id930803" prototype="id706732"><attributes><point id="position"><real id="x">675</real><real id="y">114.5</real></point><size id="size"><real id="width">12</real><real id="height">117</real></size><angle id="rotation">0</angle></attributes><aspects/></actor></actors><attributes><text id="name">TreesFences</text><boolean id="scrollable">true</boolean></attributes></layer><layer id="id967127"><actors/><attributes><text id="name">Enemies</text><boolean id="scrollable">true</boolean></attributes></layer><layer id="id479906"><actors/><attributes><text id="name">People</text><boolean id="scrollable">true</boolean></attributes></layer><layer id="id112326"><actors><actor id="id440968" prototype="id440524"><attributes><point id="position"><real id="x">-33</real><real id="y">-21</real></point><size id="size"><real id="width">80</real><real id="height">80</real></size><angle id="rotation">0</angle></attributes><aspects/></actor><actor id="id899939" prototype="id560923"><attributes><point id="position"><real id="x">148</real><real id="y">144</real></point><size id="size"><real id="width">64</real><real id="height">64</real></size></attributes><aspects/></actor><actor id="id542671" prototype="id154465"><attributes><point id="position"><real id="x">148</real><real id="y">129.5</real></point></attributes><aspects/></actor></actors><attributes><text id="name">HeroMask</text><boolean id="scrollable">true</boolean></attributes></layer><layer id="id892673"><actors><actor id="id964853" prototype="id817004"><attributes><point id="position"><real id="x">273</real><real id="y">20</real></point><size id="size"><real id="width">258</real><real id="height">60</real></size></attributes><aspects/></actor><actor id="id525939" prototype="id328573"><attributes><point id="position"><real id="x">76</real><real id="y">76</real></point><size id="size"><real id="width">140</real><real id="height">140</real></size></attributes><aspects/></actor><actor id="id784906" prototype="id652710"><attributes><point id="position"><real id="x">123</real><real id="y">75</real></point><size id="size"><real id="width">48</real><real id="height">48</real></size><angle id="rotation">0</angle></attributes><aspects/></actor><actor id="id998546" prototype="id641685"><attributes><point id="position"><real id="x">30</real><real id="y">76</real></point><size id="size"><real id="width">48</real><real id="height">48</real></size><angle id="rotation">0</angle></attributes><aspects/></actor><actor id="id643095" prototype="id368819"><attributes><point id="position"><real id="x">75</real><real id="y">32</real></point><size id="size"><real id="width">48</real><real id="height">48</real></size><angle id="rotation">0</angle></attributes><aspects/></actor><actor id="id845703" prototype="id641850"><attributes><point id="position"><real id="x">77.5</real><real id="y">119.5</real></point><size id="size"><real id="width">48</real><real id="height">48</real></size><angle id="rotation">0</angle></attributes><aspects/></actor><actor id="id660386" prototype="id300642"><attributes><point id="position"><real id="x">441</real><real id="y">38</real></point></attributes><aspects/></actor><actor id="id576895" prototype="id758438"><attributes><point id="position"><real id="x">239</real><real id="y">278</real></point><size id="size"><real id="width">376</real><real id="height">84</real></size><angle id="rotation">0</angle><image id="image">obj_UI_textbox</image></attributes><aspects/></actor><actor id="id158980" prototype="id952350"><attributes><point id="position"><real id="x">160</real><real id="y">24</real></point><size id="size"><real id="width">24</real><real id="height">19</real></size><angle id="rotation">0</angle></attributes><aspects/></actor><actor id="id694035" prototype="id952350"><attributes><point id="position"><real id="x">184</real><real id="y">24</real></point><size id="size"><real id="width">24</real><real id="height">19</real></size><angle id="rotation">0</angle></attributes><aspects/><behaviors><behavior enabled="true" id="id243348" class="RuleBehavior"><attributes><text id="name">Rule</text><text id="bundleName">Rule.behavior</text><real id="compoundConditionKind">0</real></attributes><conditions><condition id="id567706" eventType="mouse button"><attributes><index id="conditionType">1</index><text id="subjectAttribute">game.attributes.id323205</text></attributes><predicate type="number"><attributes><text id="operator">&gt;</text><real id="RHS">1</real></attributes></predicate></condition></conditions><behaviors><behavior id="id343202" class="ChangeImageAction" enabled="true"><attributes><text id="name">Change Image</text><text id="bundleName">ChangeImage.behavior</text><image id="image">obj_item_heart-1</image></attributes></behavior></behaviors><elseBehaviors><behavior id="id297622" class="ChangeImageAction" enabled="true"><attributes><text id="name">Change Image</text><text id="bundleName">ChangeImage.behavior</text><image id="image">obj_item_heart_empty</image></attributes></behavior></elseBehaviors></behavior></behaviors></actor><actor id="id744302" prototype="id952350"><attributes><point id="position"><real id="x">208</real><real id="y">24</real></point><size id="size"><real id="width">24</real><real id="height">19</real></size><angle id="rotation">0</angle><image id="image">obj_item_heart-1</image></attributes><aspects/><behaviors><behavior enabled="true" id="id243348" class="RuleBehavior"><attributes><text name="Name" id="name">Rule</text><text name="Bundle Name" id="bundleName">Rule.behavior</text><real name="Compound Condition Kind" id="compoundConditionKind">0</real></attributes><conditions><condition id="id567706" eventType="mouse button"><attributes><index name="Condition Type" id="conditionType">1</index><text name="Subject Attribute" id="subjectAttribute">game.attributes.id323205</text></attributes><predicate type="number"><attributes><text name="Operator" id="operator">&gt;</text><real name="RHS" id="RHS">2</real></attributes></predicate></condition></conditions><behaviors><behavior id="id902893" class="ChangeImageAction" enabled="true"><attributes><text id="name">Change Image</text><text id="bundleName">ChangeImage.behavior</text><image id="image">obj_item_heart-1</image></attributes></behavior></behaviors><elseBehaviors><behavior id="id104151" class="ChangeImageAction" enabled="true"><attributes><text id="name">Change Image</text><text id="bundleName">ChangeImage.behavior</text><image id="image">obj_item_heart_empty</image></attributes></behavior></elseBehaviors></behavior></behaviors></actor><actor id="id393388" prototype="id952350"><attributes><point id="position"><real id="x">232</real><real id="y">24</real></point><size id="size"><real id="width">24</real><real id="height">19</real></size><angle id="rotation">0</angle></attributes><aspects/><behaviors><behavior enabled="true" id="id243348" class="RuleBehavior"><attributes><text name="Name" id="name">Rule</text><text name="Bundle Name" id="bundleName">Rule.behavior</text><real name="Compound Condition Kind" id="compoundConditionKind">0</real></attributes><conditions><condition id="id567706" eventType="mouse button"><attributes><index name="Condition Type" id="conditionType">1</index><text name="Subject Attribute" id="subjectAttribute">game.attributes.id323205</text></attributes><predicate type="number"><attributes><text name="Operator" id="operator">&gt;</text><real name="RHS" id="RHS">3</real></attributes></predicate></condition></conditions><behaviors><behavior id="id311509" class="ChangeImageAction" enabled="true"><attributes><text id="name">Change Image</text><text id="bundleName">ChangeImage.behavior</text><image id="image">obj_item_heart-1</image></attributes></behavior></behaviors><elseBehaviors><behavior id="id466395" class="ChangeImageAction" enabled="true"><attributes><text id="name">Change Image</text><text id="bundleName">ChangeImage.behavior</text><image id="image">obj_item_heart_empty</image></attributes></behavior></elseBehaviors></behavior></behaviors></actor><actor id="id615389" prototype="id952350"><attributes><point id="position"><real id="x">256</real><real id="y">24</real></point><size id="size"><real id="width">24</real><real id="height">19</real></size><angle id="rotation">0</angle></attributes><aspects/><behaviors><behavior enabled="true" id="id243348" class="RuleBehavior"><attributes><text name="Name" id="name">Rule</text><text name="Bundle Name" id="bundleName">Rule.behavior</text><real name="Compound Condition Kind" id="compoundConditionKind">0</real></attributes><conditions><condition id="id567706" eventType="mouse button"><attributes><index name="Condition Type" id="conditionType">1</index><text name="Subject Attribute" id="subjectAttribute">game.attributes.id323205</text></attributes><predicate type="number"><attributes><text name="Operator" id="operator">&gt;</text><real name="RHS" id="RHS">4</real></attributes></predicate></condition></conditions><behaviors><behavior id="id273425" class="ChangeImageAction" enabled="true"><attributes><text id="name">Change Image</text><text id="bundleName">ChangeImage.behavior</text><image id="image">obj_item_heart-1</image></attributes></behavior></behaviors><elseBehaviors><behavior id="id674304" class="ChangeImageAction" enabled="true"><attributes><text id="name">Change Image</text><text id="bundleName">ChangeImage.behavior</text><image id="image">obj_item_heart_empty</image></attributes></behavior></elseBehaviors></behavior></behaviors></actor><actor id="id706824" prototype="id484834"><attributes><point id="position"><real id="x">342.5</real><real id="y">24</real></point><size id="size"><real id="width">28</real><real id="height">28</real></size><angle id="rotation">0</angle></attributes><aspects/></actor><actor id="id259369" prototype="id397239"><attributes><point id="position"><real id="x">368</real><real id="y">24</real></point><size id="size"><real id="width">32</real><real id="height">32</real></size></attributes><aspects/></actor></actors><attributes><text id="name">HUD</text><boolean id="scrollable">false</boolean></attributes></layer></layers><attributes><text id="name">Area2Test</text><real id="time">0</real><size id="size"><real id="width">960</real><real id="height">640</real></size><boolean id="wrapX">false</boolean><boolean id="wrapY">false</boolean><point id="gravity"><real id="x">0</real><real id="y">0</real></point><color id="color"><real id="red">0</real><real id="green">0.501961</real><real id="blue">0.501961</real><real id="alpha">1</real></color><rect id="camera"><point id="origin"><real id="x">0</real><real id="y">0</real></point><size id="size"><real id="width">480</real><real id="height">320</real></size><size id="trackingArea"><real id="width">0</real><real id="height">0</real></size><real id="rotation">0</real></rect><attributes id="autorotate"><boolean id="landscapeLeft">true</boolean><boolean id="portrait">false</boolean><boolean id="landscapeRight">false</boolean><boolean id="portraitUpsideDown">false</boolean></attributes></attributes></scene>
