<?xml version="1.0" encoding="UTF-8"?>
<behavior PGFVersion="0.16" id="id800491" class="CompoundBehavior" GSCVersion="0.9.0"><attributes><text id="name">Group</text><text id="bundleName">Group.behavior</text></attributes><behaviors><behavior id="id365779" class="RuleBehavior"><attributes><text id="name">Rule</text><text id="bundleName">Rule.behavior</text><real id="compoundConditionKind">0</real></attributes><conditions><condition id="id121349" eventType="touch"><attributes><index id="conditionType">0</index></attributes><predicate type="touch" conditionType="pressed"><attributes/></predicate></condition></conditions><behaviors><behavior id="id327161" class="ChangeAttributeAction"><attributes><text id="name">Change Attribute</text><text id="bundleName">ChangeAttribute.behavior</text><text id="targetAttribute">game.attributes.id920347</text><text id="RHS"><expression><reference keypath="game.devices.mouse.position.x"/></expression></text></attributes></behavior><behavior id="id616171" class="ChangeAttributeAction"><attributes><text id="name">Change Attribute</text><text id="bundleName">ChangeAttribute.behavior</text><text id="targetAttribute">self.attributes.color.alpha</text><text id="RHS">0.5</text></attributes></behavior></behaviors><elseBehaviors><behavior id="id374735" class="ChangeAttributeAction"><attributes><text id="name">Change Attribute</text><text id="bundleName">ChangeAttribute.behavior</text><text id="targetAttribute">self.attributes.color.alpha</text><text id="RHS">1</text></attributes></behavior></elseBehaviors></behavior><behavior id="id350950" class="RuleBehavior"><attributes><text id="name">Rule</text><text id="bundleName">Rule.behavior</text><real id="compoundConditionKind">0</real></attributes><conditions><condition id="id121349" eventType="touch"><attributes><index id="conditionType">0</index></attributes><predicate type="touch" conditionType="released"><attributes/></predicate></condition></conditions><behaviors><behavior id="id327161" class="ChangeAttributeAction"><attributes><text id="name">Change Attribute</text><text id="bundleName">ChangeAttribute.behavior</text><text id="targetAttribute">game.attributes.id576600</text><text id="RHS"><expression><reference keypath="game.devices.mouse.position.x"/></expression></text></attributes></behavior></behaviors><elseBehaviors/></behavior><behavior id="id431888" class="RuleBehavior"><attributes><text id="name">Rule</text><text id="bundleName">Rule.behavior</text><real id="compoundConditionKind">0</real></attributes><conditions><condition id="id252996" eventType="mouse button"><attributes><index id="conditionType">1</index><text id="subjectAttribute">game.attributes.id576600</text></attributes><predicate type="number"><attributes><text id="operator">=</text><real id="RHS"><expression><reference keypath="game.attributes.id920347"/></expression></real></attributes></predicate></condition><condition id="id462961" eventType="touch"><attributes><index id="conditionType">0</index></attributes><predicate type="touch" conditionType="released"><attributes/></predicate></condition></conditions><behaviors><behavior id="id581099" class="PlaySoundAction"><attributes><text id="name">Play Sound</text><text id="bundleName">PlaySound.behavior</text><text id="soundName">Tap.ogg</text><boolean id="loop">false</boolean><boolean id="runToCompletion">true</boolean><boolean id="positional">false</boolean><boolean id="dopplerShift">false</boolean><real id="volume">1</real><real id="pitch">1</real></attributes></behavior><behavior id="id571117" class="TimerBehavior"><attributes><text id="name">Timer</text><text id="bundleName">Timer.behavior</text><index id="timerType">1</index><real id="interval">1</real><boolean id="runToCompletion">true</boolean></attributes><behaviors><behavior id="id809655" class="ChangeSceneAction"><attributes><text id="name">Change Scene</text><text id="bundleName">ChangeScene.behavior</text><text id="sceneKey">id307184</text><boolean id="preserveCurrentScene">false</boolean></attributes></behavior></behaviors></behavior></behaviors><elseBehaviors/></behavior></behaviors></behavior>
