<?xml version="1.0" encoding="UTF-8"?>
<behavior PGFVersion="0.16" id="id814568" class="CompoundBehavior" GSCVersion="0.9.0"><attributes><text id="name">Group</text><text id="bundleName">Group.behavior</text></attributes><behaviors><behavior id="id423834" class="ConstrainAttributeBehavior"><attributes><text id="name">Constrain Attribute</text><text id="bundleName">ConstrainAttribute.behavior</text><text id="targetAttribute">self.attributes.position.x</text><text id="RHS"><expression><reference keypath="game.devices.mouse.position.x"/><string>+((</string><reference keypath="game.attributes.id283166"/><string>-</string><reference keypath="game.devices.mouse.position.x"/><string>)*1.1)</string></expression></text></attributes></behavior><behavior id="id489889" class="ConstrainAttributeBehavior"><attributes><text id="name">Constrain Attribute</text><text id="bundleName">ConstrainAttribute.behavior</text><text id="targetAttribute">self.attributes.position.y</text><text id="RHS"><expression><reference keypath="game.devices.mouse.position.y"/><string>+((</string><reference keypath="game.attributes.id283166"/><string>-</string><reference keypath="game.devices.mouse.position.y"/><string>)*1.1)</string></expression></text></attributes></behavior></behaviors></behavior>
