<?xml version="1.0" encoding="UTF-8"?>
<behavior PGFVersion="0.16" id="id335466" class="ConstrainAttributeBehavior" GSCVersion="0.9.0"><attributes><text id="name">Constrain Attribute</text><text id="bundleName">ConstrainAttribute.behavior</text><text id="targetAttribute">self.attributes.rotation</text><text id="RHS"><expression><string>vectorToAngle(</string><reference keypath="game.attributes.id281038"/><string>-</string><reference keypath="game.devices.mouse.position.x"/><string>,</string><reference keypath="game.attributes.id812161"/><string>-</string><reference keypath="game.devices.mouse.position.y"/><string>)</string></expression></text></attributes></behavior>
