<?xml version="1.0" encoding="UTF-8"?><scene id="id269551" GSCVersion="0.9.5" PGFVersion="0.17"><layers><layer id="id112326"><actors><actor id="id589514" prototype="id622561"><attributes><point id="position"><real id="x">386</real><real id="y">514</real></point><size id="size"><real id="width">768</real><real id="height">1024</real></size></attributes><aspects/></actor><actor id="id812709" prototype="id172099"><attributes><point id="position"><real id="x">389</real><real id="y">511</real></point><size id="size"><real id="width">768</real><real id="height">1024</real></size></attributes><aspects/></actor><actor id="id788382" prototype="id823108"><attributes><point id="position"><real id="x">386</real><real id="y">513</real></point><size id="size"><real id="width">768</real><real id="height">1024</real></size></attributes><aspects/></actor><actor id="id658777" prototype="id497217"><attributes><point id="position"><real id="x">384</real><real id="y">93</real></point><size id="size"><real id="width">58</real><real id="height">162</real></size></attributes><aspects/></actor><actor id="id827893" prototype="id467524"><attributes><point id="position"><real id="x">185</real><real id="y">103</real></point><size id="size"><real id="width">283</real><real id="height">137</real></size></attributes><aspects/></actor><actor id="id531149" prototype="id619983"><attributes><point id="position"><real id="x">389</real><real id="y">519</real></point><size id="size"><real id="width">475</real><real id="height">580</real></size></attributes><aspects/><behaviors><behavior id="id892811" class="TimerBehavior" enabled="true"><attributes><text id="name">Timer</text><text id="bundleName">Timer.behavior</text><index id="timerType">1</index><real id="interval">1.5</real><boolean id="runToCompletion">true</boolean></attributes><behaviors><behavior id="id506991" class="AnimateBehavior" enabled="true"><attributes><text id="name">Animate</text><text id="bundleName">Animate.behavior</text><text id="images">gameplay - Picture - PNG Format_05	gameplay - Picture - PNG Format_06	gameplay - Picture - PNG Format_07	gameplay - Picture - PNG Format_08	gameplay - Picture - PNG Format_09	gameplay - Picture - PNG Format_10	gameplay - Picture - PNG Format_11	gameplay - Picture - PNG Format_12	gameplay - Picture - PNG Format_13	gameplay - Picture - PNG Format_14	gameplay - Picture - PNG Format_15	gameplay - Picture - PNG Format_16	gameplay - Picture - PNG Format_17	gameplay - Picture - PNG Format_18	gameplay - Picture - PNG Format_19	gameplay - Picture - PNG Format_20	gameplay - Picture - PNG Format_21	gameplay - Picture - PNG Format_22	gameplay - Picture - PNG Format_23	gameplay - Picture - PNG Format_24	gameplay - Picture - PNG Format_25	gameplay - Picture - PNG Format_26	gameplay - Picture - PNG Format_27	gameplay - Picture - PNG Format_28	gameplay - Picture - PNG Format_29	gameplay - Picture - PNG Format_30	gameplay - Picture - PNG Format_31	gameplay - Picture - PNG Format_32	gameplay - Picture - PNG Format_33	gameplay - Picture - PNG Format_34	gameplay - Picture - PNG Format_35	gameplay - Picture - PNG Format_36	gameplay - Picture - PNG Format_37	gameplay - Picture - PNG Format_38	gameplay - Picture - PNG Format_39	gameplay - Picture - PNG Format_40</text><index id="speed">4</index><boolean id="loop">true</boolean><boolean id="restoreActorImage">true</boolean></attributes></behavior></behaviors></behavior></behaviors></actor><actor id="id243335" prototype="id471082"><attributes><point id="position"><real id="x">389</real><real id="y">258</real></point><size id="size"><real id="width">456</real><real id="height">76</real></size><angle id="rotation">0</angle><color id="color"><real id="red">2</real><real id="alpha">0</real></color></attributes><aspects/><behaviors><behavior id="id703477" class="TimerBehavior" enabled="true"><attributes><text id="name">Timer</text><text id="bundleName">Timer.behavior</text><index id="timerType">1</index><real id="interval">2.5</real><boolean id="runToCompletion">true</boolean></attributes><behaviors><behavior id="id131840" class="ChangeAttributeAction" enabled="true"><attributes><text id="name">Change Attribute</text><text id="bundleName">ChangeAttribute.behavior</text><text id="targetAttribute">self.attributes.color.alpha</text><text id="RHS">1</text></attributes></behavior><behavior id="id786287" class="InterpolateBehavior" enabled="true"><attributes><text id="name">Interpolate</text><text id="bundleName">Interpolate.behavior</text><boolean id="runToCompletion">true</boolean><text id="targetAttribute">self.attributes.position.y</text><real id="finalValue">250</real><real id="duration">1</real><index id="easing">1</index></attributes></behavior></behaviors></behavior></behaviors></actor><actor id="id297477" prototype="id488205"><attributes><point id="position"><real id="x">206</real><real id="y">77</real></point><size id="size"><real id="width">82</real><real id="height">62</real></size></attributes><aspects/></actor></actors><attributes><text id="name">Background</text><boolean id="scrollable">false</boolean></attributes></layer><layer id="id449527"><actors><actor id="id551514" prototype="id353093"><attributes><point id="position"><real id="x">674</real><real id="y">76</real></point><size id="size"><real id="width">77</real><real id="height">68</real></size></attributes><aspects/></actor><actor id="id135653" prototype="id716861"><attributes><point id="position"><real id="x">-61</real><real id="y">1084</real></point><size id="size"><real id="width">103</real><real id="height">79</real></size></attributes><aspects/></actor></actors><attributes><text id="name">GameCenter</text><boolean id="scrollable">false</boolean></attributes></layer></layers><attributes><text id="name">menu</text><real id="time">0</real><size id="size"><real id="width">768</real><real id="height">1024</real></size><boolean id="wrapX">false</boolean><boolean id="wrapY">false</boolean><point id="gravity"><real id="x">0</real><real id="y">0</real></point><color id="color"><real id="red">0</real><real id="green">0</real><real id="blue">0</real><real id="alpha">1</real></color><rect id="camera"><point id="origin"><real id="x">0</real><real id="y">0</real></point><size id="size"><real id="width">768</real><real id="height">1024</real></size><size id="trackingArea"><real id="width">576</real><real id="height">853</real></size><real id="rotation">0</real></rect><attributes id="autorotate"><boolean id="landscapeLeft">false</boolean><boolean id="landscapeRight">false</boolean><boolean id="portrait">true</boolean><boolean id="portraitUpsideDown">false</boolean></attributes></attributes></scene>