<?xml version="1.0" encoding="UTF-8"?><scene id="id598169" GSCVersion="0.9.5" PGFVersion="0.17"><layers><layer id="id220230"><actors><actor id="id318032" prototype="id139918"><attributes><point id="position"><real id="x">383</real><real id="y">510</real></point></attributes><aspects/></actor><actor id="id157475" prototype="id983940"><attributes><point id="position"><real id="x">386</real><real id="y">977</real></point><size id="size"><real id="width">768</real><real id="height">100</real></size></attributes><aspects/></actor></actors><attributes><text id="name">background</text><boolean id="scrollable">true</boolean></attributes></layer><layer id="id519085"><actors><actor id="id272666" prototype="id908033"><attributes><point id="position"><real id="x">-56</real><real id="y">1082</real></point><size id="size"><real id="width">110</real><real id="height">94</real></size><color id="color"><real id="red">0</real><real id="green">2</real><real id="blue">0</real><real id="alpha">1</real></color></attributes><aspects/></actor></actors><attributes><text id="name">stars</text><boolean id="scrollable">true</boolean></attributes></layer><layer id="id773677"><actors><actor id="id541609" prototype="id378184"><attributes><point id="position"><real id="x">385</real><real id="y">149</real></point><size id="size"><real id="width">768</real><real id="height">81</real></size></attributes><aspects/></actor><actor id="id402362" prototype="id253225"><attributes><point id="position"><real id="x">388</real><real id="y">209</real></point><size id="size"><real id="width">91</real><real id="height">81</real></size><angle id="rotation">0</angle></attributes><aspects/></actor><actor id="id598995" prototype="id746763"><attributes><point id="position"><real id="x">-53</real><real id="y">459</real></point><size id="size"><real id="width">103</real><real id="height">922</real></size></attributes><aspects/></actor><actor id="id418571" prototype="id746763"><attributes><point id="position"><real id="x">806</real><real id="y">512</real></point><size id="size"><real id="width">103</real><real id="height">1028</real></size></attributes><aspects/></actor><actor id="id201879" prototype="id746763"><attributes><point id="position"><real id="x">382</real><real id="y">-44</real></point><size id="size"><real id="width">982</real><real id="height">96</real></size></attributes><aspects/></actor><actor id="id548700" prototype="id273191"><attributes><point id="position"><real id="x">222</real><real id="y">992</real></point><size id="size"><real id="width">29</real><real id="height">30</real></size><integer name="Div" id="id410046">1e+06</integer></attributes><aspects/></actor><actor id="id546608" prototype="id273191"><attributes><point id="position"><real id="x">256</real><real id="y">992</real></point><size id="size"><real id="width">29</real><real id="height">30</real></size><integer name="Div" id="id410046">100000</integer></attributes><aspects/></actor><actor id="id711558" prototype="id273191"><attributes><point id="position"><real id="x">289</real><real id="y">992</real></point><size id="size"><real id="width">29</real><real id="height">30</real></size><integer name="Div" id="id410046">10000</integer></attributes><aspects/></actor><actor id="id883329" prototype="id273191"><attributes><point id="position"><real id="x">332</real><real id="y">992</real></point><size id="size"><real id="width">29</real><real id="height">30</real></size><integer name="Div" id="id410046">1000</integer></attributes><aspects/></actor><actor id="id269828" prototype="id273191"><attributes><point id="position"><real id="x">366</real><real id="y">992</real></point><size id="size"><real id="width">29</real><real id="height">30</real></size><integer name="Div" id="id410046">100</integer></attributes><aspects/></actor><actor id="id188476" prototype="id273191"><attributes><point id="position"><real id="x">400</real><real id="y">992</real></point><size id="size"><real id="width">29</real><real id="height">30</real></size></attributes><aspects/></actor><actor id="id249645" prototype="id273191"><attributes><point id="position"><real id="x">222</real><real id="y">951</real></point><size id="size"><real id="width">29</real><real id="height">30</real></size></attributes><aspects/><behaviors><behavior id="id393526" class="TimerBehavior" enabled="true"><attributes><text id="name">Timer</text><text id="bundleName">Timer.behavior</text><index id="timerType">0</index><real id="interval">1</real><boolean id="runToCompletion">true</boolean></attributes><behaviors><behavior id="id503564" class="ChangeAttributeAction" enabled="true"><attributes><text id="name">Change Attribute</text><text id="bundleName">ChangeAttribute.behavior</text><text id="targetAttribute">self.attributes.image</text><text id="RHS"><expression><string>floor((</string><reference keypath="game.attributes.id352185"/><string>%</string><reference keypath="self.attributes.id410046"/><string>)/(</string><reference keypath="self.attributes.id410046"/><string>/10))..".png"</string></expression></text></attributes></behavior></behaviors></behavior></behaviors></actor><actor id="id482699" prototype="id489648"><attributes><point id="position"><real id="x">650</real><real id="y">975</real></point><size id="size"><real id="width">65</real><real id="height">58</real></size></attributes><aspects/></actor><actor id="id557811" prototype="id997208"><attributes><point id="position"><real id="x">396</real><real id="y">71</real></point></attributes><aspects/></actor><actor id="id426522" prototype="id958031"><attributes><point id="position"><real id="x">132</real><real id="y">993</real></point><size id="size"><real id="width">130</real><real id="height">26</real></size></attributes><aspects/></actor><actor id="id716591" prototype="id333515"><attributes><point id="position"><real id="x">132</real><real id="y">950</real></point><size id="size"><real id="width">130</real><real id="height">26</real></size></attributes><aspects/></actor><actor id="id579104" prototype="id123458"><attributes><point id="position"><real id="x">571</real><real id="y">67</real></point></attributes><aspects/></actor><actor id="id876889" prototype="id144484"><attributes><point id="position"><real id="x">382</real><real id="y">619</real></point><size id="size"><real id="width">1164</real><real id="height">273</real></size></attributes><aspects/></actor><actor id="id408454" prototype="id272195"><attributes><point id="position"><real id="x">388</real><real id="y">510</real></point><size id="size"><real id="width">768</real><real id="height">1024</real></size></attributes><aspects/></actor><actor id="id612582" prototype="id189991"><attributes><point id="position"><real id="x">187</real><real id="y">67</real></point></attributes><aspects/></actor></actors><attributes><text id="name">hud</text><boolean id="scrollable">true</boolean></attributes></layer></layers><attributes><text id="name">gameplay</text><real id="time">0</real><size id="size"><real id="width">768</real><real id="height">1024</real></size><boolean id="wrapX">false</boolean><boolean id="wrapY">false</boolean><point id="gravity"><real id="x">0</real><real id="y">0</real></point><color id="color"><real id="red">0</real><real id="green">0</real><real id="blue">0</real><real id="alpha">1</real></color><rect id="camera"><point id="origin"><real id="x">0</real><real id="y">0</real></point><size id="size"><real id="width">768</real><real id="height">1024</real></size><size id="trackingArea"><real id="width">576</real><real id="height">853</real></size><real id="rotation">0</real></rect><attributes id="autorotate"><boolean id="landscapeLeft">false</boolean><boolean id="landscapeRight">false</boolean><boolean id="portrait">true</boolean><boolean id="portraitUpsideDown">true</boolean></attributes></attributes></scene>