<?xml version="1.0" encoding="UTF-8"?><scene id="id905709" GSCVersion="0.9.5" PGFVersion="0.17"><layers><layer id="id992497"><actors><actor id="id134969" prototype="id267078"><attributes><point id="position"><real id="x">383</real><real id="y">510</real></point><size id="size"><real id="width">768</real><real id="height">1024</real></size></attributes><aspects/></actor></actors><attributes><text id="name">Background</text><boolean id="scrollable">true</boolean></attributes></layer></layers><attributes><text id="name">pause</text><real id="time">0</real><size id="size"><real id="width">768</real><real id="height">1024</real></size><boolean id="wrapX">false</boolean><boolean id="wrapY">false</boolean><point id="gravity"><real id="x">0</real><real id="y">0</real></point><color id="color"><real id="red">0</real><real id="green">0</real><real id="blue">0</real><real id="alpha">1</real></color><rect id="camera"><point id="origin"><real id="x">0</real><real id="y">0</real></point><size id="size"><real id="width">768</real><real id="height">1024</real></size><size id="trackingArea"><real id="width">576</real><real id="height">853</real></size><real id="rotation">0</real></rect><attributes id="autorotate"><boolean id="landscapeLeft">false</boolean><boolean id="landscapeRight">false</boolean><boolean id="portrait">true</boolean><boolean id="portraitUpsideDown">true</boolean></attributes></attributes></scene>