<?xml version="1.0" encoding="UTF-8"?><scene id="id426986" GSCVersion="0.9.5" PGFVersion="0.17"><layers><layer id="id112326"><actors><actor id="id589514" prototype="id622561"><attributes><point id="position"><real id="x">386</real><real id="y">514</real></point><size id="size"><real id="width">768</real><real id="height">1024</real></size></attributes><aspects/></actor><actor id="id812709" prototype="id172099"><attributes><point id="position"><real id="x">389</real><real id="y">511</real></point><size id="size"><real id="width">768</real><real id="height">1024</real></size></attributes><aspects/></actor><actor id="id658777" prototype="id497217"><attributes><point id="position"><real id="x">384</real><real id="y">93</real></point><size id="size"><real id="width">58</real><real id="height">162</real></size></attributes><aspects/></actor><actor id="id888801" prototype="id273191"><attributes><point id="position"><real id="x">290</real><real id="y">630</real></point><size id="size"><real id="width">29</real><real id="height">30</real></size><integer name="Div" id="id410046">1e+06</integer></attributes><aspects/></actor><actor id="id897350" prototype="id823108"><attributes><point id="position"><real id="x">386</real><real id="y">511</real></point><size id="size"><real id="width">768</real><real id="height">1024</real></size></attributes><aspects/></actor><actor id="id170792" prototype="id467524"><attributes><point id="position"><real id="x">185</real><real id="y">103</real></point><size id="size"><real id="width">283</real><real id="height">137</real></size></attributes><aspects/></actor><actor id="id721397" prototype="id353093"><attributes><point id="position"><real id="x">674</real><real id="y">76</real></point><size id="size"><real id="width">77</real><real id="height">68</real></size></attributes><aspects/></actor><actor id="id146533" prototype="id488205"><attributes><point id="position"><real id="x">208</real><real id="y">77</real></point><size id="size"><real id="width">79</real><real id="height">62</real></size></attributes><aspects/></actor></actors><attributes><text id="name">Background</text><boolean id="scrollable">false</boolean></attributes></layer><layer id="id449527"><actors><actor id="id389424" prototype="id958031"><attributes><point id="position"><real id="x">389</real><real id="y">686</real></point><size id="size"><real id="width">130</real><real id="height">26</real></size></attributes><aspects/></actor><actor id="id166851" prototype="id273191"><attributes><point id="position"><real id="x">329</real><real id="y">630</real></point><size id="size"><real id="width">29</real><real id="height">30</real></size><integer name="Div" id="id410046">100000</integer></attributes><aspects/></actor><actor id="id504791" prototype="id273191"><attributes><point id="position"><real id="x">367</real><real id="y">630</real></point><size id="size"><real id="width">29</real><real id="height">30</real></size><integer name="Div" id="id410046">10000</integer></attributes><aspects/></actor><actor id="id177055" prototype="id273191"><attributes><point id="position"><real id="x">415</real><real id="y">630</real></point><size id="size"><real id="width">29</real><real id="height">30</real></size><integer name="Div" id="id410046">1000</integer></attributes><aspects/></actor><actor id="id403485" prototype="id273191"><attributes><point id="position"><real id="x">454</real><real id="y">630</real></point><size id="size"><real id="width">29</real><real id="height">30</real></size><integer name="Div" id="id410046">100</integer></attributes><aspects/></actor><actor id="id854696" prototype="id273191"><attributes><point id="position"><real id="x">490</real><real id="y">630</real></point><size id="size"><real id="width">29</real><real id="height">30</real></size></attributes><aspects/></actor></actors><attributes><text id="name">GameCenter</text><boolean id="scrollable">false</boolean></attributes></layer></layers><attributes><text id="name">GameCenter</text><real id="time">0</real><size id="size"><real id="width">768</real><real id="height">1024</real></size><boolean id="wrapX">false</boolean><boolean id="wrapY">false</boolean><point id="gravity"><real id="x">0</real><real id="y">0</real></point><color id="color"><real id="red">0</real><real id="green">0</real><real id="blue">0</real><real id="alpha">1</real></color><rect id="camera"><point id="origin"><real id="x">0</real><real id="y">0</real></point><size id="size"><real id="width">768</real><real id="height">1024</real></size><size id="trackingArea"><real id="width">576</real><real id="height">853</real></size><real id="rotation">0</real></rect><attributes id="autorotate"><boolean id="landscapeLeft">false</boolean><boolean id="landscapeRight">false</boolean><boolean id="portrait">true</boolean><boolean id="portraitUpsideDown">false</boolean></attributes></attributes></scene>