<?xml version="1.0" encoding="UTF-8"?>
<actor PGFVersion="0.16" id="id225745" GSCVersion="0.9.0"><attributes><text id="name">Sound OnOff?</text><real id="time">0</real><point id="position"><real id="x">0</real><real id="y">0</real></point><size id="size"><real id="width">100</real><real id="height">100</real></size><angle id="rotation">0</angle><color id="color"><real id="red">1</real><real id="green">1</real><real id="blue">1</real><real id="alpha">1</real></color><text id="image"></text><text id="tags"></text></attributes><behaviors><behavior id="id433686" class="DisplayTextBehavior"><attributes><text id="name">Display Text</text><text id="bundleName">DisplayText.behavior</text><text id="text">Sound</text><text id="font">Arial</text><real id="size">30</real><index id="alignment">1</index><color id="color"><real id="red">1</real><real id="green">0.4</real><real id="blue">0.4</real><real id="alpha">1</real></color></attributes></behavior><behavior id="id559782" class="RuleBehavior"><attributes><text id="name">Rule</text><text id="bundleName">Rule.behavior</text><real id="compoundConditionKind">0</real></attributes><conditions><condition id="id462608" eventType="mouse button"><attributes><index id="conditionType">1</index><text id="subjectAttribute">game.attributes.id271467</text></attributes><predicate type="number"><attributes><text id="operator">=</text><real id="RHS">1</real></attributes></predicate></condition></conditions><behaviors><behavior id="id200002" class="PlayMusicAction"><attributes><text id="name">Play Music</text><text id="bundleName">PlayMusic.behavior</text><text id="musicName"></text><boolean id="loop">true</boolean></attributes></behavior></behaviors><elseBehaviors/></behavior><behavior id="id207878" class="RuleBehavior"><attributes><text id="name">Rule</text><text id="bundleName">Rule.behavior</text><real id="compoundConditionKind">0</real></attributes><conditions><condition id="id542536" eventType="mouse button"><attributes><index id="conditionType">1</index><text id="subjectAttribute">game.attributes.id271467</text></attributes><predicate type="number"><attributes><text id="operator">=</text><real id="RHS">0</real></attributes></predicate></condition></conditions><behaviors><behavior id="id614926" class="StopMusicAction"><attributes><text id="name">Stop Music</text><text id="bundleName">StopMusic.behavior</text></attributes></behavior></behaviors><elseBehaviors/></behavior></behaviors><aspects><graphics><attributes><boolean id="visible">true</boolean><enumeration id="blendingMode">0</enumeration><enumeration id="horizontalWrap">0</enumeration><enumeration id="verticalWrap">0</enumeration></attributes></graphics><motion><attributes><point id="linearVelocity"><real id="x">0</real><real id="y">0</real></point><real id="angularVelocity">0</real><real id="maxSpeed">0</real><boolean id="applyMaxSpeed">false</boolean></attributes></motion><physics><attributes><real id="density">1</real><real id="friction">3</real><real id="restitution">1</real><boolean id="fixedRotation">false</boolean><boolean id="movable">true</boolean><enumeration id="collisionShape">0</enumeration><real id="drag">0</real><real id="angularDrag">0</real></attributes></physics></aspects></actor>
