<?xml version="1.0" encoding="UTF-8"?>
<actor PGFVersion="0.16" id="id277687" GSCVersion="0.9.0"><attributes><text id="name">Go Back main men.</text><real id="time">0</real><point id="position"><real id="x">0</real><real id="y">0</real></point><size id="size"><real id="width">67</real><real id="height">31</real></size><angle id="rotation">0</angle><color id="color"><real id="red">0</real><real id="green">0.501961</real><real id="blue">1</real><real id="alpha">0</real></color><text id="image"></text><text id="tags"></text></attributes><behaviors><behavior id="id311689" class="DisplayTextBehavior"><attributes><text id="name">Display Text</text><text id="bundleName">DisplayText.behavior</text><text id="text">Main Menu</text><text id="font">Times New Roman</text><real id="size">15</real><index id="alignment">1</index><color id="color"><real id="red">0</real><real id="green">0</real><real id="blue">0</real><real id="alpha">1</real></color></attributes></behavior><behavior id="id264764" class="RuleBehavior"><attributes><text id="name">Rule</text><text id="bundleName">Rule.behavior</text><real id="compoundConditionKind">0</real></attributes><conditions><condition id="id257230" eventType="touch"><attributes><index id="conditionType">0</index></attributes><predicate type="touch" conditionType="inside"><attributes/></predicate></condition></conditions><behaviors><behavior id="id727226" class="ResetGameAction"><attributes><text id="name">Reset Game</text><text id="bundleName">ResetGame.behavior</text></attributes></behavior></behaviors><elseBehaviors/></behavior></behaviors><aspects><graphics><attributes><boolean id="visible">true</boolean><enumeration id="blendingMode">0</enumeration><enumeration id="horizontalWrap">0</enumeration><enumeration id="verticalWrap">0</enumeration></attributes></graphics><motion><attributes><point id="linearVelocity"><real id="x">0</real><real id="y">0</real></point><real id="angularVelocity">0</real><real id="maxSpeed">0</real><boolean id="applyMaxSpeed">false</boolean></attributes></motion><physics><attributes><real id="density">1</real><real id="friction">3</real><real id="restitution">1</real><boolean id="fixedRotation">false</boolean><boolean id="movable">true</boolean><enumeration id="collisionShape">0</enumeration><real id="drag">0</real><real id="angularDrag">0</real></attributes></physics></aspects></actor>
