<?xml version="1.0" encoding="UTF-8"?>
<actor PGFVersion="0.16" id="id641989" GSCVersion="0.9.0"><attributes><text id="name">Player copy</text><real id="time">0</real><point id="position"><real id="x">0</real><real id="y">0</real></point><size id="size"><real id="width">800</real><real id="height">800</real></size><angle id="rotation">0</angle><color id="color"><real id="red">1</real><real id="green">0</real><real id="blue">0</real><real id="alpha">1</real></color><text id="image">Anonymous_rooster.png</text><text id="tags"></text></attributes><behaviors><behavior id="id832567" class="AccelerateBehavior"><attributes><text id="name">Gravity</text><text id="bundleName">Accelerate.behavior</text><angle id="direction">270</angle><index id="space">0</index><real id="acceleration">1200</real></attributes></behavior><behavior id="id833928" class="RuleBehavior"><attributes><text id="name">Reset Rule</text><text id="bundleName">Rule.behavior</text><real id="compoundConditionKind">0</real></attributes><conditions><condition id="id903601" eventType="overlaps or collides"><attributes><index id="conditionType">0</index></attributes><predicate type="collision"><attributes><text id="prototypeKey">id253136</text><text id="actorTag"></text><real id="mode">0</real></attributes></predicate></condition></conditions><behaviors><behavior id="id122446" class="ChangeSceneAction"><attributes><text id="name">Change Scene</text><text id="bundleName">ChangeScene.behavior</text><text id="sceneKey">id134005</text><boolean id="preserveCurrentScene">false</boolean></attributes></behavior></behaviors><elseBehaviors/></behavior></behaviors><aspects><graphics><attributes><boolean id="visible">true</boolean><enumeration id="blendingMode">0</enumeration><enumeration id="horizontalWrap">0</enumeration><enumeration id="verticalWrap">0</enumeration></attributes></graphics><motion><attributes><point id="linearVelocity"><real id="x">0</real><real id="y">0</real></point><real id="angularVelocity">0</real><real id="maxSpeed">0</real><boolean id="applyMaxSpeed">false</boolean></attributes></motion><physics><attributes><real id="density">1</real><real id="friction">3</real><real id="restitution">1</real><boolean id="fixedRotation">false</boolean><boolean id="movable">true</boolean><enumeration id="collisionShape">0</enumeration><real id="drag">0</real><real id="angularDrag">0</real></attributes></physics></aspects></actor>
