<?xml version="1.0" encoding="UTF-8"?>
<actor PGFVersion="0.16" id="id226217" GSCVersion="0.9.0"><attributes><text id="name">TouchHereLev3on</text><real id="time">0</real><point id="position"><real id="x">0</real><real id="y">0</real></point><size id="size"><real id="width">173</real><real id="height">87</real></size><angle id="rotation">0</angle><color id="color"><real id="red">1</real><real id="green">1</real><real id="blue">1</real><real id="alpha">1</real></color><text id="image">cooltext457958295.png</text><text id="tags"></text><boolean name="FadeIn" id="id411786">false</boolean></attributes><behaviors><behavior id="id501139" class="RuleBehavior"><attributes><text id="name">Rule</text><text id="bundleName">Rule.behavior</text><real id="compoundConditionKind">0</real></attributes><conditions><condition id="id138150" eventType="touch"><attributes><index id="conditionType">0</index></attributes><predicate type="touch" conditionType="pressed"><attributes/></predicate></condition></conditions><behaviors><behavior id="id152482" class="PlaySoundAction"><attributes><text id="name">Play Sound</text><text id="bundleName">PlaySound.behavior</text><text id="soundName">click2.ogg</text><boolean id="loop">false</boolean><boolean id="runToCompletion">true</boolean><boolean id="positional">false</boolean><boolean id="dopplerShift">false</boolean><real id="volume">1</real><real id="pitch">1</real></attributes></behavior><behavior id="id176238" class="ChangeSceneAction"><attributes><text id="name">Change Scene</text><text id="bundleName">ChangeScene.behavior</text><text id="sceneKey">id312888</text><boolean id="preserveCurrentScene">false</boolean></attributes></behavior></behaviors><elseBehaviors/></behavior><behavior id="id102749" class="RuleBehavior"><attributes><text id="name">Rule</text><text id="bundleName">Rule.behavior</text><real id="compoundConditionKind">0</real></attributes><conditions><condition id="id745374" eventType="mouse button"><attributes><index id="conditionType">1</index><text id="subjectAttribute">self.attributes.id411786</text></attributes><predicate type="boolean"><attributes><index id="RHS">0</index></attributes></predicate></condition></conditions><behaviors><behavior id="id496467" class="InterpolateBehavior"><attributes><text id="name">Interpolate</text><text id="bundleName">Interpolate.behavior</text><boolean id="runToCompletion">true</boolean><text id="targetAttribute">self.attributes.color.alpha</text><real id="finalValue">0</real><real id="duration">1</real><index id="easing">0</index></attributes></behavior></behaviors><elseBehaviors/></behavior><behavior id="id482877" class="RuleBehavior"><attributes><text id="name">Rule</text><text id="bundleName">Rule.behavior</text><real id="compoundConditionKind">0</real></attributes><conditions><condition id="id833413" eventType="mouse button"><attributes><index id="conditionType">1</index><text id="subjectAttribute">self.attributes.color.alpha</text></attributes><predicate type="number"><attributes><text id="operator">=</text><real id="RHS">0</real></attributes></predicate></condition></conditions><behaviors><behavior id="id895078" class="ChangeAttributeAction"><attributes><text id="name">Change Attribute</text><text id="bundleName">ChangeAttribute.behavior</text><text id="targetAttribute">self.attributes.id411786</text><text id="RHS"><expression><string>true</string></expression></text></attributes></behavior></behaviors><elseBehaviors/></behavior><behavior id="id129249" class="RuleBehavior"><attributes><text id="name">Rule</text><text id="bundleName">Rule.behavior</text><real id="compoundConditionKind">0</real></attributes><conditions><condition id="id833413" eventType="mouse button"><attributes><index id="conditionType">1</index><text id="subjectAttribute">self.attributes.color.alpha</text></attributes><predicate type="number"><attributes><text id="operator">=</text><real id="RHS">1</real></attributes></predicate></condition></conditions><behaviors><behavior id="id895078" class="ChangeAttributeAction"><attributes><text id="name">Change Attribute</text><text id="bundleName">ChangeAttribute.behavior</text><text id="targetAttribute">self.attributes.id411786</text><text id="RHS"><expression><string>false</string></expression></text></attributes></behavior></behaviors><elseBehaviors/></behavior><behavior id="id692115" class="RuleBehavior"><attributes><text id="name">Rule</text><text id="bundleName">Rule.behavior</text><real id="compoundConditionKind">0</real></attributes><conditions><condition id="id745374" eventType="mouse button"><attributes><index id="conditionType">1</index><text id="subjectAttribute">self.attributes.id411786</text></attributes><predicate type="boolean"><attributes><index id="RHS">1</index></attributes></predicate></condition></conditions><behaviors><behavior id="id496467" class="InterpolateBehavior"><attributes><text id="name">Interpolate</text><text id="bundleName">Interpolate.behavior</text><boolean id="runToCompletion">true</boolean><text id="targetAttribute">self.attributes.color.alpha</text><real id="finalValue">1</real><real id="duration">1</real><index id="easing">0</index></attributes></behavior></behaviors><elseBehaviors/></behavior></behaviors><aspects><graphics><attributes><boolean id="visible">true</boolean><enumeration id="blendingMode">0</enumeration><enumeration id="horizontalWrap">0</enumeration><enumeration id="verticalWrap">0</enumeration></attributes></graphics><motion><attributes><point id="linearVelocity"><real id="x">0</real><real id="y">0</real></point><real id="angularVelocity">0</real><real id="maxSpeed">0</real><boolean id="applyMaxSpeed">false</boolean></attributes></motion><physics><attributes><real id="density">1</real><real id="friction">3</real><real id="restitution">1</real><boolean id="fixedRotation">false</boolean><boolean id="movable">true</boolean><enumeration id="collisionShape">0</enumeration><real id="drag">0</real><real id="angularDrag">0</real></attributes></physics></aspects></actor>
