<?xml version="1.0" encoding="UTF-8"?>
<actor PGFVersion="0.16" id="id849118" GSCVersion="0.9.0"><attributes><text id="name">Electric Rods</text><real id="time">0</real><point id="position"><real id="x">0</real><real id="y">0</real></point><size id="size"><real id="width">295</real><real id="height">420</real></size><angle id="rotation">0</angle><color id="color"><real id="red">1</real><real id="green">1</real><real id="blue">1</real><real id="alpha">1</real></color><text id="image">electric_rods.png</text><text id="tags"></text></attributes><behaviors><behavior id="id484746" class="PlaySoundAction"><attributes><text id="name">Play Sound</text><text id="bundleName">PlaySound.behavior</text><text id="soundName">Electric Shock Zap.ogg</text><boolean id="loop">true</boolean><boolean id="runToCompletion">true</boolean><boolean id="positional">true</boolean><boolean id="dopplerShift">false</boolean><real id="volume">0.391566</real><real id="pitch">1</real></attributes></behavior><behavior id="id147373" class="AnimateBehavior"><attributes><text id="name">Animate</text><text id="bundleName">Animate.behavior</text><text id="images">electric_rods4.png	electric_rods.png	electric_rods1.png	electric_rods4.png	electric_rods2.png	electric_rods4.png	electric_rods3.png	electric_rods1.png	electric_rods3.png	electric_rods4.png	electric_rods.png	electric_rods2.png</text><index id="speed">12</index><boolean id="loop">true</boolean><boolean id="restoreActorImage">true</boolean></attributes></behavior><behavior id="id914572" class="RuleBehavior"><attributes><text id="name">Rule</text><text id="bundleName">Rule.behavior</text><real id="compoundConditionKind">1</real></attributes><conditions><condition id="id575136" eventType="overlaps or collides"><attributes><index id="conditionType">0</index></attributes><predicate type="collision"><attributes><text id="prototypeKey">id253136</text><text id="actorTag">GroundActor</text><real id="mode">0</real></attributes></predicate></condition></conditions><behaviors><behavior id="id712327" class="DestroyAction"><attributes><text id="name">Destroy</text><text id="bundleName">Destroy.behavior</text></attributes></behavior></behaviors><elseBehaviors/></behavior></behaviors><aspects><graphics><attributes><boolean id="visible">true</boolean><enumeration id="blendingMode">0</enumeration><enumeration id="horizontalWrap">0</enumeration><enumeration id="verticalWrap">0</enumeration></attributes></graphics><motion><attributes><point id="linearVelocity"><real id="x">0</real><real id="y">0</real></point><real id="angularVelocity">0</real><real id="maxSpeed">0</real><boolean id="applyMaxSpeed">false</boolean></attributes></motion><physics><attributes><real id="density">1</real><real id="friction">3</real><real id="restitution">1</real><boolean id="fixedRotation">false</boolean><boolean id="movable">true</boolean><enumeration id="collisionShape">0</enumeration><real id="drag">0</real><real id="angularDrag">0</real></attributes></physics></aspects></actor>
