<?xml version="1.0" encoding="UTF-8"?>
<scene id="id353096" GSCVersion="0.9.0" PGFVersion="0.16"><layers><layer id="id112326"><actors><actor id="id863819" prototype="id783629"><attributes><point id="position"><real id="x">513.5</real><real id="y">382.5</real></point><size id="size"><real id="width">1031</real><real id="height">771</real></size><text id="image">start screen.png</text></attributes><aspects/><behaviors><behavior id="id162063" class="PlaySoundAction"><attributes><text id="name">Play Sound</text><text id="bundleName">PlaySound.behavior</text><text id="soundName">farm background.ogg</text><boolean id="loop">true</boolean><boolean id="runToCompletion">true</boolean><boolean id="positional">false</boolean><boolean id="dopplerShift">false</boolean><real id="volume">0.680723</real><real id="pitch">1</real></attributes></behavior></behaviors></actor><actor id="id127916" prototype="id630880"><attributes><point id="position"><real id="x">237.227</real><real id="y">293.752</real></point><size id="size"><real id="width">224.722</real><real id="height">69.3817</real></size><angle id="rotation">7.38604</angle></attributes><aspects><graphics><attributes><boolean id="visible">false</boolean></attributes></graphics></aspects><behaviors><behavior id="id197205" class="RuleBehavior"><attributes><text id="name">Rule</text><text id="bundleName">Rule.behavior</text><real id="compoundConditionKind">0</real></attributes><conditions><condition id="id385208" eventType="touch"><attributes><index id="conditionType">0</index></attributes><predicate type="touch" conditionType="pressed"><attributes/></predicate></condition></conditions><behaviors><behavior id="id334244" class="ChangeSceneAction"><attributes><text id="name">Change Scene</text><text id="bundleName">ChangeScene.behavior</text><text id="sceneKey">id134005</text><boolean id="preserveCurrentScene">false</boolean></attributes></behavior><behavior id="id631995" class="PlaySoundAction"><attributes><text id="name">Play Sound</text><text id="bundleName">PlaySound.behavior</text><text id="soundName">click2.ogg</text><boolean id="loop">false</boolean><boolean id="runToCompletion">true</boolean><boolean id="positional">false</boolean><boolean id="dopplerShift">false</boolean><real id="volume">1</real><real id="pitch">1</real></attributes></behavior></behaviors><elseBehaviors/></behavior><behavior id="id538401" class="PlayMusicAction"><attributes><text id="name">Play Music</text><text id="bundleName">PlayMusic.behavior</text><text id="musicName">Farm Showdown!.m4a</text><boolean id="loop">true</boolean></attributes></behavior><behavior id="id633176" class="RuleBehavior"><attributes><text id="name">Rule</text><text id="bundleName">Rule.behavior</text><real id="compoundConditionKind">0</real></attributes><conditions><condition id="id368152" eventType="mouse button"><attributes><index id="conditionType">1</index><text id="subjectAttribute">game.attributes.id271467</text></attributes><predicate type="number"><attributes><text id="operator">=</text><real id="RHS">0</real></attributes></predicate></condition></conditions><behaviors><behavior id="id792117" class="PauseMusicAction"><attributes><text id="name">Pause Music</text><text id="bundleName">PauseMusic.behavior</text></attributes></behavior></behaviors><elseBehaviors><behavior id="id916588" class="PlayMusicAction"><attributes><text id="name">Play Music</text><text id="bundleName">PlayMusic.behavior</text><text id="musicName"></text><boolean id="loop">false</boolean></attributes></behavior></elseBehaviors></behavior></behaviors></actor><actor id="id928680" prototype="id630880"><attributes><point id="position"><real id="x">261.074</real><real id="y">139.027</real></point><size id="size"><real id="width">359.631</real><real id="height">91.0819</real></size><angle id="rotation">10.4375</angle><text id="image">cooltext456915497.png</text></attributes><aspects><graphics><attributes><boolean id="visible">false</boolean></attributes></graphics></aspects><behaviors><behavior id="id197205" class="RuleBehavior"><attributes><text id="name">Rule</text><text id="bundleName">Rule.behavior</text><real id="compoundConditionKind">0</real></attributes><conditions><condition id="id385208" eventType="touch"><attributes><index id="conditionType">0</index></attributes><predicate type="touch" conditionType="pressed"><attributes/></predicate></condition></conditions><behaviors><behavior id="id334244" class="ChangeSceneAction"><attributes><text id="name">Change Scene</text><text id="bundleName">ChangeScene.behavior</text><text id="sceneKey">id856318</text><boolean id="preserveCurrentScene">false</boolean></attributes></behavior><behavior id="id751367" class="PlaySoundAction"><attributes><text id="name">Play Sound</text><text id="bundleName">PlaySound.behavior</text><text id="soundName">click2.ogg</text><boolean id="loop">false</boolean><boolean id="runToCompletion">true</boolean><boolean id="positional">false</boolean><boolean id="dopplerShift">false</boolean><real id="volume">1</real><real id="pitch">1</real></attributes></behavior></behaviors><elseBehaviors/></behavior></behaviors></actor><actor id="id236328" prototype="id920507"><attributes><point id="position"><real id="x">-59.5</real><real id="y">710.5</real></point><size id="size"><real id="width">203</real><real id="height">72</real></size></attributes><aspects/><behaviors><behavior id="id831787" class="MoveToBehavior"><attributes><text id="name">Move To</text><text id="bundleName">MoveTo.behavior</text><boolean id="runToCompletion">false</boolean><point id="position"><real id="x">195</real><real id="y">680</real></point><index id="space">1</index><real id="speed">20</real></attributes></behavior></behaviors></actor><actor id="id737888" prototype="id863219"><attributes><point id="position"><real id="x">247.589</real><real id="y">214.872</real></point><size id="size"><real id="width">259.421</real><real id="height">77.2482</real></size><angle id="rotation">10.4375</angle></attributes><aspects><graphics><attributes><boolean id="visible">false</boolean></attributes></graphics></aspects><behaviors><behavior id="id900837" class="RuleBehavior"><attributes><text id="name">Rule</text><text id="bundleName">Rule.behavior</text><real id="compoundConditionKind">0</real></attributes><conditions><condition id="id289504" eventType="touch"><attributes><index id="conditionType">0</index></attributes><predicate type="touch" conditionType="pressed"><attributes/></predicate></condition></conditions><behaviors><behavior id="id270018" class="ChangeSceneAction"><attributes><text id="name">Change Scene</text><text id="bundleName">ChangeScene.behavior</text><text id="sceneKey">id763621</text><boolean id="preserveCurrentScene">false</boolean></attributes></behavior><behavior id="id553045" class="PlaySoundAction"><attributes><text id="name">Play Sound</text><text id="bundleName">PlaySound.behavior</text><text id="soundName">click2.ogg</text><boolean id="loop">false</boolean><boolean id="runToCompletion">true</boolean><boolean id="positional">false</boolean><boolean id="dopplerShift">false</boolean><real id="volume">1</real><real id="pitch">1</real></attributes></behavior></behaviors><elseBehaviors/></behavior></behaviors></actor><actor id="id307608" prototype="id605870"><attributes><point id="position"><real id="x">1102</real><real id="y">740</real></point><size id="size"><real id="width">144</real><real id="height">66</real></size></attributes><aspects/></actor><actor id="id765451" prototype="id870873"><attributes><point id="position"><real id="x">1140</real><real id="y">635</real></point><size id="size"><real id="width">221</real><real id="height">93</real></size></attributes><aspects/></actor><actor id="id192149" prototype="id174026"><attributes><point id="position"><real id="x">1161.95</real><real id="y">379.033</real></point><size id="size"><real id="width">316.542</real><real id="height">801.474</real></size><angle id="rotation">350.932</angle></attributes><aspects/><behaviors><behavior id="id849691" class="AnimateBehavior"><attributes><text id="name">Animate</text><text id="bundleName">Animate.behavior</text><text id="images">ufo.png	ufo.png	ufo.png	ufo.png	ufo1.png	ufo1.png	ufo1.png	ufo1.png</text><index id="speed">8</index><boolean id="loop">true</boolean><boolean id="restoreActorImage">false</boolean></attributes></behavior><behavior id="id855058" class="MoveToBehavior"><attributes><text id="name">Move To</text><text id="bundleName">MoveTo.behavior</text><boolean id="runToCompletion">false</boolean><point id="position"><real id="x">680</real><real id="y">360</real></point><index id="space">1</index><real id="speed">300</real></attributes></behavior><behavior id="id326609" class="PlaySoundAction"><attributes><text id="name">Play Sound</text><text id="bundleName">PlaySound.behavior</text><text id="soundName">UFO Landing.ogg</text><boolean id="loop">true</boolean><boolean id="runToCompletion">false</boolean><boolean id="positional">false</boolean><boolean id="dopplerShift">false</boolean><real id="volume">0.271084</real><real id="pitch">0.903614</real></attributes></behavior><behavior id="id671924" class="TimerBehavior"><attributes><text id="name">Timer</text><text id="bundleName">Timer.behavior</text><index id="timerType">1</index><real id="interval">14</real><boolean id="runToCompletion">false</boolean></attributes><behaviors><behavior id="id718073" class="PlaySoundAction"><attributes><text id="name">Play Sound</text><text id="bundleName">PlaySound.behavior</text><text id="soundName">UFO Exit.ogg</text><boolean id="loop">true</boolean><boolean id="runToCompletion">true</boolean><boolean id="positional">false</boolean><boolean id="dopplerShift">false</boolean><real id="volume">0.295181</real><real id="pitch">0.903614</real></attributes></behavior><behavior id="id426659" class="MoveBehavior"><attributes><text id="name">Move</text><text id="bundleName">Move.behavior</text><angle id="direction">92</angle><index id="space">0</index><index id="moveType">0</index><real id="speed">33</real><boolean id="haltWhenBehaviorStops">true</boolean></attributes></behavior><behavior id="id549533" class="TimerBehavior"><attributes><text id="name">Timer</text><text id="bundleName">Timer.behavior</text><index id="timerType">1</index><real id="interval">25</real><boolean id="runToCompletion">false</boolean></attributes><behaviors><behavior id="id815203" class="DestroyAction"><attributes><text id="name">Destroy</text><text id="bundleName">Destroy.behavior</text></attributes></behavior></behaviors></behavior></behaviors></behavior></behaviors></actor><actor id="id117522" prototype="id210979"><attributes><point id="position"><real id="x">609</real><real id="y">-82</real></point><size id="size"><real id="width">131</real><real id="height">162</real></size></attributes><aspects/><behaviors><behavior id="id364325" class="TimerBehavior"><attributes><text id="name">Timer</text><text id="bundleName">Timer.behavior</text><index id="timerType">1</index><real id="interval">5</real><boolean id="runToCompletion">false</boolean></attributes><behaviors><behavior id="id218412" class="MoveBehavior"><attributes><text id="name">Move</text><text id="bundleName">Move.behavior</text><angle id="direction">80.5377</angle><index id="space">1</index><index id="moveType">0</index><real id="speed">30</real><boolean id="haltWhenBehaviorStops">true</boolean></attributes></behavior></behaviors></behavior><behavior id="id324906" class="TimerBehavior"><attributes><text id="name">Timer</text><text id="bundleName">Timer.behavior</text><index id="timerType">1</index><real id="interval">12</real><boolean id="runToCompletion">false</boolean></attributes><behaviors><behavior id="id105820" class="PlaySoundAction"><attributes><text id="name">Play Sound</text><text id="bundleName">PlaySound.behavior</text><text id="soundName">Pig Oinking.ogg</text><boolean id="loop">false</boolean><boolean id="runToCompletion">true</boolean><boolean id="positional">false</boolean><boolean id="dopplerShift">false</boolean><real id="volume">1</real><real id="pitch">1</real></attributes></behavior></behaviors></behavior></behaviors></actor></actors><attributes><text id="name">Background</text><boolean id="scrollable">true</boolean></attributes></layer></layers><attributes><text id="name">main menu</text><real id="time">0</real><size id="size"><real id="width">1024</real><real id="height">768</real></size><boolean id="wrapX">false</boolean><boolean id="wrapY">false</boolean><point id="gravity"><real id="x">0</real><real id="y">0</real></point><color id="color"><real id="red">0</real><real id="green">0</real><real id="blue">0</real><real id="alpha">1</real></color><rect id="camera"><point id="origin"><real id="x">0</real><real id="y">0</real></point><size id="size"><real id="width">1024</real><real id="height">768</real></size><size id="trackingArea"><real id="width">944</real><real id="height">688</real></size><real id="rotation">0</real></rect><attributes id="autorotate"><boolean id="landscapeLeft">true</boolean><boolean id="landscapeRight">true</boolean><boolean id="portrait">false</boolean><boolean id="portraitUpsideDown">false</boolean></attributes></attributes></scene>
