<?xml version="1.0" encoding="UTF-8"?>
<scene id="id856318" GSCVersion="0.9.0" PGFVersion="0.16"><layers><layer id="id733584"><actors><actor id="id699159" prototype="id334772"><attributes><point id="position"><real id="x">512</real><real id="y">383</real></point><size id="size"><real id="width">1024</real><real id="height">768</real></size></attributes><aspects/><behaviors><behavior id="id976755" class="PlayMusicAction"><attributes><text id="name">Play Music</text><text id="bundleName">PlayMusic.behavior</text><text id="musicName">farmer_instructions.m4a</text><boolean id="loop">false</boolean></attributes></behavior><behavior id="id694981" class="RuleBehavior"><attributes><text id="name">Rule</text><text id="bundleName">Rule.behavior</text><real id="compoundConditionKind">0</real></attributes><conditions><condition id="id976045" eventType="touch"><attributes><index id="conditionType">0</index></attributes><predicate type="touch" conditionType="pressed"><attributes/></predicate></condition></conditions><behaviors><behavior id="id949342" class="ChangeSceneAction"><attributes><text id="name">Change Scene</text><text id="bundleName">ChangeScene.behavior</text><text id="sceneKey">id353096</text><boolean id="preserveCurrentScene">false</boolean></attributes></behavior></behaviors><elseBehaviors/></behavior></behaviors></actor></actors><attributes><text id="name">Background</text><boolean id="scrollable">true</boolean></attributes></layer></layers><attributes><text id="name">Farmer inst</text><real id="time">0</real><size id="size"><real id="width">1024</real><real id="height">768</real></size><boolean id="wrapX">false</boolean><boolean id="wrapY">false</boolean><point id="gravity"><real id="x">0</real><real id="y">0</real></point><color id="color"><real id="red">0</real><real id="green">0</real><real id="blue">0</real><real id="alpha">1</real></color><rect id="camera"><point id="origin"><real id="x">0</real><real id="y">0</real></point><size id="size"><real id="width">1024</real><real id="height">768</real></size><size id="trackingArea"><real id="width">944</real><real id="height">688</real></size><real id="rotation">0</real></rect><attributes id="autorotate"><boolean id="landscapeLeft">true</boolean><boolean id="landscapeRight">false</boolean><boolean id="portrait">false</boolean><boolean id="portraitUpsideDown">false</boolean></attributes></attributes></scene>
