<?xml version="1.0" encoding="UTF-8"?>
<scene id="id763621" GSCVersion="0.9.0" PGFVersion="0.16"><layers><layer id="id154177"><actors><actor id="id770264" prototype="id202767"><attributes><point id="position"><real id="x">516.5</real><real id="y">384.5</real></point><size id="size"><real id="width">1033</real><real id="height">769</real></size></attributes><aspects/></actor><actor id="id637383" prototype="id304773"><attributes><point id="position"><real id="x">547</real><real id="y">165.5</real></point><size id="size"><real id="width">158</real><real id="height">112</real></size><angle id="rotation">344.932</angle><color id="color"><real id="red">1</real><real id="green">1</real><real id="blue">1</real><real id="alpha">1</real></color><text id="image">cooltext457302973.png</text></attributes><aspects/><behaviors><behavior id="id243177" class="RuleBehavior"><attributes><text id="name">Rule</text><text id="bundleName">Rule.behavior</text><real id="compoundConditionKind">0</real></attributes><conditions><condition id="id789935" eventType="touch"><attributes><index id="conditionType">0</index></attributes><predicate type="touch" conditionType="pressed"><attributes/></predicate></condition></conditions><behaviors><behavior id="id787489" class="ChangeAttributeAction"><attributes><text id="name">Change Attribute</text><text id="bundleName">ChangeAttribute.behavior</text><text id="targetAttribute">game.attributes.id271467</text><text id="RHS">1</text></attributes></behavior><behavior id="id624996" class="PlaySoundAction"><attributes><text id="name">Play Sound</text><text id="bundleName">PlaySound.behavior</text><text id="soundName">click2.ogg</text><boolean id="loop">false</boolean><boolean id="runToCompletion">true</boolean><boolean id="positional">false</boolean><boolean id="dopplerShift">false</boolean><real id="volume">1</real><real id="pitch">1</real></attributes></behavior></behaviors><elseBehaviors/></behavior></behaviors></actor><actor id="id531961" prototype="id136280"><attributes><point id="position"><real id="x">706.5</real><real id="y">122</real></point><size id="size"><real id="width">168</real><real id="height">113</real></size><angle id="rotation">346.842</angle><color id="color"><real id="red">1</real><real id="green">1</real><real id="blue">1</real><real id="alpha">1</real></color><text id="image">cooltext457302979.png</text></attributes><aspects/><behaviors><behavior id="id655889" class="RuleBehavior"><attributes><text id="name">Rule</text><text id="bundleName">Rule.behavior</text><real id="compoundConditionKind">0</real></attributes><conditions><condition id="id175965" eventType="touch"><attributes><index id="conditionType">0</index></attributes><predicate type="touch" conditionType="pressed"><attributes/></predicate></condition></conditions><behaviors><behavior id="id933791" class="ChangeAttributeAction"><attributes><text id="name">Change Attribute</text><text id="bundleName">ChangeAttribute.behavior</text><text id="targetAttribute">game.attributes.id271467</text><text id="RHS">0</text></attributes></behavior><behavior id="id115634" class="PlaySoundAction"><attributes><text id="name">Play Sound</text><text id="bundleName">PlaySound.behavior</text><text id="soundName">click2.ogg</text><boolean id="loop">false</boolean><boolean id="runToCompletion">true</boolean><boolean id="positional">false</boolean><boolean id="dopplerShift">false</boolean><real id="volume">1</real><real id="pitch">1</real></attributes></behavior></behaviors><elseBehaviors/></behavior></behaviors></actor><actor id="id586956" prototype="id604712"><attributes><point id="position"><real id="x">657</real><real id="y">240.5</real></point><size id="size"><real id="width">222</real><real id="height">110</real></size><angle id="rotation">347.32</angle><text id="image">].png</text></attributes><aspects/></actor><actor id="id191477" prototype="id604712"><attributes><point id="position"><real id="x">535.5</real><real id="y">29</real></point><size id="size"><real id="width">371</real><real id="height">67</real></size><text id="image">cooltext457302336.png</text></attributes><aspects/></actor><actor id="id958636" prototype="id131702"><attributes><point id="position"><real id="x">539</real><real id="y">30.5</real></point><size id="size"><real id="width">386</real><real id="height">78</real></size></attributes><aspects/><behaviors><behavior id="id932978" class="RuleBehavior"><attributes><text id="name">Rule</text><text id="bundleName">Rule.behavior</text><real id="compoundConditionKind">0</real></attributes><conditions><condition id="id124146" eventType="touch"><attributes><index id="conditionType">0</index></attributes><predicate type="touch" conditionType="pressed"><attributes/></predicate></condition></conditions><behaviors><behavior id="id464148" class="ChangeSceneAction"><attributes><text id="name">Change Scene</text><text id="bundleName">ChangeScene.behavior</text><text id="sceneKey">id353096</text><boolean id="preserveCurrentScene">false</boolean></attributes></behavior><behavior id="id974704" class="PlaySoundAction"><attributes><text id="name">Play Sound</text><text id="bundleName">PlaySound.behavior</text><text id="soundName">click2.ogg</text><boolean id="loop">false</boolean><boolean id="runToCompletion">true</boolean><boolean id="positional">false</boolean><boolean id="dopplerShift">false</boolean><real id="volume">1</real><real id="pitch">1</real></attributes></behavior></behaviors><elseBehaviors/></behavior></behaviors></actor><actor id="id147456" prototype="id131702"><attributes><point id="position"><real id="x">421</real><real id="y">262.5</real></point></attributes><aspects/><behaviors><behavior id="id932978" class="RuleBehavior"><attributes><text id="name">Rule</text><text id="bundleName">Rule.behavior</text><real id="compoundConditionKind">0</real></attributes><conditions><condition id="id124146" eventType="touch"><attributes><index id="conditionType">1</index><text id="subjectAttribute">game.attributes.id271467</text></attributes><predicate type="number"><attributes><text id="operator">=</text><real id="RHS">0</real></attributes></predicate></condition></conditions><behaviors><behavior id="id304476" class="PauseMusicAction"><attributes><text id="name">Pause Music</text><text id="bundleName">PauseMusic.behavior</text></attributes></behavior></behaviors><elseBehaviors><behavior id="id528250" class="PlayMusicAction"><attributes><text id="name">Play Music</text><text id="bundleName">PlayMusic.behavior</text><text id="musicName"></text><boolean id="loop">true</boolean></attributes></behavior></elseBehaviors></behavior></behaviors></actor></actors><attributes><text id="name">Background</text><boolean id="scrollable">true</boolean></attributes></layer></layers><attributes><text id="name">Sound on off</text><real id="time">0</real><size id="size"><real id="width">1024</real><real id="height">768</real></size><boolean id="wrapX">false</boolean><boolean id="wrapY">false</boolean><point id="gravity"><real id="x">0</real><real id="y">0</real></point><color id="color"><real id="red">0</real><real id="green">0</real><real id="blue">0</real><real id="alpha">1</real></color><rect id="camera"><point id="origin"><real id="x">0</real><real id="y">0</real></point><size id="size"><real id="width">1024</real><real id="height">768</real></size><size id="trackingArea"><real id="width">944</real><real id="height">688</real></size><real id="rotation">0</real></rect><attributes id="autorotate"><boolean id="landscapeLeft">true</boolean><boolean id="landscapeRight">false</boolean><boolean id="portrait">false</boolean><boolean id="portraitUpsideDown">false</boolean></attributes></attributes></scene>
