<?xml version="1.0" encoding="UTF-8"?>
<scene id="id870390" GSCVersion="0.9.0" PGFVersion="0.16"><layers><layer id="id272206"><actors><actor id="id879636" prototype="id536945"><attributes><point id="position"><real id="x">511.5</real><real id="y">383</real></point><size id="size"><real id="width">1023</real><real id="height">769</real></size><color id="color"><real id="red">1</real><real id="green">1</real><real id="blue">1</real><real id="alpha">1</real></color><text id="image">game_over.png</text></attributes><aspects/><behaviors/></actor><actor id="id502094" prototype="id262034"><attributes><point id="position"><real id="x">226.5</real><real id="y">173</real></point><size id="size"><real id="width">163</real><real id="height">79</real></size></attributes><aspects/><behaviors><behavior id="id892015" class="RuleBehavior"><attributes><text id="name">Rule</text><text id="bundleName">Rule.behavior</text><real id="compoundConditionKind">0</real></attributes><conditions><condition id="id907835" eventType="mouse button"><attributes><index id="conditionType">0</index></attributes><predicate mouseState="down" type="mouse"><attributes/></predicate></condition></conditions><behaviors><behavior id="id502129" class="ChangeSceneAction"><attributes><text id="name">Change Scene</text><text id="bundleName">ChangeScene.behavior</text><text id="sceneKey">id134005</text><boolean id="preserveCurrentScene">false</boolean></attributes></behavior><behavior id="id663993" class="PlaySoundAction"><attributes><text id="name">Play Sound</text><text id="bundleName">PlaySound.behavior</text><text id="soundName">click2.ogg</text><boolean id="loop">false</boolean><boolean id="runToCompletion">true</boolean><boolean id="positional">false</boolean><boolean id="dopplerShift">false</boolean><real id="volume">1</real><real id="pitch">1</real></attributes></behavior></behaviors><elseBehaviors/></behavior><behavior id="id200560" class="RuleBehavior"><attributes><text id="name">Rule</text><text id="bundleName">Rule.behavior</text><real id="compoundConditionKind">0</real></attributes><conditions><condition id="id414928" eventType="mouse button"><attributes><index id="conditionType">0</index></attributes><predicate mouseState="down" type="mouse"><attributes/></predicate></condition></conditions><behaviors><behavior id="id926436" class="ChangeAttributeAction"><attributes><text id="name">Change Attribute</text><text id="bundleName">ChangeAttribute.behavior</text><text id="targetAttribute">game.attributes.id683308</text><text id="RHS"><expression><reference keypath="game.attributes.id683308"/><string>+5</string></expression></text></attributes></behavior></behaviors><elseBehaviors/></behavior></behaviors></actor><actor id="id971984" prototype="id604712"><attributes><point id="position"><real id="x">324</real><real id="y">399</real></point><size id="size"><real id="width">252.98</real><real id="height">154.753</real></size><angle id="rotation">12.6334</angle><text id="image">cooltext457302420.png</text></attributes><aspects/><behaviors><behavior id="id662620" class="RuleBehavior"><attributes><text id="name">Rule</text><text id="bundleName">Rule.behavior</text><real id="compoundConditionKind">0</real></attributes><conditions><condition id="id650839" eventType="touch"><attributes><index id="conditionType">0</index></attributes><predicate type="touch" conditionType="pressed"><attributes/></predicate></condition></conditions><behaviors/><elseBehaviors/></behavior></behaviors></actor><actor id="id595483" prototype="id604712"><attributes><point id="position"><real id="x">340.5</real><real id="y">217</real></point><size id="size"><real id="width">465.086</real><real id="height">129.856</real></size><angle id="rotation">8.23248</angle><text id="image">cooltext457302336.png</text></attributes><aspects/></actor><actor id="id736189" prototype="id131702"><attributes><point id="position"><real id="x">338.99</real><real id="y">216.546</real></point><size id="size"><real id="width">474.66</real><real id="height">134.706</real></size><angle id="rotation">9.41263</angle></attributes><aspects/><behaviors><behavior id="id932978" class="RuleBehavior"><attributes><text id="name">Rule</text><text id="bundleName">Rule.behavior</text><real id="compoundConditionKind">0</real></attributes><conditions><condition id="id124146" eventType="touch"><attributes><index id="conditionType">0</index></attributes><predicate type="touch" conditionType="pressed"><attributes/></predicate></condition></conditions><behaviors><behavior id="id464148" class="ChangeSceneAction"><attributes><text id="name">Change Scene</text><text id="bundleName">ChangeScene.behavior</text><text id="sceneKey">id353096</text><boolean id="preserveCurrentScene">false</boolean></attributes></behavior><behavior id="id334357" class="PlaySoundAction"><attributes><text id="name">Play Sound</text><text id="bundleName">PlaySound.behavior</text><text id="soundName">click2.ogg</text><boolean id="loop">false</boolean><boolean id="runToCompletion">true</boolean><boolean id="positional">false</boolean><boolean id="dopplerShift">false</boolean><real id="volume">1</real><real id="pitch">1</real></attributes></behavior></behaviors><elseBehaviors/></behavior></behaviors></actor></actors><attributes><text id="name">Background</text><boolean id="scrollable">true</boolean></attributes></layer></layers><attributes><text id="name">Game over</text><real id="time">0</real><size id="size"><real id="width">1024</real><real id="height">768</real></size><boolean id="wrapX">false</boolean><boolean id="wrapY">false</boolean><point id="gravity"><real id="x">0</real><real id="y">0</real></point><color id="color"><real id="red">0</real><real id="green">0</real><real id="blue">0</real><real id="alpha">1</real></color><rect id="camera"><point id="origin"><real id="x">0</real><real id="y">0</real></point><size id="size"><real id="width">1024</real><real id="height">768</real></size><size id="trackingArea"><real id="width">944</real><real id="height">688</real></size><real id="rotation">0</real></rect><attributes id="autorotate"><boolean id="landscapeLeft">true</boolean><boolean id="landscapeRight">false</boolean><boolean id="portrait">false</boolean><boolean id="portraitUpsideDown">false</boolean></attributes></attributes></scene>
