<?xml version="1.0" encoding="UTF-8"?>
<actor PGFVersion="0.16" id="id556669" GSCVersion="0.9.1"><attributes><text id="name">Actor 1</text><real id="time">0</real><point id="position"><real id="x">0</real><real id="y">0</real></point><size id="size"><real id="width">75</real><real id="height">74</real></size><angle id="rotation">0</angle><color id="color"><real id="red">0.983929</real><real id="green">0.987947</real><real id="blue">1</real><real id="alpha">1</real></color><text id="image">beach ball.png</text><text id="tags"></text><real name="StartX" id="id154528">0</real><real name="StartY" id="id352392">0</real><real name="Tilt" id="id941565">0</real></attributes><behaviors><behavior id="id556714" class="AccelerateBehavior"><attributes><text name="Name" id="name">Gravity Pull Down</text><text name="Bundle Name" id="bundleName">Accelerate.behavior</text><angle name="Direction" id="direction">270</angle><index name="Space" id="space">1</index><real name="Acceleration" id="acceleration">500</real></attributes></behavior><behavior id="id907056" class="ChangeAttributeAction"><attributes><text name="Name" id="name">Change Attribute</text><text name="Bundle Name" id="bundleName">ChangeAttribute.behavior</text><text name="Target Attribute" id="targetAttribute">self.aspects.motion.attributes.linearVelocity.x</text><text name="RHS" id="RHS">0</text></attributes></behavior><behavior id="id402069" class="RuleBehavior"><attributes><text name="Name" id="name">Move left</text><text name="Bundle Name" id="bundleName">Rule.behavior</text><real name="Compound Condition Kind" id="compoundConditionKind">0</real></attributes><conditions><condition id="id768751" eventType="key"><attributes><index name="Condition Type" id="conditionType">0</index><attribute name="Subject Attribute" id="subjectAttribute"/></attributes><predicate type="key"><attributes><text name="Mode" id="mode">down</text><text name="Key String" id="keyString">left</text></attributes></predicate></condition></conditions><behaviors><behavior id="id550667" class="TimerBehavior"><attributes><text name="Name" id="name">Timer</text><text name="Bundle Name" id="bundleName">Timer.behavior</text><index name="Timer Type" id="timerType">0</index><real name="Interval" id="interval">0</real><boolean name="Run To Completion" id="runToCompletion">false</boolean></attributes><behaviors><behavior id="id722479" class="ChangeAttributeAction"><attributes><text name="Name" id="name">Change Attribute</text><text name="Bundle Name" id="bundleName">ChangeAttribute.behavior</text><text name="Target Attribute" id="targetAttribute">self.aspects.motion.attributes.linearVelocity.x</text><text name="RHS" id="RHS"><expression><string>-</string><reference keypath="game.attributes.id195894"/></expression></text></attributes></behavior></behaviors></behavior></behaviors><elseBehaviors/></behavior><behavior id="id538084" class="RuleBehavior"><attributes><text name="Name" id="name">Move Right</text><text name="Bundle Name" id="bundleName">Rule.behavior</text><real name="Compound Condition Kind" id="compoundConditionKind">0</real></attributes><conditions><condition id="id768751" eventType="key"><attributes><index name="Condition Type" id="conditionType">0</index><attribute name="Subject Attribute" id="subjectAttribute"/></attributes><predicate type="key"><attributes><text name="Mode" id="mode">down</text><text name="Key String" id="keyString">right</text></attributes></predicate></condition></conditions><behaviors><behavior id="id196428" class="TimerBehavior"><attributes><text name="Name" id="name">Timer</text><text name="Bundle Name" id="bundleName">Timer.behavior</text><index name="Timer Type" id="timerType">0</index><real name="Interval" id="interval">0</real><boolean name="Run To Completion" id="runToCompletion">false</boolean></attributes><behaviors><behavior id="id722479" class="ChangeAttributeAction"><attributes><text name="Name" id="name">Change Attribute</text><text name="Bundle Name" id="bundleName">ChangeAttribute.behavior</text><text name="Target Attribute" id="targetAttribute">self.aspects.motion.attributes.linearVelocity.x</text><text name="RHS" id="RHS"><expression><reference keypath="game.attributes.id195894"/></expression></text></attributes></behavior></behaviors></behavior></behaviors><elseBehaviors/></behavior><behavior id="id746691" class="CollideBehavior"><attributes><text name="Name" id="name">Collide</text><text name="Bundle Name" id="bundleName">Collide.behavior</text><text name="Prototype Key" id="prototypeKey">id556669</text><text name="Actor Tag" id="actorTag">platforms</text><index name="Mode" id="mode">1</index></attributes></behavior><behavior id="id264762" class="RuleBehavior"><attributes><text name="Name" id="name">Hits Air Flow</text><text name="Bundle Name" id="bundleName">Rule.behavior</text><real name="Compound Condition Kind" id="compoundConditionKind">0</real></attributes><conditions><condition id="id697447" eventType="overlaps or collides"><attributes><index name="Condition Type" id="conditionType">0</index><attribute name="Subject Attribute" id="subjectAttribute"/></attributes><predicate type="collision"><attributes><text name="Prototype Key" id="prototypeKey">id831021</text><text name="Actor Tag" id="actorTag">platforms</text><real name="Mode" id="mode">0</real></attributes></predicate></condition></conditions><behaviors><behavior id="id340001" class="AccelerateBehavior"><attributes><text name="Name" id="name">Accelerate</text><text name="Bundle Name" id="bundleName">Accelerate.behavior</text><angle name="Direction" id="direction">90</angle><index name="Space" id="space">1</index><real name="Acceleration" id="acceleration">700</real></attributes></behavior><behavior id="id988171" class="CollideBehavior"><attributes><text name="Name" id="name">Collide</text><text name="Bundle Name" id="bundleName">Collide.behavior</text><text name="Prototype Key" id="prototypeKey">id645023</text><text name="Actor Tag" id="actorTag">platforms</text><index name="Mode" id="mode">0</index></attributes></behavior></behaviors><elseBehaviors/></behavior><behavior id="id583854" class="RuleBehavior"><attributes><text name="Name" id="name">Hits Water</text><text name="Bundle Name" id="bundleName">Rule.behavior</text><real name="Compound Condition Kind" id="compoundConditionKind">0</real></attributes><conditions><condition id="id697447" eventType="overlaps or collides"><attributes><index name="Condition Type" id="conditionType">0</index><attribute name="Subject Attribute" id="subjectAttribute"/></attributes><predicate type="collision"><attributes><text name="Prototype Key" id="prototypeKey">id901864</text><text name="Actor Tag" id="actorTag">platforms</text><real name="Mode" id="mode">0</real></attributes></predicate></condition></conditions><behaviors><behavior id="id340001" class="AccelerateBehavior"><attributes><text name="Name" id="name">Accelerate</text><text name="Bundle Name" id="bundleName">Accelerate.behavior</text><angle name="Direction" id="direction">90</angle><index name="Space" id="space">1</index><real name="Acceleration" id="acceleration">580</real></attributes></behavior><behavior id="id988171" class="CollideBehavior"><attributes><text name="Name" id="name">Collide</text><text name="Bundle Name" id="bundleName">Collide.behavior</text><text name="Prototype Key" id="prototypeKey">id645023</text><text name="Actor Tag" id="actorTag">platforms</text><index name="Mode" id="mode">0</index></attributes></behavior></behaviors><elseBehaviors/></behavior></behaviors><aspects><graphics><attributes><boolean id="visible">true</boolean><enumeration id="blendingMode">0</enumeration><enumeration id="horizontalWrap">0</enumeration><enumeration id="verticalWrap">0</enumeration></attributes></graphics><motion><attributes><point id="linearVelocity"><real id="x">0</real><real id="y">0</real></point><real id="angularVelocity">0</real><real id="maxSpeed">0</real><boolean id="applyMaxSpeed">false</boolean></attributes></motion><physics><attributes><real id="density">1</real><real id="friction">100</real><real id="restitution">0.1</real><boolean id="fixedRotation">false</boolean><boolean id="movable">true</boolean><enumeration id="collisionShape">1</enumeration><real id="drag">0</real><real id="angularDrag">0</real></attributes></physics></aspects></actor>
