<?xml version="1.0" encoding="UTF-8"?>
<actor PGFVersion="0.16" id="id235363" GSCVersion="0.9.0"><attributes><text id="name">Top</text><real id="time">0</real><point id="position"><real id="x">0</real><real id="y">0</real></point><size id="size"><real id="width">100</real><real id="height">100</real></size><angle id="rotation">0</angle><color id="color"><real id="red">0.748967</real><real id="green">0.75</real><real id="blue">0.0322163</real><real id="alpha">1</real></color><text id="image"></text><text id="tags"></text></attributes><behaviors/><aspects><graphics><attributes><boolean id="visible">true</boolean><enumeration id="blendingMode">0</enumeration><enumeration id="horizontalWrap">0</enumeration><enumeration id="verticalWrap">0</enumeration></attributes></graphics><motion><attributes><point id="linearVelocity"><real id="x">0</real><real id="y">0</real></point><real id="angularVelocity">0</real><real id="maxSpeed">0</real><boolean id="applyMaxSpeed">false</boolean></attributes></motion><physics><attributes><real id="density">0</real><real id="friction">0</real><real id="restitution">0</real><boolean id="fixedRotation">true</boolean><boolean id="movable">false</boolean><enumeration id="collisionShape">0</enumeration><real id="drag">0</real><real id="angularDrag">0</real></attributes></physics></aspects></actor>
