<?xml version="1.0" encoding="UTF-8"?>
<assets PGFVersion="0.17" GSCVersion="0.9.71"><sounds><sound name="Victory"><file name="Victory.ogg" size="31874"/></sound><sound name="Throw"><file name="Throw.ogg" size="6128"/></sound><sound name="Beast2"><file name="Beast2.ogg" size="9271"/></sound><sound name="Collect"><file name="Collect.ogg" size="15064"/></sound><sound name="Defeat5"><file name="Defeat5.ogg" size="49741"/></sound><sound name="MaleLeap"><file name="MaleLeap.ogg" size="8472"/></sound><music name="FolkMarchLoop"><file name="FolkMarchLoop.m4a" size="1.0095e+06"/></music></sounds><images><image name="HUDControls"><file name="HUDControls.png" size="8267"/></image><image name="TextBox"><file name="TextBox.png" size="2019"/></image><image name="obj_hintring"><file name="obj_hintring.png" size="3878"/></image><image name="obj_npc1"><file name="obj_npc1.png" size="6035"/></image><image name="obj_npc2"><file name="obj_npc2.png" size="4707"/></image><image name="obj_npc3"><file name="obj_npc3.png" size="5374"/></image><image name="obj_npc4"><file name="obj_npc4.png" size="5120"/></image><image name="obj_char_idle_001"><file name="obj_char_idle_001.png" size="4315"/></image><image name="obj_char_idle_002"><file name="obj_char_idle_002.png" size="4418"/></image><image name="obj_char_idle_003"><file name="obj_char_idle_003.png" size="4467"/></image><image name="obj_char_idle_004"><file name="obj_char_idle_004.png" size="4505"/></image><image name="obj_char_idle_101"><file name="obj_char_idle_101.png" size="4695"/></image><image name="obj_char_idle_102"><file name="obj_char_idle_102.png" size="4762"/></image><image name="obj_char_idle_103"><file name="obj_char_idle_103.png" size="4783"/></image><image name="obj_char_idle_104"><file name="obj_char_idle_104.png" size="4848"/></image><image name="obj_char_idle_201"><file name="obj_char_idle_201.png" size="5414"/></image><image name="obj_char_idle_202"><file name="obj_char_idle_202.png" size="5545"/></image><image name="obj_char_idle_203"><file name="obj_char_idle_203.png" size="5644"/></image><image name="obj_char_idle_204"><file name="obj_char_idle_204.png" size="5755"/></image><image name="obj_char_idle_301"><file name="obj_char_idle_301.png" size="4801"/></image><image name="obj_char_idle_302"><file name="obj_char_idle_302.png" size="4851"/></image><image name="obj_char_idle_303"><file name="obj_char_idle_303.png" size="4874"/></image><image name="obj_char_idle_304"><file name="obj_char_idle_304.png" size="4888"/></image><image name="obj_char_idleS_001"><file name="obj_char_idleS_001.png" size="4708"/></image><image name="obj_char_idleS_002"><file name="obj_char_idleS_002.png" size="4721"/></image><image name="obj_char_idleS_003"><file name="obj_char_idleS_003.png" size="4717"/></image><image name="obj_char_idleS_004"><file name="obj_char_idleS_004.png" size="4650"/></image><image name="obj_char_idleS_101"><file name="obj_char_idleS_101.png" size="4971"/></image><image name="obj_char_idleS_102"><file name="obj_char_idleS_102.png" size="5077"/></image><image name="obj_char_idleS_103"><file name="obj_char_idleS_103.png" size="5049"/></image><image name="obj_char_idleS_104"><file name="obj_char_idleS_104.png" size="5141"/></image><image name="obj_char_idleS_201"><file name="obj_char_idleS_201.png" size="5813"/></image><image name="obj_char_idleS_202"><file name="obj_char_idleS_202.png" size="5861"/></image><image name="obj_char_idleS_203"><file name="obj_char_idleS_203.png" size="5917"/></image><image name="obj_char_idleS_204"><file name="obj_char_idleS_204.png" size="5870"/></image><image name="obj_char_idleS_301"><file name="obj_char_idleS_301.png" size="5273"/></image><image name="obj_char_idleS_302"><file name="obj_char_idleS_302.png" size="5288"/></image><image name="obj_char_idleS_303"><file name="obj_char_idleS_303.png" size="5223"/></image><image name="obj_char_idleS_304"><file name="obj_char_idleS_304.png" size="5223"/></image><image name="obj_char_walk_001"><file name="obj_char_walk_001.png" size="4156"/></image><image name="obj_char_walk_002"><file name="obj_char_walk_002.png" size="4355"/></image><image name="obj_char_walk_003"><file name="obj_char_walk_003.png" size="4120"/></image><image name="obj_char_walk_004"><file name="obj_char_walk_004.png" size="4364"/></image><image name="obj_char_walk_101"><file name="obj_char_walk_101.png" size="5013"/></image><image name="obj_char_walk_102"><file name="obj_char_walk_102.png" size="4648"/></image><image name="obj_char_walk_103"><file name="obj_char_walk_103.png" size="5035"/></image><image name="obj_char_walk_104"><file name="obj_char_walk_104.png" size="4565"/></image><image name="obj_char_walk_201"><file name="obj_char_walk_201.png" size="5243"/></image><image name="obj_char_walk_202"><file name="obj_char_walk_202.png" size="5264"/></image><image name="obj_char_walk_203"><file name="obj_char_walk_203.png" size="5234"/></image><image name="obj_char_walk_204"><file name="obj_char_walk_204.png" size="5271"/></image><image name="obj_char_walk_301"><file name="obj_char_walk_301.png" size="5165"/></image><image name="obj_char_walk_302"><file name="obj_char_walk_302.png" size="4799"/></image><image name="obj_char_walk_303"><file name="obj_char_walk_303.png" size="5150"/></image><image name="obj_char_walk_304"><file name="obj_char_walk_304.png" size="4755"/></image><image name="obj_char_walkS_101"><file name="obj_char_walkS_101.png" size="5438"/></image><image name="obj_char_walkS_102"><file name="obj_char_walkS_102.png" size="5052"/></image><image name="obj_char_walkS_103"><file name="obj_char_walkS_103.png" size="5160"/></image><image name="obj_char_walkS_104"><file name="obj_char_walkS_104.png" size="4978"/></image><image name="obj_char_walkS_301"><file name="obj_char_walkS_301.png" size="5378"/></image><image name="obj_char_walkS_302"><file name="obj_char_walkS_302.png" size="5266"/></image><image name="obj_char_walkS_303"><file name="obj_char_walkS_303.png" size="5645"/></image><image name="obj_char_walkS_304"><file name="obj_char_walkS_304.png" size="5370"/></image><image name="obj_char_walkS_204"><file name="obj_char_walkS_204.png" size="5693"/></image><image name="obj_char_walkS_203"><file name="obj_char_walkS_203.png" size="5594"/></image><image name="obj_char_walkS_202"><file name="obj_char_walkS_202.png" size="5696"/></image><image name="obj_char_walkS_201"><file name="obj_char_walkS_201.png" size="5517"/></image><image name="obj_char_slashS_201"><file name="obj_char_slashS_201.png" size="6176"/></image><image name="obj_char_slashS_202"><file name="obj_char_slashS_202.png" size="6229"/></image><image name="obj_char_slashS_203"><file name="obj_char_slashS_203.png" size="5618"/></image><image name="obj_char_slashS_204"><file name="obj_char_slashS_204.png" size="5474"/></image><image name="obj_char_slashS_205"><file name="obj_char_slashS_205.png" size="5418"/></image><image name="obj_char_slashS_001"><file name="obj_char_slashS_001.png" size="5043"/></image><image name="obj_char_slashS_002"><file name="obj_char_slashS_002.png" size="5122"/></image><image name="obj_char_slashS_003"><file name="obj_char_slashS_003.png" size="4875"/></image><image name="obj_char_slashS_004"><file name="obj_char_slashS_004.png" size="4587"/></image><image name="obj_char_slashS_005"><file name="obj_char_slashS_005.png" size="4496"/></image><image name="obj_char_slashS_101"><file name="obj_char_slashS_101.png" size="4807"/></image><image name="obj_char_slashS_102"><file name="obj_char_slashS_102.png" size="4887"/></image><image name="obj_char_slashS_103"><file name="obj_char_slashS_103.png" size="5970"/></image><image name="obj_char_slashS_104"><file name="obj_char_slashS_104.png" size="6237"/></image><image name="obj_char_slashS_105"><file name="obj_char_slashS_105.png" size="5396"/></image><image name="obj_char_slashS_301"><file name="obj_char_slashS_301.png" size="4869"/></image><image name="obj_char_slashS_302"><file name="obj_char_slashS_302.png" size="4978"/></image><image name="obj_char_slashS_303"><file name="obj_char_slashS_303.png" size="5783"/></image><image name="obj_char_slashS_304"><file name="obj_char_slashS_304.png" size="6235"/></image><image name="obj_char_slashS_305"><file name="obj_char_slashS_305.png" size="5476"/></image><image name="obj_enemy_mush_201"><file name="obj_enemy_mush_201.png" size="2110"/></image><image name="obj_item_sword"><file name="obj_item_sword.png" size="3802"/></image><image name="obj_item_coin-1"><file name="obj_item_coin-1.png" size="3546"/></image><image name="obj_item_heart-1"><file name="obj_item_heart-1.png" size="3534"/></image><image name="obj_ui_bubble1"><file name="obj_ui_bubble1.png" size="1389"/></image><image name="_0015_obj_enemy_myshroom_201"><file name="_0015_obj_enemy_myshroom_201.png" size="1983"/></image><image name="obj_enemy_mush_001"><file name="obj_enemy_mush_001.png" size="1841"/></image><image name="obj_enemy_mush_002"><file name="obj_enemy_mush_002.png" size="1884"/></image><image name="obj_enemy_mush_003"><file name="obj_enemy_mush_003.png" size="1966"/></image><image name="obj_enemy_mush_004"><file name="obj_enemy_mush_004.png" size="2050"/></image><image name="obj_enemy_mush_101"><file name="obj_enemy_mush_101.png" size="1942"/></image><image name="obj_enemy_mush_102"><file name="obj_enemy_mush_102.png" size="1937"/></image><image name="obj_enemy_mush_103"><file name="obj_enemy_mush_103.png" size="2039"/></image><image name="obj_enemy_mush_104"><file name="obj_enemy_mush_104.png" size="2124"/></image><image name="obj_enemy_mush_202"><file name="obj_enemy_mush_202.png" size="1984"/></image><image name="obj_enemy_mush_203"><file name="obj_enemy_mush_203.png" size="2033"/></image><image name="obj_enemy_mush_204"><file name="obj_enemy_mush_204.png" size="2177"/></image><image name="obj_enemy_mush_301"><file name="obj_enemy_mush_301.png" size="1884"/></image><image name="obj_enemy_mush_302"><file name="obj_enemy_mush_302.png" size="1881"/></image><image name="obj_enemy_mush_303"><file name="obj_enemy_mush_303.png" size="1961"/></image><image name="obj_enemy_mush_304"><file name="obj_enemy_mush_304.png" size="2049"/></image><image name="obj_ui_bubble2"><file name="obj_ui_bubble2.png" size="1199"/></image><image name="obj_ui_directions_bg-1"><file name="obj_ui_directions_bg-1.png" size="12442"/></image><image name="obj_ui_directions_down-1"><file name="obj_ui_directions_down-1.png" size="2535"/></image><image name="obj_ui_directions_left-1"><file name="obj_ui_directions_left-1.png" size="2650"/></image><image name="obj_ui_directions_right-1"><file name="obj_ui_directions_right-1.png" size="2587"/></image><image name="obj_ui_directions_up-1"><file name="obj_ui_directions_up-1.png" size="2563"/></image><image name="bg_title"><file name="bg_title.png" size="67683"/></image><image name="obj_item_heart_empty"><file name="obj_item_heart_empty.png" size="877"/></image><image name="obj_UI_textbox"><file name="obj_UI_textbox.png" size="4493"/></image><image name="obj_ui_actions-1"><file name="obj_ui_actions-1.png" size="9219"/></image><image name="obj_map_tree1"><file name="obj_map_tree1.png" size="18723"/></image><image name="obj_map_tree2"><file name="obj_map_tree2.png" size="19946"/></image><image name="obj_map_fence1"><file name="obj_map_fence1.png" size="7230"/></image><image name="obj_map_fence2"><file name="obj_map_fence2.png" size="7021"/></image><image name="obj_map_fence3"><file name="obj_map_fence3.png" size="4507"/></image><image name="bg_ingame1"><file name="bg_ingame1.png" size="577349"/></image><image name="obj_item_shoes"><file name="obj_item_shoes.png" size="879"/></image><image name="Zelda_gameover"><file name="Zelda_gameover.png" size="65320"/></image><image name="obj_enemy_mushAttack_001"><file name="obj_enemy_mushAttack_001.png" size="1818"/></image><image name="obj_enemy_mushAttack_002"><file name="obj_enemy_mushAttack_002.png" size="1943"/></image><image name="obj_enemy_mushAttack_003"><file name="obj_enemy_mushAttack_003.png" size="1946"/></image><image name="obj_enemy_mushAttack_004"><file name="obj_enemy_mushAttack_004.png" size="1971"/></image><image name="obj_enemy_mushAttack_101"><file name="obj_enemy_mushAttack_101.png" size="1929"/></image><image name="obj_enemy_mushAttack_103"><file name="obj_enemy_mushAttack_103.png" size="2207"/></image><image name="obj_enemy_mushAttack_102"><file name="obj_enemy_mushAttack_102.png" size="2014"/></image><image name="obj_enemy_mushAttack_104"><file name="obj_enemy_mushAttack_104.png" size="2338"/></image><image name="obj_enemy_mushAttack_201"><file name="obj_enemy_mushAttack_201.png" size="2059"/></image><image name="obj_enemy_mushAttack_202"><file name="obj_enemy_mushAttack_202.png" size="2231"/></image><image name="obj_enemy_mushAttack_203"><file name="obj_enemy_mushAttack_203.png" size="2289"/></image><image name="obj_enemy_mushAttack_204"><file name="obj_enemy_mushAttack_204.png" size="2569"/></image><image name="obj_enemy_mushAttack_301"><file name="obj_enemy_mushAttack_301.png" size="1914"/></image><image name="obj_enemy_mushAttack_302"><file name="obj_enemy_mushAttack_302.png" size="1978"/></image><image name="obj_enemy_mushAttack_303"><file name="obj_enemy_mushAttack_303.png" size="2161"/></image><image name="obj_enemy_mushAttack_304"><file name="obj_enemy_mushAttack_304.png" size="2316"/></image></images><behaviors/></assets>
