<?xml version="1.0" encoding="UTF-8"?>
<game GSCVersion="0.9.71" PGFVersion="0.17" title="Zelda"><resolutionIndependence>0</resolutionIndependence><instructions>Add game instructions here.</instructions><resolution>0</resolution><longDescription>A tabula rasa, a blank slate on which one may create a masterpiece.</longDescription><prototypes><actor id="id154465"/><actor id="id560923"/><actor id="id946524"/><actor id="id328573"/><actor id="id641850"/><actor id="id368819"/><actor id="id641685"/><actor id="id652710"/><actor id="id300642"/><actor id="id758438"/><actor id="id490392"/><actor id="id153097"/><actor id="id549502"/><actor id="id826915"/><actor id="id236187"/><actor id="id391649"/><actor id="id952350"/><actor id="id675611"/><actor id="id889064"/><actor id="id510203"/><actor id="id478189"/><actor id="id440524"/><actor id="id706732"/><actor id="id737655"/><actor id="id497067"/><actor id="id780771"/><actor id="id495972"/><actor id="id484834"/><actor id="id827366"/><actor id="id397239"/><actor id="id185772"/><actor id="id542752"/><actor id="id484969"/><actor id="id102779"/><actor id="id517632"/><actor id="id985913"/><actor id="id610548"/><actor id="id198478"/><actor id="id588201"/><actor id="id817004"/><actor id="id281458"/><actor id="id848069"/></prototypes><plugins><attributes id="kiip"><text id="appKey"></text><text id="appSecret"></text><text id="achievementIdentifiers"></text><text id="achievementNames"></text><text id="leaderboardIdentifiers"></text><text id="leaderboardNames"></text></attributes></plugins><scenes><scene id="id352206"/><scene id="id169900"/><scene id="id722772"/><scene id="id626352"/><scene id="id186869"/></scenes><attributes><text id="name">default name</text><real id="time">0</real><size id="displaySize"><real id="width">480</real><real id="height">320</real></size><text id="actorTags">person	enemyMask	hero</text><integer name="MoveSpeed" id="id691133">100</integer><boolean name="Up" id="id563962">false</boolean><boolean name="Down" id="id773704">false</boolean><boolean name="Left" id="id157012">false</boolean><boolean name="Right" id="id711054">false</boolean><integer name="Person" id="id705503">0</integer><boolean name="CanChat" id="id823365">false</boolean><boolean name="Chat" id="id214812">false</boolean><integer name="ChatPage" id="id647217">0</integer><real name="RestartX" id="id334243">0</real><real name="RestartY" id="id424194">0</real><boolean name="Sword" id="id910650">false</boolean><boolean name="UseSword" id="id415407">false</boolean><real name="HeroX" id="id729309">0</real><real name="HeroY" id="id107135">0</real><integer name="Lives" id="id323205">5</integer><integer name="OldDirection" id="id578250">0</integer><boolean name="Character_Infront" id="id483078">true</boolean><text name="Name" id="id348177"></text><text name="PrincessName" id="id902106"></text><boolean name="ShowKeyboard" id="id555401">false</boolean><integer name="Coins" id="id327127">0</integer><boolean name="moveGuard" id="id403123">false</boolean><integer name="hitpointsMonster1" id="id441715">2</integer><integer name="hitpointsMonster2" id="id949614">5</integer><integer name="mushroom1Direction" id="id359650">0</integer></attributes></game>
