<?xml version="1.0" encoding="UTF-8"?>
<assets PGFVersion="0.17" GSCVersion="0.9.4"><sounds/><images><image name="planet"><file name="planet.png" size="1527"/></image><image name="img_parlax000"><file name="img_parlax000.png" size="18271"/></image><image name="img_parlax000b"><file name="img_parlax000b.png" size="19714"/></image><image name="img_parlax001"><file name="img_parlax001.png" size="19563"/></image><image name="img_parlax001b"><file name="img_parlax001b.png" size="12021"/></image><image name="Paralax1"><file name="Paralax1.png" size="6058"/></image><image name="paralax3"><file name="paralax3.png" size="6055"/></image><image name="cloud"><file name="cloud.png" size="6900"/></image><image name="moon"><file name="moon.png" size="80181"/></image><image name="test1"><file name="test1.png" size="62676"/></image><image name="test2"><file name="test2.png" size="60850"/></image><image name="test3"><file name="test3.png" size="65605"/></image><image name="2"><file name="2.png" size="30408"/></image><image name="fx"><file name="fx.png" size="44041"/></image><image name="1"><file name="1.png" size="43046"/></image></images><behaviors/></assets>
