<?xml version="1.0" encoding="UTF-8"?>
<game PGFVersion="0.17" GSCVersion="0.9.4"><attributes><text id="name">default name</text><real id="time">0</real><size id="displaySize"><real id="width">480</real><real id="height">320</real></size><text id="actorTags"></text><real name="sun y reset" id="id302664">0</real><integer name="stars" id="id823149">0</integer></attributes><resolutionIndependence>0</resolutionIndependence><prototypes><actor id="id290410"/><actor id="id826667"/><actor id="id565001"/><actor id="id332537"/><actor id="id882089"/><actor id="id742831"/><actor id="id241388"/><actor id="id308900"/></prototypes><scenes><scene id="id641123"/></scenes><resolution>0</resolution></game>
