<?xml version="1.0" encoding="UTF-8"?>
<assets PGFVersion="0.17" GSCVersion="0.9.5"><sounds><sound name="GLASS07"><file name="GLASS07.ogg" size="15561"/></sound><music name="uSwing_Electric_#2"><file name="uSwing_Electric_#2.m4a" size="445687"/></music><sound name="laser_blast"><file name="laser_blast.ogg" size="16625"/></sound><sound name="single_lightning_bolt"><file name="single_lightning_bolt.ogg" size="49119"/></sound><sound name="alien_2"><file name="alien_2.ogg" size="47817"/></sound><sound name="click"><file name="click.ogg" size="7321"/></sound><sound name="incorrect_sound"><file name="incorrect_sound.ogg" size="31785"/></sound><sound name="partially_wrong_sound"><file name="partially_wrong_sound.ogg" size="44559"/></sound><music name="8 Bit Weapon - 06 - Commodore C 64 (bit blitz mix)"><file name="8 Bit Weapon - 06 - Commodore C 64 (bit blitz mix).m4a" size="2.83636e+06"/></music><sound name="button"><file name="button.ogg" size="8401"/></sound><sound name="C64 cassette loading noise"><file name="C64 cassette loading noise.ogg"/><file name="C64 cassette loading noise.ogg" size="104762"/></sound></sounds><images><image name="fly"><file name="fly.png" size="7443"/></image><image name="fly4"><file name="fly4.png" size="3917"/></image><image name="fly1"><file name="fly1.png" size="4229"/></image><image name="fly2"><file name="fly2.png" size="4023"/></image><image name="rigthbut"><file name="rigthbut.png" size="4551"/></image><image name="fly3"><file name="fly3.png" size="3941"/></image><image name="leftbut"><file name="leftbut.png" size="11584"/></image><image name="lit01"><file name="lit01.png" size="21552"/></image><image name="lit01orange"><file name="lit01orange.png" size="4988"/></image><image name="lit01red"><file name="lit01red.png" size="5784"/></image><image name="lit01yellow"><file name="lit01yellow.png" size="5176"/></image><image name="litblue"><file name="litblue.png" size="12600"/></image><image name="tron-front-build"><file name="tron-front-build.png" size="93948"/></image><image name="shatterme_00"><file name="shatterme_00.png" size="106332"/></image><image name="shatterme_05"><file name="shatterme_05.png" size="101626"/></image><image name="shatterme_21"><file name="shatterme_21.png" size="153168"/></image><image name="shatterme_22"><file name="shatterme_22.png" size="118163"/></image><image name="shatterme_24"><file name="shatterme_24.png" size="83817"/></image><image name="shatterme_26"><file name="shatterme_26.png" size="75189"/></image><image name="shatterme_28"><file name="shatterme_28.png" size="61775"/></image><image name="shatterme_30"><file name="shatterme_30.png" size="62548"/></image><image name="shatterme_32"><file name="shatterme_32.png" size="57717"/></image><image name="shatterme_34"><file name="shatterme_34.png" size="57461"/></image><image name="shatterme_36"><file name="shatterme_36.png" size="52077"/></image><image name="shatterme_38"><file name="shatterme_38.png" size="47486"/></image><image name="shatterme_40"><file name="shatterme_40.png" size="47016"/></image><image name="shatterme_42"><file name="shatterme_42.png" size="41683"/></image><image name="shatterme_44"><file name="shatterme_44.png" size="36500"/></image><image name="shatterme_48"><file name="shatterme_48.png" size="25552"/></image><image name="line"><file name="line.png" size="3523"/></image><image name="scorelives"><file name="scorelives.png" size="4208"/></image><image name="com"><file name="com.png" size="2964"/></image><image name="0"><file name="0.png" size="2890"/></image><image name="9"><file name="9.png" size="2931"/></image><image name="8"><file name="8.png" size="2917"/></image><image name="7"><file name="7.png" size="2912"/></image><image name="6"><file name="6.png" size="2930"/></image><image name="5"><file name="5.png" size="2915"/></image><image name="4"><file name="4.png" size="2892"/></image><image name="3"><file name="3.png" size="2909"/></image><image name="2"><file name="2.png" size="2914"/></image><image name="1"><file name="1.png" size="2868"/></image><image name="pause"><file name="pause.png" size="565"/></image><image name="taptostart"><file name="taptostart.png" size="8307"/></image><image name="continue"><file name="continue.png" size="8399"/></image><image name="disc"><file name="disc.png" size="6313"/></image><image name="grid"><file name="grid.png" size="129432"/></image><image name="invader"><file name="invader.png" size="2726"/></image><image name="1_1"><file name="1_1.png" size="114"/></image><image name="2_1"><file name="2_1.png" size="114"/></image><image name="3_1"><file name="3_1.png" size="114"/></image><image name="4_1"><file name="4_1.png" size="114"/></image><image name="5_1"><file name="5_1.png" size="114"/></image><image name="6_1"><file name="6_1.png" size="114"/></image><image name="7_1"><file name="7_1.png" size="114"/></image><image name="8_1"><file name="8_1.png" size="824"/></image><image name="9_1"><file name="9_1.png" size="1081"/></image><image name="10"><file name="10.png" size="1934"/></image><image name="disc_x2"><file name="disc_x2.png" size="6573"/></image><image name="disc_x3"><file name="disc_x3.png" size="6593"/></image><image name="zap"><file name="zap.png" size="6952"/></image><image name="Game_Over"><file name="Game_Over.png" size="15249"/></image><image name="light0001"><file name="light0001.png" size="13104"/></image><image name="light0002"><file name="light0002.png" size="53075"/></image><image name="light0003"><file name="light0003.png" size="48656"/></image><image name="light0004"><file name="light0004.png" size="49640"/></image><image name="light0005"><file name="light0005.png" size="43435"/></image><image name="light0006"><file name="light0006.png" size="46313"/></image><image name="light0007"><file name="light0007.png" size="46812"/></image><image name="light0008"><file name="light0008.png" size="40809"/></image><image name="light0009"><file name="light0009.png" size="32739"/></image><image name="light0010"><file name="light0010.png" size="21788"/></image><image name="light0011"><file name="light0011.png" size="11366"/></image><image name="light0012"><file name="light0012.png" size="10443"/></image><image name="light0013"><file name="light0013.png" size="9340"/></image><image name="light0014"><file name="light0014.png" size="7893"/></image><image name="light0015"><file name="light0015.png" size="5696"/></image><image name="light0016"><file name="light0016.png" size="2944"/></image><image name="light0017"><file name="light0017.png" size="1430"/></image><image name="heart"><file name="heart.png" size="7560"/></image><image name="bounce"><file name="bounce.png" size="7178"/></image><image name="vortex"><file name="vortex.png" size="7410"/></image><image name="line2"><file name="line2.png" size="381"/></image><image name="invader1"><file name="invader1.png" size="2348"/></image><image name="invadertron_bg"><file name="invadertron_bg.png" size="276586"/></image><image name="grid_v2"><file name="grid_v2.png" size="117814"/></image><image name="InvaderTron_logo"><file name="InvaderTron_logo.png" size="33290"/></image><image name="tap_to_start"><file name="tap_to_start.png" size="26417"/></image><image name="exp_1"><file name="exp_1.png" size="212"/></image><image name="exp_2"><file name="exp_2.png" size="8749"/></image><image name="exp_3"><file name="exp_3.png" size="9644"/></image><image name="exp_4"><file name="exp_4.png" size="10266"/></image><image name="exp_5"><file name="exp_5.png" size="10821"/></image><image name="exp_6"><file name="exp_6.png" size="11064"/></image><image name="exp_7"><file name="exp_7.png" size="11479"/></image><image name="exp_8"><file name="exp_8.png" size="12168"/></image><image name="exp_9"><file name="exp_9.png" size="12707"/></image><image name="exp_10"><file name="exp_10.png" size="13220"/></image><image name="exp_11"><file name="exp_11.png" size="14088"/></image><image name="exp_12"><file name="exp_12.png" size="14629"/></image><image name="exp_13"><file name="exp_13.png" size="15222"/></image><image name="exp_14"><file name="exp_14.png" size="15902"/></image><image name="exp_15"><file name="exp_15.png" size="16593"/></image><image name="exp_16"><file name="exp_16.png" size="16857"/></image><image name="exp_17"><file name="exp_17.png" size="17347"/></image><image name="exp_18"><file name="exp_18.png" size="18057"/></image><image name="100pts"><file name="100pts.png" size="3565"/></image><image name="200pts"><file name="200pts.png" size="4279"/></image><image name="300pts"><file name="300pts.png" size="4305"/></image><image name="arcade_logo"><file name="arcade_logo.png" size="210757"/></image><image name="arcade1"><file name="arcade1.png" size="245394"/></image><image name="arcade2"><file name="arcade2.png" size="27114"/></image><image name="gameplay - Picture - PNG Format_05"><file name="gameplay - Picture - PNG Format_05.png" size="72939"/></image><image name="gameplay - Picture - PNG Format_06"><file name="gameplay - Picture - PNG Format_06.png" size="73043"/></image><image name="gameplay - Picture - PNG Format_07"><file name="gameplay - Picture - PNG Format_07.png" size="76110"/></image><image name="gameplay - Picture - PNG Format_08"><file name="gameplay - Picture - PNG Format_08.png" size="73014"/></image><image name="gameplay - Picture - PNG Format_09"><file name="gameplay - Picture - PNG Format_09.png" size="75633"/></image><image name="gameplay - Picture - PNG Format_10"><file name="gameplay - Picture - PNG Format_10.png" size="77968"/></image><image name="gameplay - Picture - PNG Format_11"><file name="gameplay - Picture - PNG Format_11.png" size="79366"/></image><image name="gameplay - Picture - PNG Format_12"><file name="gameplay - Picture - PNG Format_12.png" size="83058"/></image><image name="gameplay - Picture - PNG Format_13"><file name="gameplay - Picture - PNG Format_13.png" size="78373"/></image><image name="gameplay - Picture - PNG Format_14"><file name="gameplay - Picture - PNG Format_14.png" size="82361"/></image><image name="gameplay - Picture - PNG Format_15"><file name="gameplay - Picture - PNG Format_15.png" size="83906"/></image><image name="gameplay - Picture - PNG Format_16"><file name="gameplay - Picture - PNG Format_16.png" size="78505"/></image><image name="gameplay - Picture - PNG Format_17"><file name="gameplay - Picture - PNG Format_17.png" size="77863"/></image><image name="gameplay - Picture - PNG Format_18"><file name="gameplay - Picture - PNG Format_18.png" size="80395"/></image><image name="gameplay - Picture - PNG Format_19"><file name="gameplay - Picture - PNG Format_19.png" size="78598"/></image><image name="gameplay - Picture - PNG Format_20"><file name="gameplay - Picture - PNG Format_20.png" size="71131"/></image><image name="gameplay - Picture - PNG Format_21"><file name="gameplay - Picture - PNG Format_21.png" size="74043"/></image><image name="gameplay - Picture - PNG Format_22"><file name="gameplay - Picture - PNG Format_22.png" size="72664"/></image><image name="gameplay - Picture - PNG Format_23"><file name="gameplay - Picture - PNG Format_23.png" size="79863"/></image><image name="gameplay - Picture - PNG Format_24"><file name="gameplay - Picture - PNG Format_24.png" size="82498"/></image><image name="gameplay - Picture - PNG Format_25"><file name="gameplay - Picture - PNG Format_25.png" size="78801"/></image><image name="gameplay - Picture - PNG Format_26"><file name="gameplay - Picture - PNG Format_26.png" size="80603"/></image><image name="gameplay - Picture - PNG Format_27"><file name="gameplay - Picture - PNG Format_27.png" size="78787"/></image><image name="gameplay - Picture - PNG Format_28"><file name="gameplay - Picture - PNG Format_28.png" size="83366"/></image><image name="gameplay - Picture - PNG Format_29"><file name="gameplay - Picture - PNG Format_29.png" size="79984"/></image><image name="gameplay - Picture - PNG Format_30"><file name="gameplay - Picture - PNG Format_30.png" size="75119"/></image><image name="gameplay - Picture - PNG Format_31"><file name="gameplay - Picture - PNG Format_31.png" size="78273"/></image><image name="gameplay - Picture - PNG Format_32"><file name="gameplay - Picture - PNG Format_32.png" size="80737"/></image><image name="gameplay - Picture - PNG Format_33"><file name="gameplay - Picture - PNG Format_33.png" size="83120"/></image><image name="gameplay - Picture - PNG Format_34"><file name="gameplay - Picture - PNG Format_34.png" size="80436"/></image><image name="gameplay - Picture - PNG Format_35"><file name="gameplay - Picture - PNG Format_35.png" size="77928"/></image><image name="gameplay - Picture - PNG Format_36"><file name="gameplay - Picture - PNG Format_36.png" size="78403"/></image><image name="gameplay - Picture - PNG Format_37"><file name="gameplay - Picture - PNG Format_37.png" size="38574"/></image><image name="gameplay - Picture - PNG Format_38"><file name="gameplay - Picture - PNG Format_38.png" size="55226"/></image><image name="gameplay - Picture - PNG Format_39"><file name="gameplay - Picture - PNG Format_39.png" size="55226"/></image><image name="gameplay - Picture - PNG Format_40"><file name="gameplay - Picture - PNG Format_40.png" size="55226"/></image><image name="touch for credit"><file name="touch for credit.png" size="29301"/></image><image name="pause-1"><file name="pause-1.png" size="3089"/></image><image name="status bar"><file name="status bar.png" size="10958"/></image><image name="litered00"><file name="litered00.png" size="6585"/></image><image name="litered01"><file name="litered01.png" size="6959"/></image><image name="litered02"><file name="litered02.png" size="7016"/></image><image name="litered03"><file name="litered03.png" size="6894"/></image><image name="litered04"><file name="litered04.png" size="6803"/></image><image name="litered05"><file name="litered05.png" size="7254"/></image><image name="litered06"><file name="litered06.png" size="7013"/></image><image name="litered07"><file name="litered07.png" size="6974"/></image><image name="litered08"><file name="litered08.png" size="7030"/></image><image name="litered09"><file name="litered09.png" size="7012"/></image><image name="litered10"><file name="litered10.png" size="7149"/></image><image name="litered11"><file name="litered11.png" size="6928"/></image><image name="litered12"><file name="litered12.png" size="6712"/></image><image name="lives"><file name="lives.png" size="3294"/></image><image name="score"><file name="score.png" size="3265"/></image><image name="gstrike00"><file name="gstrike00.png" size="387"/></image><image name="gstrike01"><file name="gstrike01.png" size="1231"/></image><image name="gstrike02"><file name="gstrike02.png" size="2315"/></image><image name="gstrike03"><file name="gstrike03.png" size="3509"/></image><image name="gstrike04"><file name="gstrike04.png" size="5333"/></image><image name="gstrike05"><file name="gstrike05.png" size="18445"/></image><image name="gstrike06"><file name="gstrike06.png" size="28224"/></image><image name="gstrike07"><file name="gstrike07.png" size="37386"/></image><image name="gstrike08"><file name="gstrike08.png" size="35347"/></image><image name="gstrike09"><file name="gstrike09.png" size="28974"/></image><image name="gstrike10"><file name="gstrike10.png" size="36856"/></image><image name="gstrike11"><file name="gstrike11.png" size="34778"/></image><image name="gstrike12"><file name="gstrike12.png" size="34653"/></image><image name="gc64x64"><file name="gc64x64.png" size="13011"/></image><image name="moster"><file name="moster.png" size="4956"/></image><image name="gcbut"><file name="gcbut.png" size="1874"/></image><image name="8bitweapon_splash"><file name="8bitweapon_splash.png"/><file name="8bitweapon_splash.png" size="38041"/></image><image name="appchogie_splash"><file name="appchogie_splash.png"/><file name="appchogie_splash.png" size="19408"/></image></images><behaviors/></assets>
