<?xml version="1.0" encoding="UTF-8"?>
<game GSCVersion="0.9.5" PGFVersion="0.17" title="My Great Project"><resolutionIndependence>0</resolutionIndependence><instructions>Add game instructions here.</instructions><resolution>1</resolution><longDescription>A tabula rasa, a blank slate on which one may create a masterpiece.</longDescription><prototypes><actor id="id622561"/><actor id="id467524"/><actor id="id106806"/><actor id="id497217"/><actor id="id823108"/><actor id="id172099"/><actor id="id643524"/><actor id="id253225"/><actor id="id139918"/><actor id="id353093"/><actor id="id378184"/><actor id="id166606"/><actor id="id494022"/><actor id="id908033"/><actor id="id746763"/><actor id="id350405"/><actor id="id468865"/><actor id="id144185"/><actor id="id983940"/><actor id="id191392"/><actor id="id333515"/><actor id="id958031"/><actor id="id292038"/><actor id="id273191"/><actor id="id320204"/><actor id="id489648"/><actor id="id286649"/><actor id="id683849"/><actor id="id757812"/><actor id="id690612"/><actor id="id189991"/><actor id="id123458"/><actor id="id997208"/><actor id="id272195"/><actor id="id171408"/><actor id="id267078"/><actor id="id642143"/><actor id="id766677"/><actor id="id754853"/><actor id="id641132"/><actor id="id739217"/><actor id="id471082"/><actor id="id639896"/><actor id="id443835"/><actor id="id815375"/><actor id="id619983"/><actor id="id459663"/><actor id="id485705"/><actor id="id144484"/><actor id="id660099"/><actor id="id138930"/><actor id="id123591"/><actor id="id488205"/><actor id="id716861"/><actor id="id199089"/></prototypes><plugins><attributes id="kiip"><text id="appKey"></text><text id="appSecret"></text><text id="achievementIdentifiers"></text><text id="achievementNames"></text><text id="leaderboardIdentifiers"></text><text id="leaderboardNames"></text></attributes></plugins><scenes><scene id="id115621"/><scene id="id269551"/><scene id="id598169"/><scene id="id517982"/><scene id="id905709"/><scene id="id426986"/><scene id="id982161"/></scenes><attributes><text id="name">default name</text><real id="time">0</real><size id="displaySize"><real id="width">320</real><real id="height">480</real></size><text id="actorTags"></text><real name="touchx" id="id903311">0</real><real name="touchy" id="id461560">0</real><real name="power" id="id270783">0</real><integer name="spawn speed" id="id327835">1</integer><boolean name="Start round" id="id753719">false</boolean><real name="Line Y" id="id356011">100</real><integer name="Lives" id="id352185">3</integer><integer name="score" id="id924404">0</integer><integer name="Bonus" id="id372094">1</integer><boolean name="change score" id="id978628">false</boolean><boolean name="gameover" id="id802847">false</boolean><boolean name="zap" id="id360253">false</boolean><real name="star fall speed" id="id721685">60</real><integer name="how many stars" id="id665450">0</integer><real name="Spawn Speed" id="id354301">0.8</real><boolean name="pause" id="id135752">false</boolean><integer name="grid color" id="id159592">0</integer><real name="shooter x" id="id216174">0</real><real name="shooter y" id="id545621">0</real><integer name="coins" id="id256412">0</integer><boolean name="start game" id="id810427">false</boolean><integer name="Hit counter" id="id781338">0</integer><boolean name="animation play" id="id232742">false</boolean><boolean name="GC Active" id="id796292">false</boolean><boolean name="Top Score Set" id="id585755">false</boolean><integer name="Top Score 1" id="id153211">0</integer><boolean name="change splash" id="id159622">false</boolean></attributes></game>
