<?xml version="1.0" encoding="UTF-8"?>
<scene id="id269551" GSCVersion="0.9.0" PGFVersion="0.16"><layers><layer id="id112326"><actors><actor id="id528367" prototype="id850274"><attributes><point id="position"><real id="x">239.5</real><real id="y">7.5</real></point><size id="size"><real id="width">479</real><real id="height">24</real></size></attributes><aspects/></actor><actor id="id447497" prototype="id850274"><attributes><point id="position"><real id="x">404.5</real><real id="y">25.5</real></point><size id="size"><real id="width">149</real><real id="height">70</real></size></attributes><aspects/></actor><actor id="id280092" prototype="id850274"><attributes><point id="position"><real id="x">285.292</real><real id="y">19.8099</real></point><size id="size"><real id="width">113.402</real><real id="height">42.5464</real></size><angle id="rotation">21.3706</angle></attributes><aspects/></actor><actor id="id725137" prototype="id235363"><attributes><point id="position"><real id="x">242</real><real id="y">308</real></point><size id="size"><real id="width">480</real><real id="height">25</real></size></attributes><aspects/></actor><actor id="id336517" prototype="id395920"><attributes><point id="position"><real id="x">23</real><real id="y">37.5</real></point><size id="size"><real id="width">25</real><real id="height">35</real></size><angle id="rotation">0</angle></attributes><aspects><physics><attributes><real id="density">5</real><real id="friction">3</real><real id="restitution">0</real><boolean id="fixedRotation">true</boolean><real id="drag">0</real></attributes></physics></aspects><behaviors><behavior id="id895044" class="RuleBehavior"><attributes><text id="name">Control Left</text><text id="bundleName">Rule.behavior</text><real id="compoundConditionKind">0</real></attributes><conditions><condition id="id239167" eventType="key"><attributes><index id="conditionType">0</index></attributes><predicate type="key"><attributes><text id="mode">down</text><text id="keyString">left</text></attributes></predicate></condition></conditions><behaviors><behavior id="id112768" class="AccelerateBehavior"><attributes><text id="name">Accelerate</text><text id="bundleName">Accelerate.behavior</text><angle id="direction">180</angle><index id="space">0</index><real id="acceleration">500</real></attributes></behavior></behaviors><elseBehaviors><behavior id="id390519" class="RuleBehavior"><attributes><text id="name">Rule</text><text id="bundleName">Rule.behavior</text><real id="compoundConditionKind">0</real></attributes><conditions><condition id="id323264" eventType="key"><attributes><index id="conditionType">0</index></attributes><predicate type="key"><attributes><text id="mode">up</text><text id="keyString">left</text></attributes></predicate></condition></conditions><behaviors><behavior id="id775765" class="ChangeAttributeAction"><attributes><text id="name">Change Attribute</text><text id="bundleName">ChangeAttribute.behavior</text><text id="targetAttribute">self.aspects.motion.attributes.maxSpeed</text><text id="RHS">0</text></attributes></behavior></behaviors><elseBehaviors/></behavior></elseBehaviors></behavior><behavior id="id315312" class="RuleBehavior"><attributes><text id="name">Control Right</text><text id="bundleName">Rule.behavior</text><real id="compoundConditionKind">0</real></attributes><conditions><condition id="id239167" eventType="key"><attributes><index id="conditionType">0</index></attributes><predicate type="key"><attributes><text id="mode">down</text><text id="keyString">right</text></attributes></predicate></condition></conditions><behaviors><behavior id="id301478" class="AccelerateBehavior"><attributes><text id="name">Accelerate</text><text id="bundleName">Accelerate.behavior</text><angle id="direction">0</angle><index id="space">0</index><real id="acceleration">500</real></attributes></behavior></behaviors><elseBehaviors><behavior id="id416164" class="RuleBehavior"><attributes><text id="name">Rule</text><text id="bundleName">Rule.behavior</text><real id="compoundConditionKind">0</real></attributes><conditions><condition id="id184981" eventType="key"><attributes><index id="conditionType">0</index></attributes><predicate type="key"><attributes><text id="mode">up</text><text id="keyString">right</text></attributes></predicate></condition></conditions><behaviors><behavior id="id553131" class="ChangeAttributeAction"><attributes><text id="name">Change Attribute</text><text id="bundleName">ChangeAttribute.behavior</text><text id="targetAttribute">self.aspects.motion.attributes.maxSpeed</text><text id="RHS">0</text></attributes></behavior></behaviors><elseBehaviors/></behavior></elseBehaviors></behavior><behavior id="id200950" class="CollideBehavior"><attributes><text id="name">Collide</text><text id="bundleName">Collide.behavior</text><text id="prototypeKey">id395920</text><text id="actorTag">Collide</text><index id="mode">1</index></attributes></behavior><behavior id="id823961" class="AccelerateBehavior"><attributes><text id="name">Gravity</text><text id="bundleName">Accelerate.behavior</text><angle id="direction">270</angle><index id="space">0</index><real id="acceleration">1000</real></attributes></behavior><behavior id="id626066" class="RuleBehavior"><attributes><text id="name">Grow in size</text><text id="bundleName">Rule.behavior</text><real id="compoundConditionKind">0</real></attributes><conditions><condition id="id823961" eventType="key"><attributes><index id="conditionType">0</index></attributes><predicate type="key"><attributes><text id="mode">down</text><text id="keyString">space</text></attributes></predicate></condition></conditions><behaviors><behavior id="id222227" class="TimerBehavior"><attributes><text id="name">Timer</text><text id="bundleName">Timer.behavior</text><index id="timerType">0</index><real id="interval">0</real><boolean id="runToCompletion">false</boolean></attributes><behaviors><behavior id="id677288" class="ChangeAttributeAction"><attributes><text id="name">Change Attribute</text><text id="bundleName">ChangeAttribute.behavior</text><text id="targetAttribute">self.attributes.size.height</text><text id="RHS"><expression><reference keypath="self.attributes.size.height"/><string>+10</string></expression></text></attributes></behavior></behaviors></behavior></behaviors><elseBehaviors><behavior id="id816596" class="RuleBehavior"><attributes><text id="name">Rule</text><text id="bundleName">Rule.behavior</text><real id="compoundConditionKind">0</real></attributes><conditions><condition id="id665146" eventType="key"><attributes><index id="conditionType">0</index></attributes><predicate type="key"><attributes><text id="mode">up</text><text id="keyString">space</text></attributes></predicate></condition></conditions><behaviors><behavior id="id132118" class="TimerBehavior"><attributes><text id="name">Shrink to normal size</text><text id="bundleName">Timer.behavior</text><index id="timerType">0</index><real id="interval">0</real><boolean id="runToCompletion">false</boolean></attributes><behaviors><behavior id="id170580" class="ChangeAttributeAction"><attributes><text id="name">Change Attribute</text><text id="bundleName">ChangeAttribute.behavior</text><text id="targetAttribute">self.attributes.size.height</text><text id="RHS"><expression><reference keypath="self.attributes.size.height"/><string>-10</string></expression></text></attributes></behavior></behaviors></behavior></behaviors><elseBehaviors/></behavior></elseBehaviors></behavior><behavior id="id836167" class="RuleBehavior"><attributes><text id="name">Dont shrink to far</text><text id="bundleName">Rule.behavior</text><real id="compoundConditionKind">0</real></attributes><conditions><condition id="id823010" eventType="touch"><attributes><index id="conditionType">1</index><text id="subjectAttribute">self.attributes.size.height</text></attributes><predicate type="number"><attributes><text id="operator">&lt;</text><real id="RHS">35</real></attributes></predicate></condition></conditions><behaviors><behavior id="id568812" class="ConstrainAttributeBehavior"><attributes><text id="name">Constrain Attribute</text><text id="bundleName">ConstrainAttribute.behavior</text><text id="targetAttribute">self.attributes.size.height</text><text id="RHS">35</text></attributes></behavior></behaviors><elseBehaviors/></behavior><behavior id="id176253" class="RuleBehavior"><attributes><text id="name">When hit top</text><text id="bundleName">Rule.behavior</text><real id="compoundConditionKind">0</real></attributes><conditions><condition id="id942010" eventType="overlaps or collides"><attributes><index id="conditionType">0</index></attributes><predicate type="collision"><attributes><text id="prototypeKey">id235363</text><text id="actorTag">Collide</text><real id="mode">0</real></attributes></predicate></condition></conditions><behaviors><behavior id="id995046" class="ConstrainAttributeBehavior"><attributes><text id="name">Constrain Attribute</text><text id="bundleName">ConstrainAttribute.behavior</text><text id="targetAttribute">self.attributes.position.y</text><text id="RHS"><expression><reference keypath="scene.layers.id112326.actors.id725137.attributes.position.y"/></expression></text></attributes></behavior></behaviors><elseBehaviors/></behavior></behaviors></actor></actors><attributes><text id="name">Background</text><boolean id="scrollable">true</boolean></attributes></layer></layers><attributes><text id="name">Initial Scene</text><real id="time">0</real><size id="size"><real id="width">480</real><real id="height">320</real></size><boolean id="wrapX">false</boolean><boolean id="wrapY">false</boolean><point id="gravity"><real id="x">0</real><real id="y">0</real></point><color id="color"><real id="red">0</real><real id="green">0</real><real id="blue">0</real><real id="alpha">1</real></color><rect id="camera"><point id="origin"><real id="x">0</real><real id="y">0</real></point><size id="size"><real id="width">480</real><real id="height">320</real></size><size id="trackingArea"><real id="width">400</real><real id="height">260</real></size><real id="rotation">0</real></rect><attributes id="autorotate"><boolean id="landscapeLeft">true</boolean><boolean id="landscapeRight">false</boolean><boolean id="portrait">false</boolean><boolean id="portraitUpsideDown">false</boolean></attributes></attributes></scene>
