<?xml version="1.0" encoding="UTF-8"?>
<scene id="id269551" GSCVersion="0.9.5" PGFVersion="0.17"><layers><layer id="id112326"><actors><actor id="id954891" prototype="id185685"><attributes><point id="position"><real id="x">160</real><real id="y">426</real></point><size id="size"><real id="width">64</real><real id="height">64</real></size></attributes><aspects/></actor><actor id="id967534" prototype="id185685"><attributes><point id="position"><real id="x">85</real><real id="y">244</real></point></attributes><aspects/></actor><actor id="id760696" prototype="id185685"><attributes><point id="position"><real id="x">241</real><real id="y">297</real></point></attributes><aspects/></actor><actor id="id596340" prototype="id185685"><attributes><point id="position"><real id="x">212</real><real id="y">94</real></point></attributes><aspects/></actor></actors><attributes><text id="name">Background</text><boolean id="scrollable">true</boolean></attributes></layer></layers><attributes><text id="name">Initial Scene</text><real id="time">0</real><size id="size"><real id="width">320</real><real id="height">480</real></size><boolean id="wrapX">false</boolean><boolean id="wrapY">true</boolean><point id="gravity"><real id="x">0</real><real id="y">0</real></point><color id="color"><real id="red">0</real><real id="green">0</real><real id="blue">0</real><real id="alpha">1</real></color><rect id="camera"><point id="origin"><real id="x">0</real><real id="y">0</real></point><size id="size"><real id="width">320</real><real id="height">480</real></size><size id="trackingArea"><real id="width">240</real><real id="height">400</real></size><real id="rotation">0</real></rect><attributes id="autorotate"><boolean id="landscapeLeft">false</boolean><boolean id="landscapeRight">false</boolean><boolean id="portrait">true</boolean><boolean id="portraitUpsideDown">false</boolean></attributes></attributes></scene>
