<?xml version="1.0" encoding="UTF-8"?>
<scene id="id269551" GSCVersion="0.9.71" PGFVersion="0.17"><layers><layer id="id112326"><actors><actor id="id639206" prototype="id983023"><attributes><point id="position"><real id="x">432.5</real><real id="y">241.5</real></point><size id="size"><real id="width">32</real><real id="height">32</real></size></attributes><aspects/></actor><actor id="id612050" prototype="id793349"><attributes><point id="position"><real id="x">152</real><real id="y">126.5</real></point><size id="size"><real id="width">100</real><real id="height">100</real></size><color id="color"><real id="red">1</real><real id="green">1</real><real id="blue">1</real><real id="alpha">1</real></color></attributes><aspects/></actor><actor id="id565116" prototype="id225294"><attributes><point id="position"><real id="x">245.5</real><real id="y">137.5</real></point><size id="size"><real id="width">286</real><real id="height">104</real></size></attributes><aspects/></actor><actor id="id424588" prototype="id663948"><attributes><point id="position"><real id="x">179.5</real><real id="y">125.5</real></point></attributes><aspects/></actor><actor id="id607529" prototype="id620755"><attributes><point id="position"><real id="x">152.5</real><real id="y">164.5</real></point><size id="size"><real id="width">48</real><real id="height">120</real></size></attributes><aspects/></actor><actor id="id558559" prototype="id605068"><attributes><point id="position"><real id="x">151.5</real><real id="y">210.5</real></point></attributes><aspects/></actor><actor id="id774788" prototype="id411759"><attributes><point id="position"><real id="x">366.5</real><real id="y">130.5</real></point><size id="size"><real id="width">64</real><real id="height">64</real></size></attributes><aspects/></actor><actor id="id262874" prototype="id541286"><attributes><point id="position"><real id="x">314.5</real><real id="y">196.5</real></point><size id="size"><real id="width">64</real><real id="height">32</real></size></attributes><aspects/></actor><actor id="id126942" prototype="id671229"><attributes><point id="position"><real id="x">253.5</real><real id="y">123.5</real></point><size id="size"><real id="width">128</real><real id="height">48</real></size></attributes><aspects/></actor><actor id="id557274" prototype="id325625"><attributes><point id="position"><real id="x">431.5</real><real id="y">240.5</real></point><size id="size"><real id="width">8</real><real id="height">28</real></size></attributes><aspects/></actor><actor id="id118992" prototype="id168841"><attributes><point id="position"><real id="x">430.5</real><real id="y">258.5</real></point></attributes><aspects/></actor></actors><attributes><text id="name">Background</text><boolean id="scrollable">true</boolean></attributes></layer></layers><attributes><text id="name">Initial Scene</text><real id="time">0</real><size id="size"><real id="width">480</real><real id="height">320</real></size><boolean id="wrapX">false</boolean><boolean id="wrapY">false</boolean><point id="gravity"><real id="x">0</real><real id="y">0</real></point><color id="color"><real id="red">1</real><real id="green">1</real><real id="blue">1</real><real id="alpha">1</real></color><rect id="camera"><point id="origin"><real id="x">0</real><real id="y">0</real></point><size id="size"><real id="width">480</real><real id="height">320</real></size><size id="trackingArea"><real id="width">400</real><real id="height">260</real></size><real id="rotation">0</real></rect><attributes id="autorotate"><boolean id="landscapeLeft">true</boolean><boolean id="portrait">false</boolean><boolean id="landscapeRight">false</boolean><boolean id="portraitUpsideDown">false</boolean></attributes></attributes></scene>
