<?xml version="1.0" encoding="UTF-8"?><actor PGFVersion="0.17" id="id494022" GSCVersion="0.9.5"><attributes><text id="name">star copy</text><real id="time">0</real><point id="position"><real id="x">0</real><real id="y">0</real></point><size id="size"><real id="width">67</real><real id="height">43</real></size><angle id="rotation">0</angle><color id="color"><real id="red">1</real><real id="green">1</real><real id="blue">1</real><real id="alpha">1</real></color><image id="image">invader</image><text id="tags"/><boolean name="active" id="id101264">false</boolean></attributes><behaviors><behavior enabled="true" id="id367450" class="RuleBehavior"><attributes><text id="name">take life away rule</text><text id="bundleName">Rule.behavior</text><real id="compoundConditionKind">0</real></attributes><conditions><condition id="id763275" eventType="mouse button"><attributes><index id="conditionType">1</index><text id="subjectAttribute">self.attributes.position.y</text></attributes><predicate type="number"><attributes><text id="operator">&lt;</text><real id="RHS">0</real></attributes></predicate></condition><condition id="id168002" eventType="mouse button"><attributes><index id="conditionType">1</index><text id="subjectAttribute">game.attributes.id352185</text></attributes><predicate type="number"><attributes><text id="operator">&gt;</text><real id="RHS">0</real></attributes></predicate></condition></conditions><behaviors><behavior id="id540369" class="ChangeAttributeAction" enabled="true"><attributes><text id="name">Change Attribute</text><text id="bundleName">ChangeAttribute.behavior</text><text id="targetAttribute">game.attributes.id352185</text><text id="RHS"><expression><reference keypath="game.attributes.id352185"/><string>-1</string></expression></text></attributes></behavior></behaviors><elseBehaviors/></behavior><behavior id="id108401" class="ChangeAttributeAction" enabled="true"><attributes><text id="name">Change rotation</text><text id="bundleName">ChangeAttribute.behavior</text><text id="targetAttribute">self.aspects.motion.attributes.angularVelocity</text><text id="RHS"><expression><string>random(10,30)</string></expression></text></attributes></behavior><behavior id="id891242" class="ChangeVelocityAction" enabled="true"><attributes><text id="name">move down</text><text id="bundleName">ChangeVelocity.behavior</text><angle id="direction">270</angle><index id="space">1</index><real id="speed"><expression><reference keypath="game.attributes.id721685"/></expression></real></attributes></behavior><behavior enabled="true" id="id427928" class="RuleBehavior"><attributes><text id="name">if near line change direction to center</text><text id="bundleName">Rule.behavior</text><real id="compoundConditionKind">0</real></attributes><conditions><condition id="id429629" eventType="mouse button"><attributes><index id="conditionType">1</index><text id="subjectAttribute">self.attributes.position.y</text></attributes><predicate type="number"><attributes><text id="operator">&lt;</text><real id="RHS"><expression><reference keypath="game.attributes.id356011"/><string>+20</string></expression></real></attributes></predicate></condition><condition id="id882061" eventType="mouse button"><attributes><index id="conditionType">1</index><text id="subjectAttribute">self.attributes.position.x</text></attributes><predicate type="number"><attributes><text id="operator">&lt;</text><real id="RHS">140</real></attributes></predicate></condition></conditions><behaviors><behavior id="id608668" class="ChangeVelocityAction" enabled="true"><attributes><text id="name">Change Velocity</text><text id="bundleName">ChangeVelocity.behavior</text><angle id="direction">116.565</angle><index id="space">1</index><real id="speed"><expression><reference keypath="self.aspects.motion.attributes.linearVelocity.y"/></expression></real></attributes></behavior><behavior id="id393338" class="TimerBehavior" enabled="true"><attributes><text id="name">End game if hit line</text><text id="bundleName">Timer.behavior</text><index id="timerType">1</index><real id="interval">1</real><boolean id="runToCompletion">false</boolean></attributes><behaviors><behavior id="id917223" class="ChangeAttributeAction" enabled="true"><attributes><text id="name">Change Attribute</text><text id="bundleName">ChangeAttribute.behavior</text><text id="targetAttribute">game.attributes.id802847</text><text id="RHS">true</text></attributes></behavior></behaviors></behavior></behaviors><elseBehaviors/></behavior><behavior enabled="true" id="id632833" class="RuleBehavior"><attributes><text id="name">if near line change direction to center</text><text id="bundleName">Rule.behavior</text><real id="compoundConditionKind">0</real></attributes><conditions><condition id="id429629" eventType="mouse button"><attributes><index id="conditionType">1</index><text id="subjectAttribute">self.attributes.position.y</text></attributes><predicate type="number"><attributes><text id="operator">&lt;</text><real id="RHS"><expression><reference keypath="game.attributes.id356011"/><string>+20</string></expression></real></attributes></predicate></condition><condition id="id882061" eventType="mouse button"><attributes><index id="conditionType">1</index><text id="subjectAttribute">self.attributes.position.x</text></attributes><predicate type="number"><attributes><text id="operator">&gt;</text><real id="RHS">180</real></attributes></predicate></condition></conditions><behaviors><behavior id="id608668" class="ChangeVelocityAction" enabled="true"><attributes><text id="name">Change Velocity</text><text id="bundleName">ChangeVelocity.behavior</text><angle id="direction">50.1944</angle><index id="space">1</index><real id="speed"><expression><reference keypath="self.aspects.motion.attributes.linearVelocity.y"/></expression></real></attributes></behavior><behavior id="id267562" class="TimerBehavior" enabled="true"><attributes><text id="name">End Game if hit line</text><text id="bundleName">Timer.behavior</text><index id="timerType">1</index><real id="interval">1</real><boolean id="runToCompletion">false</boolean></attributes><behaviors><behavior id="id573824" class="ChangeAttributeAction" enabled="true"><attributes><text id="name">Change Attribute</text><text id="bundleName">ChangeAttribute.behavior</text><text id="targetAttribute">game.attributes.id802847</text><text id="RHS">true</text></attributes></behavior></behaviors></behavior></behaviors><elseBehaviors/></behavior><behavior enabled="true" id="id911354" class="RuleBehavior"><attributes><text id="name">Rule</text><text id="bundleName">Rule.behavior</text><real id="compoundConditionKind">0</real></attributes><conditions><condition id="id137427" eventType="overlaps or collides"><attributes><index id="conditionType">0</index></attributes><predicate type="collision"><attributes><text id="prototypeKey">id253225</text><text id="actorTag"/><real id="mode">0</real></attributes></predicate></condition><condition id="id942688" eventType="mouse button"><attributes><index id="conditionType">1</index><text id="subjectAttribute">game.devices.touches.count</text></attributes><predicate type="number"><attributes><text id="operator">=</text><real id="RHS">0</real></attributes></predicate></condition></conditions><behaviors><behavior id="id954544" class="SpawnAction" enabled="true"><attributes><text id="name">Spawn Actor</text><text id="bundleName">Spawn.behavior</text><text id="prototypeKey">id897714</text><angle id="direction">0</angle><index id="directionSpace">0</index><real id="x">0</real><real id="y">0</real><index id="positionSpace">0</index><index id="layerOrder">0</index></attributes></behavior><behavior id="id798580" class="DestroyAction" enabled="true"><attributes><text id="name">Destroy</text><text id="bundleName">Destroy.behavior</text></attributes></behavior></behaviors><elseBehaviors/></behavior><behavior enabled="true" id="id878165" class="RuleBehavior"><attributes><text id="name">destroy stars if its game over</text><text id="bundleName">Rule.behavior</text><real id="compoundConditionKind">0</real></attributes><conditions><condition id="id576312" eventType="mouse button"><attributes><index id="conditionType">1</index><text id="subjectAttribute">game.attributes.id802847</text></attributes><predicate type="boolean"><attributes><index id="RHS">1</index></attributes></predicate></condition></conditions><behaviors><behavior id="id819447" class="DestroyAction" enabled="true"><attributes><text id="name">Destroy</text><text id="bundleName">Destroy.behavior</text></attributes></behavior></behaviors><elseBehaviors/></behavior><behavior enabled="true" id="id743646" class="RuleBehavior"><attributes><text id="name">Rule</text><text id="bundleName">Rule.behavior</text><real id="compoundConditionKind">0</real></attributes><conditions><condition id="id877035" eventType="mouse button"><attributes><index id="conditionType">1</index><text id="subjectAttribute">game.attributes.id360253</text></attributes><predicate type="boolean"><attributes><index id="RHS">1</index></attributes></predicate></condition></conditions><behaviors><behavior id="id764322" class="ChangeAttributeAction" enabled="true"><attributes><text id="name">Change Attribute</text><text id="bundleName">ChangeAttribute.behavior</text><text id="targetAttribute">game.attributes.id924404</text><text id="RHS"><expression><reference keypath="game.attributes.id924404"/><string>+100</string></expression></text></attributes></behavior><behavior id="id860383" class="DestroyAction" enabled="true"><attributes><text id="name">Destroy</text><text id="bundleName">Destroy.behavior</text></attributes></behavior></behaviors><elseBehaviors/></behavior><behavior enabled="true" id="id804255" class="RuleBehavior"><attributes><text id="name">Game Pause</text><text id="bundleName">Rule.behavior</text><real id="compoundConditionKind">0</real></attributes><conditions><condition id="id823490" eventType="mouse button"><attributes><index id="conditionType">1</index><text id="subjectAttribute">game.attributes.id135752</text></attributes><predicate type="boolean"><attributes><index id="RHS">1</index></attributes></predicate></condition></conditions><behaviors><behavior id="id627849" class="ChangeAttributeAction" enabled="true"><attributes><text id="name">Change Attribute</text><text id="bundleName">ChangeAttribute.behavior</text><text id="targetAttribute">self.attributes.color.alpha</text><text id="RHS">0</text></attributes></behavior></behaviors><elseBehaviors><behavior id="id645349" class="ChangeAttributeAction" enabled="true"><attributes><text id="name">Change Attribute</text><text id="bundleName">ChangeAttribute.behavior</text><text id="targetAttribute">self.attributes.color.alpha</text><text id="RHS">1</text></attributes></behavior></elseBehaviors></behavior><behavior id="id122695" class="TimerBehavior" enabled="true"><attributes><text id="name">Change size for 3D effect</text><text id="bundleName">Timer.behavior</text><index id="timerType">0</index><real id="interval">1</real><boolean id="runToCompletion">false</boolean></attributes><behaviors><behavior id="id850563" class="ChangeAttributeAction" enabled="true"><attributes><text id="name">Change Attribute</text><text id="bundleName">ChangeAttribute.behavior</text><text id="targetAttribute">self.attributes.size.width</text><text id="RHS"><expression><reference keypath="self.attributes.size.width"/><string>+3</string></expression></text></attributes></behavior><behavior id="id418672" class="ChangeAttributeAction" enabled="true"><attributes><text id="name">Change Attribute</text><text id="bundleName">ChangeAttribute.behavior</text><text id="targetAttribute">self.attributes.size.height</text><text id="RHS"><expression><reference keypath="self.attributes.size.height"/><string>+3</string></expression></text></attributes></behavior></behaviors></behavior></behaviors><aspects><graphics><attributes><boolean id="visible">true</boolean><enumeration id="blendingMode">0</enumeration><enumeration id="horizontalWrap">0</enumeration><enumeration id="verticalWrap">0</enumeration></attributes></graphics><motion><attributes><point id="linearVelocity"><real id="x">0</real><real id="y">0</real></point><real id="angularVelocity">0</real><real id="maxSpeed">0</real><boolean id="applyMaxSpeed">false</boolean></attributes></motion><physics><attributes><real id="density">1</real><real id="friction">3</real><real id="restitution">1</real><boolean id="fixedRotation">false</boolean><boolean id="movable">true</boolean><enumeration id="collisionShape">0</enumeration><real id="drag">0</real><real id="angularDrag">0</real></attributes></physics></aspects></actor>