<?xml version="1.0" encoding="UTF-8"?><actor PGFVersion="0.17" id="id908033" GSCVersion="0.9.5"><attributes><text id="name">Spawner</text><real id="time">0</real><point id="position"><real id="x">0</real><real id="y">0</real></point><size id="size"><real id="width">240</real><real id="height">213</real></size><angle id="rotation">0</angle><color id="color"><real id="red">0</real><real id="green">1</real><real id="blue">0</real><real id="alpha">1</real></color><image id="image"/><text id="tags"/><integer name="Bonus" id="id161861">0</integer></attributes><behaviors><behavior enabled="true" id="id759090" class="RuleBehavior"><attributes><text id="name">Spawn Enemy</text><text id="bundleName">Rule.behavior</text><real id="compoundConditionKind">0</real></attributes><conditions><condition id="id866380" eventType="mouse button"><attributes><index id="conditionType">1</index><text id="subjectAttribute">game.attributes.id753719</text></attributes><predicate type="boolean"><attributes><index id="RHS">1</index></attributes></predicate></condition></conditions><behaviors><behavior id="id230627" class="TimerBehavior" enabled="true"><attributes><text id="name">Timer</text><text id="bundleName">Timer.behavior</text><index id="timerType">0</index><real id="interval"><expression><reference keypath="game.attributes.id354301"/></expression></real><boolean id="runToCompletion">true</boolean></attributes><behaviors><behavior id="id525718" class="ChangeAttributeAction" enabled="true"><attributes><text id="name">Change Attribute</text><text id="bundleName">ChangeAttribute.behavior</text><text id="targetAttribute">game.attributes.id665450</text><text id="RHS"><expression><reference keypath="game.attributes.id665450"/><string>+1</string></expression></text></attributes></behavior><behavior id="id466638" class="SpawnAction" enabled="true"><attributes><text id="name">Spawn Actor</text><text id="bundleName">Spawn.behavior</text><text id="prototypeKey">id166606</text><angle id="direction">0</angle><index id="directionSpace">1</index><real id="x"><expression><string>random(20,300)</string></expression></real><real id="y">500</real><index id="positionSpace">1</index><index id="layerOrder">0</index></attributes></behavior></behaviors></behavior></behaviors><elseBehaviors/></behavior><behavior id="id934078" class="TimerBehavior" enabled="true"><attributes><text id="name">Timer</text><text id="bundleName">Timer.behavior</text><index id="timerType">0</index><real id="interval">0.5</real><boolean id="runToCompletion">true</boolean></attributes><behaviors><behavior id="id948959" class="ChangeAttributeAction" enabled="true"><attributes><text id="name">Change Attribute</text><text id="bundleName">ChangeAttribute.behavior</text><text id="targetAttribute">game.attributes.id978628</text><text id="RHS">true</text></attributes></behavior></behaviors></behavior><behavior enabled="true" id="id455247" class="RuleBehavior"><attributes><text id="name">Rule</text><text id="bundleName">Rule.behavior</text><real id="compoundConditionKind">0</real></attributes><conditions><condition id="id856081" eventType="mouse button"><attributes><index id="conditionType">1</index><text id="subjectAttribute">game.attributes.id978628</text></attributes><predicate type="boolean"><attributes><index id="RHS">1</index></attributes></predicate></condition></conditions><behaviors><behavior id="id226699" class="TimerBehavior" enabled="true"><attributes><text id="name">Timer</text><text id="bundleName">Timer.behavior</text><index id="timerType">1</index><real id="interval">0.3</real><boolean id="runToCompletion">true</boolean></attributes><behaviors><behavior id="id974733" class="ChangeAttributeAction" enabled="true"><attributes><text id="name">Change Attribute</text><text id="bundleName">ChangeAttribute.behavior</text><text id="targetAttribute">game.attributes.id978628</text><text id="RHS">false</text></attributes></behavior></behaviors></behavior></behaviors><elseBehaviors/></behavior><behavior enabled="true" id="id164488" class="RuleBehavior"><attributes><text id="name">End Game if out of lives</text><text id="bundleName">Rule.behavior</text><real id="compoundConditionKind">0</real></attributes><conditions><condition id="id348685" eventType="mouse button"><attributes><index id="conditionType">1</index><text id="subjectAttribute">game.attributes.id352185</text></attributes><predicate type="number"><attributes><text id="operator">&lt;=</text><real id="RHS">0</real></attributes></predicate></condition></conditions><behaviors><behavior id="id350009" class="ChangeAttributeAction" enabled="true"><attributes><text id="name">Change Attribute</text><text id="bundleName">ChangeAttribute.behavior</text><text id="targetAttribute">game.attributes.id802847</text><text id="RHS">true</text></attributes></behavior></behaviors><elseBehaviors/></behavior><behavior enabled="true" id="id761274" class="RuleBehavior"><attributes><text id="name">Rule</text><text id="bundleName">Rule.behavior</text><real id="compoundConditionKind">0</real></attributes><conditions><condition id="id567094" eventType="mouse button"><attributes><index id="conditionType">1</index><text id="subjectAttribute">game.attributes.id372094</text></attributes><predicate type="number"><attributes><text id="operator">&gt;</text><real id="RHS">1</real></attributes></predicate></condition></conditions><behaviors><behavior id="id939552" class="TimerBehavior" enabled="true"><attributes><text id="name">Timer</text><text id="bundleName">Timer.behavior</text><index id="timerType">1</index><real id="interval">10</real><boolean id="runToCompletion">true</boolean></attributes><behaviors><behavior id="id256775" class="ChangeAttributeAction" enabled="true"><attributes><text id="name">Change Attribute</text><text id="bundleName">ChangeAttribute.behavior</text><text id="targetAttribute">game.attributes.id372094</text><text id="RHS">1</text></attributes></behavior></behaviors></behavior></behaviors><elseBehaviors/></behavior><behavior enabled="true" id="id374891" class="RuleBehavior"><attributes><text id="name">Rule</text><text id="bundleName">Rule.behavior</text><real id="compoundConditionKind">0</real></attributes><conditions><condition id="id428968" eventType="mouse button"><attributes><index id="conditionType">1</index><text id="subjectAttribute">game.attributes.id802847</text></attributes><predicate type="boolean"><attributes><index id="RHS">1</index></attributes></predicate></condition></conditions><behaviors><behavior id="id505844" class="SpawnAction" enabled="true"><attributes><text id="name">Spawn Actor</text><text id="bundleName">Spawn.behavior</text><text id="prototypeKey">id643524</text><angle id="direction">0</angle><index id="directionSpace">1</index><real id="x">160</real><real id="y">240</real><index id="positionSpace">1</index><index id="layerOrder">2</index></attributes></behavior></behaviors><elseBehaviors/></behavior><behavior enabled="true" id="id764833" class="RuleBehavior"><attributes><text id="name">Rule</text><text id="bundleName">Rule.behavior</text><real id="compoundConditionKind">0</real></attributes><conditions><condition id="id268397" eventType="touch"><attributes><index id="conditionType">1</index><text id="subjectAttribute">game.attributes.id360253</text></attributes><predicate type="boolean"><attributes><index id="RHS">1</index></attributes></predicate></condition></conditions><behaviors><behavior id="id606018" class="TimerBehavior" enabled="true"><attributes><text id="name">Timer</text><text id="bundleName">Timer.behavior</text><index id="timerType">1</index><real id="interval">1</real><boolean id="runToCompletion">true</boolean></attributes><behaviors><behavior id="id548847" class="ChangeAttributeAction" enabled="true"><attributes><text id="name">Change Attribute</text><text id="bundleName">ChangeAttribute.behavior</text><text id="targetAttribute">game.attributes.id360253</text><text id="RHS">false</text></attributes></behavior></behaviors></behavior></behaviors><elseBehaviors/></behavior><behavior id="id306220" class="TimerBehavior" enabled="true"><attributes><text id="name">Randomize the bonus drop</text><text id="bundleName">Timer.behavior</text><index id="timerType">0</index><real id="interval">0.3</real><boolean id="runToCompletion">true</boolean></attributes><behaviors><behavior id="id141214" class="ChangeAttributeAction" enabled="true"><attributes><text id="name">Change Attribute</text><text id="bundleName">ChangeAttribute.behavior</text><text id="targetAttribute">self.attributes.id161861</text><text id="RHS"><expression><string>random(1,6)</string></expression></text></attributes></behavior></behaviors></behavior><behavior id="id686772" class="TimerBehavior" enabled="true"><attributes><text id="name">bonus balls</text><text id="bundleName">Timer.behavior</text><index id="timerType">0</index><real id="interval">20</real><boolean id="runToCompletion">true</boolean></attributes><behaviors><behavior enabled="true" id="id565205" class="RuleBehavior"><attributes><text id="name">Spawn 2x Bonus points</text><text id="bundleName">Rule.behavior</text><real id="compoundConditionKind">0</real></attributes><conditions><condition id="id689871" eventType="mouse button"><attributes><index id="conditionType">1</index><text id="subjectAttribute">self.attributes.id161861</text></attributes><predicate type="number"><attributes><text id="operator">=</text><real id="RHS">1</real></attributes></predicate></condition><condition id="id236582" eventType="touch"><attributes><index id="conditionType">1</index><text id="subjectAttribute">game.attributes.id753719</text></attributes><predicate type="boolean"><attributes><index id="RHS">1</index></attributes></predicate></condition></conditions><behaviors><behavior id="id511855" class="SpawnAction" enabled="true"><attributes><text id="name">Spawn Actor</text><text id="bundleName">Spawn.behavior</text><text id="prototypeKey">id683849</text><angle id="direction">0</angle><index id="directionSpace">1</index><real id="x"><expression><string>random(30,290)</string></expression></real><real id="y">500</real><index id="positionSpace">1</index><index id="layerOrder">0</index></attributes></behavior></behaviors><elseBehaviors/></behavior><behavior enabled="true" id="id580953" class="RuleBehavior"><attributes><text id="name">Spawn 3x Bonus points</text><text id="bundleName">Rule.behavior</text><real id="compoundConditionKind">0</real></attributes><conditions><condition id="id689871" eventType="mouse button"><attributes><index id="conditionType">1</index><text id="subjectAttribute">self.attributes.id161861</text></attributes><predicate type="number"><attributes><text id="operator">=</text><real id="RHS">2</real></attributes></predicate></condition><condition id="id646563" eventType="touch"><attributes><index id="conditionType">1</index><text id="subjectAttribute">game.attributes.id753719</text></attributes><predicate type="boolean"><attributes><index id="RHS">1</index></attributes></predicate></condition></conditions><behaviors><behavior id="id511855" class="SpawnAction" enabled="true"><attributes><text id="name">Spawn Actor</text><text id="bundleName">Spawn.behavior</text><text id="prototypeKey">id757812</text><angle id="direction">0</angle><index id="directionSpace">1</index><real id="x"><expression><string>random(30,290)</string></expression></real><real id="y">500</real><index id="positionSpace">1</index><index id="layerOrder">0</index></attributes></behavior></behaviors><elseBehaviors/></behavior><behavior enabled="true" id="id553900" class="RuleBehavior"><attributes><text id="name">Spawn Lightning</text><text id="bundleName">Rule.behavior</text><real id="compoundConditionKind">0</real></attributes><conditions><condition id="id689871" eventType="mouse button"><attributes><index id="conditionType">1</index><text id="subjectAttribute">self.attributes.id161861</text></attributes><predicate type="number"><attributes><text id="operator">=</text><real id="RHS">3</real></attributes></predicate></condition><condition id="id791848" eventType="touch"><attributes><index id="conditionType">1</index><text id="subjectAttribute">game.attributes.id753719</text></attributes><predicate type="boolean"><attributes><index id="RHS">1</index></attributes></predicate></condition></conditions><behaviors><behavior id="id511855" class="SpawnAction" enabled="true"><attributes><text id="name">Spawn Actor</text><text id="bundleName">Spawn.behavior</text><text id="prototypeKey">id997208</text><angle id="direction">0</angle><index id="directionSpace">1</index><real id="x"><expression><string>random(30,290)</string></expression></real><real id="y">500</real><index id="positionSpace">1</index><index id="layerOrder">0</index></attributes></behavior></behaviors><elseBehaviors/></behavior><behavior enabled="true" id="id914469" class="RuleBehavior"><attributes><text id="name">Spawn Extra life</text><text id="bundleName">Rule.behavior</text><real id="compoundConditionKind">0</real></attributes><conditions><condition id="id689871" eventType="mouse button"><attributes><index id="conditionType">1</index><text id="subjectAttribute">self.attributes.id161861</text></attributes><predicate type="number"><attributes><text id="operator">=</text><real id="RHS">4</real></attributes></predicate></condition><condition id="id791848" eventType="touch"><attributes><index id="conditionType">1</index><text id="subjectAttribute">game.attributes.id753719</text></attributes><predicate type="boolean"><attributes><index id="RHS">1</index></attributes></predicate></condition></conditions><behaviors><behavior id="id511855" class="SpawnAction" enabled="true"><attributes><text id="name">Spawn Actor</text><text id="bundleName">Spawn.behavior</text><text id="prototypeKey">id690612</text><angle id="direction">0</angle><index id="directionSpace">1</index><real id="x"><expression><string>random(30,290)</string></expression></real><real id="y">500</real><index id="positionSpace">1</index><index id="layerOrder">0</index></attributes></behavior></behaviors><elseBehaviors/></behavior><behavior enabled="true" id="id653976" class="RuleBehavior"><attributes><text id="name">Spawn Bounce</text><text id="bundleName">Rule.behavior</text><real id="compoundConditionKind">0</real></attributes><conditions><condition id="id689871" eventType="mouse button"><attributes><index id="conditionType">1</index><text id="subjectAttribute">self.attributes.id161861</text></attributes><predicate type="number"><attributes><text id="operator">=</text><real id="RHS">5</real></attributes></predicate></condition><condition id="id791848" eventType="touch"><attributes><index id="conditionType">1</index><text id="subjectAttribute">game.attributes.id753719</text></attributes><predicate type="boolean"><attributes><index id="RHS">1</index></attributes></predicate></condition></conditions><behaviors><behavior id="id511855" class="SpawnAction" enabled="true"><attributes><text id="name">Spawn Actor</text><text id="bundleName">Spawn.behavior</text><text id="prototypeKey">id189991</text><angle id="direction">0</angle><index id="directionSpace">1</index><real id="x"><expression><string>random(30,290)</string></expression></real><real id="y">500</real><index id="positionSpace">1</index><index id="layerOrder">0</index></attributes></behavior></behaviors><elseBehaviors/></behavior><behavior enabled="true" id="id560053" class="RuleBehavior"><attributes><text id="name">Spawn Vortex</text><text id="bundleName">Rule.behavior</text><real id="compoundConditionKind">0</real></attributes><conditions><condition id="id689871" eventType="mouse button"><attributes><index id="conditionType">1</index><text id="subjectAttribute">self.attributes.id161861</text></attributes><predicate type="number"><attributes><text id="operator">=</text><real id="RHS">6</real></attributes></predicate></condition><condition id="id791848" eventType="touch"><attributes><index id="conditionType">1</index><text id="subjectAttribute">game.attributes.id753719</text></attributes><predicate type="boolean"><attributes><index id="RHS">1</index></attributes></predicate></condition></conditions><behaviors><behavior id="id511855" class="SpawnAction" enabled="true"><attributes><text id="name">Spawn Actor</text><text id="bundleName">Spawn.behavior</text><text id="prototypeKey">id123458</text><angle id="direction">0</angle><index id="directionSpace">1</index><real id="x"><expression><string>random(30,290)</string></expression></real><real id="y">500</real><index id="positionSpace">1</index><index id="layerOrder">0</index></attributes></behavior></behaviors><elseBehaviors/></behavior></behaviors></behavior><behavior id="id642589" class="CompoundBehavior" enabled="true"><attributes><text id="name">get harder</text><text id="bundleName">Group.behavior</text></attributes><behaviors><behavior enabled="true" id="id605678" class="RuleBehavior"><attributes><text id="name">20 stars</text><text id="bundleName">Rule.behavior</text><real id="compoundConditionKind">0</real></attributes><conditions><condition id="id851105" eventType="mouse button"><attributes><index id="conditionType">1</index><text id="subjectAttribute">game.attributes.id665450</text></attributes><predicate type="number"><attributes><text id="operator">&gt;</text><real id="RHS">20</real></attributes></predicate></condition></conditions><behaviors><behavior id="id556469" class="ChangeAttributeAction" enabled="true"><attributes><text id="name">Change Attribute</text><text id="bundleName">ChangeAttribute.behavior</text><text id="targetAttribute">game.attributes.id354301</text><text id="RHS">0.7</text></attributes></behavior><behavior id="id386776" class="ChangeAttributeAction" enabled="true"><attributes><text id="name">Change Attribute</text><text id="bundleName">ChangeAttribute.behavior</text><text id="targetAttribute">game.attributes.id721685</text><text id="RHS">65</text></attributes></behavior></behaviors><elseBehaviors/></behavior><behavior enabled="true" id="id948088" class="RuleBehavior"><attributes><text id="name">40 stars</text><text id="bundleName">Rule.behavior</text><real id="compoundConditionKind">0</real></attributes><conditions><condition id="id851105" eventType="mouse button"><attributes><index id="conditionType">1</index><text id="subjectAttribute">game.attributes.id665450</text></attributes><predicate type="number"><attributes><text id="operator">&gt;</text><real id="RHS">40</real></attributes></predicate></condition></conditions><behaviors><behavior id="id556469" class="ChangeAttributeAction" enabled="true"><attributes><text id="name">Change Attribute</text><text id="bundleName">ChangeAttribute.behavior</text><text id="targetAttribute">game.attributes.id354301</text><text id="RHS">0.6</text></attributes></behavior><behavior id="id386776" class="ChangeAttributeAction" enabled="true"><attributes><text id="name">Change Attribute</text><text id="bundleName">ChangeAttribute.behavior</text><text id="targetAttribute">game.attributes.id721685</text><text id="RHS">70</text></attributes></behavior></behaviors><elseBehaviors/></behavior><behavior enabled="true" id="id543476" class="RuleBehavior"><attributes><text id="name">60 stars</text><text id="bundleName">Rule.behavior</text><real id="compoundConditionKind">0</real></attributes><conditions><condition id="id851105" eventType="mouse button"><attributes><index id="conditionType">1</index><text id="subjectAttribute">game.attributes.id665450</text></attributes><predicate type="number"><attributes><text id="operator">&gt;</text><real id="RHS">60</real></attributes></predicate></condition></conditions><behaviors><behavior id="id556469" class="ChangeAttributeAction" enabled="true"><attributes><text id="name">Change Attribute</text><text id="bundleName">ChangeAttribute.behavior</text><text id="targetAttribute">game.attributes.id354301</text><text id="RHS">0.5</text></attributes></behavior><behavior id="id386776" class="ChangeAttributeAction" enabled="true"><attributes><text id="name">Change Attribute</text><text id="bundleName">ChangeAttribute.behavior</text><text id="targetAttribute">game.attributes.id721685</text><text id="RHS">75</text></attributes></behavior></behaviors><elseBehaviors/></behavior><behavior enabled="true" id="id192101" class="RuleBehavior"><attributes><text id="name">80 stars</text><text id="bundleName">Rule.behavior</text><real id="compoundConditionKind">0</real></attributes><conditions><condition id="id851105" eventType="mouse button"><attributes><index id="conditionType">1</index><text id="subjectAttribute">game.attributes.id665450</text></attributes><predicate type="number"><attributes><text id="operator">&gt;</text><real id="RHS">80</real></attributes></predicate></condition></conditions><behaviors><behavior id="id556469" class="ChangeAttributeAction" enabled="true"><attributes><text id="name">Change Attribute</text><text id="bundleName">ChangeAttribute.behavior</text><text id="targetAttribute">game.attributes.id354301</text><text id="RHS">0.4</text></attributes></behavior><behavior id="id386776" class="ChangeAttributeAction" enabled="true"><attributes><text id="name">Change Attribute</text><text id="bundleName">ChangeAttribute.behavior</text><text id="targetAttribute">game.attributes.id721685</text><text id="RHS">80</text></attributes></behavior></behaviors><elseBehaviors/></behavior></behaviors></behavior><behavior enabled="true" id="id159529" class="RuleBehavior"><attributes><text id="name">No Bonus if game is over</text><text id="bundleName">Rule.behavior</text><real id="compoundConditionKind">0</real></attributes><conditions><condition id="id896118" eventType="touch"><attributes><index id="conditionType">1</index><text id="subjectAttribute">game.attributes.id802847</text></attributes><predicate type="boolean"><attributes><index id="RHS">1</index></attributes></predicate></condition></conditions><behaviors><behavior id="id705180" class="ChangeAttributeAction" enabled="true"><attributes><text id="name">Change Attribute</text><text id="bundleName">ChangeAttribute.behavior</text><text id="targetAttribute">game.attributes.id753719</text><text id="RHS">false</text></attributes></behavior></behaviors><elseBehaviors/></behavior></behaviors><aspects><graphics><attributes><boolean id="visible">true</boolean><enumeration id="blendingMode">0</enumeration><enumeration id="horizontalWrap">0</enumeration><enumeration id="verticalWrap">0</enumeration></attributes></graphics><motion><attributes><point id="linearVelocity"><real id="x">0</real><real id="y">0</real></point><real id="angularVelocity">0</real><real id="maxSpeed">0</real><boolean id="applyMaxSpeed">false</boolean></attributes></motion><physics><attributes><real id="density">1</real><real id="friction">3</real><real id="restitution">1</real><boolean id="fixedRotation">false</boolean><boolean id="movable">true</boolean><enumeration id="collisionShape">0</enumeration><real id="drag">0</real><real id="angularDrag">0</real></attributes></physics></aspects></actor>