<?xml version="1.0" encoding="UTF-8"?><actor PGFVersion="0.17" id="id983940" GSCVersion="0.9.5"><attributes><text id="name">status bar</text><real id="time">0</real><point id="position"><real id="x">0</real><real id="y">0</real></point><size id="size"><real id="width">768</real><real id="height">100</real></size><angle id="rotation">0</angle><color id="color"><real id="red">1</real><real id="green">1</real><real id="blue">1</real><real id="alpha">0.62</real></color><image id="image">status bar</image><text id="tags"/></attributes><behaviors><behavior enabled="true" id="id545702" class="RuleBehavior"><attributes><text id="name">Keep normal status color</text><text id="bundleName">Rule.behavior</text><real id="compoundConditionKind">1</real></attributes><conditions><condition id="id431581" eventType="touch"><attributes><index id="conditionType">1</index><text id="subjectAttribute">game.attributes.id372094</text></attributes><predicate type="number"><attributes><text id="operator">=</text><real id="RHS">1</real></attributes></predicate></condition></conditions><behaviors><behavior id="id623894" class="ChangeAttributeAction" enabled="true"><attributes><text id="name">Change Attribute</text><text id="bundleName">ChangeAttribute.behavior</text><text id="targetAttribute">self.attributes.color.red</text><text id="RHS">1</text></attributes></behavior><behavior id="id114168" class="ChangeAttributeAction" enabled="true"><attributes><text id="name">Change Attribute</text><text id="bundleName">ChangeAttribute.behavior</text><text id="targetAttribute">self.attributes.color.green</text><text id="RHS">1</text></attributes></behavior><behavior id="id953841" class="ChangeAttributeAction" enabled="true"><attributes><text id="name">Change Attribute</text><text id="bundleName">ChangeAttribute.behavior</text><text id="targetAttribute">self.attributes.color.blue</text><text id="RHS">1</text></attributes></behavior></behaviors><elseBehaviors><behavior enabled="true" id="id800619" class="RuleBehavior"><attributes><text id="name">Change Color for bonus 2</text><text id="bundleName">Rule.behavior</text><real id="compoundConditionKind">0</real></attributes><conditions><condition id="id866121" eventType="touch"><attributes><index id="conditionType">1</index><text id="subjectAttribute">game.attributes.id372094</text></attributes><predicate type="number"><attributes><text id="operator">=</text><real id="RHS">2</real></attributes></predicate></condition></conditions><behaviors><behavior id="id377814" class="ChangeAttributeAction" enabled="true"><attributes><text id="name">Change Color R</text><text id="bundleName">ChangeAttribute.behavior</text><text id="targetAttribute">self.attributes.color.red</text><text id="RHS">0.006015441</text></attributes></behavior><behavior id="id120466" class="ChangeAttributeAction" enabled="true"><attributes><text id="name">Change Color G</text><text id="bundleName">ChangeAttribute.behavior</text><text id="targetAttribute">self.attributes.color.green</text><text id="RHS">1</text></attributes></behavior><behavior id="id274322" class="ChangeAttributeAction" enabled="true"><attributes><text id="name">Change Color B</text><text id="bundleName">ChangeAttribute.behavior</text><text id="targetAttribute">self.attributes.color.blue</text><text id="RHS">0.187642</text></attributes></behavior></behaviors><elseBehaviors/></behavior></elseBehaviors></behavior><behavior enabled="true" id="id315485" class="RuleBehavior"><attributes><text id="name">Change Color for loss of life</text><text id="bundleName">Rule.behavior</text><real id="compoundConditionKind">0</real></attributes><conditions><condition id="id866121" eventType="touch"><attributes><index id="conditionType">1</index><text id="subjectAttribute">game.attributes.id159592</text></attributes><predicate type="number"><attributes><text id="operator">=</text><real id="RHS">1</real></attributes></predicate></condition></conditions><behaviors><behavior id="id377814" class="ChangeAttributeAction" enabled="true"><attributes><text id="name">Change Color R</text><text id="bundleName">ChangeAttribute.behavior</text><text id="targetAttribute">self.attributes.color.red</text><text id="RHS">1</text></attributes></behavior><behavior id="id120466" class="ChangeAttributeAction" enabled="true"><attributes><text id="name">Change Color G</text><text id="bundleName">ChangeAttribute.behavior</text><text id="targetAttribute">self.attributes.color.green</text><text id="RHS">0.04487582</text></attributes></behavior><behavior id="id274322" class="ChangeAttributeAction" enabled="true"><attributes><text id="name">Change Color B</text><text id="bundleName">ChangeAttribute.behavior</text><text id="targetAttribute">self.attributes.color.blue</text><text id="RHS">0.03402406</text></attributes></behavior><behavior id="id776311" class="TimerBehavior" enabled="true"><attributes><text id="name">Return to normal color</text><text id="bundleName">Timer.behavior</text><index id="timerType">1</index><real id="interval">0.5</real><boolean id="runToCompletion">true</boolean></attributes><behaviors><behavior id="id758814" class="ChangeAttributeAction" enabled="true"><attributes><text id="name">Change Attribute</text><text id="bundleName">ChangeAttribute.behavior</text><text id="targetAttribute">game.attributes.id159592</text><text id="RHS">0</text></attributes></behavior><behavior id="id583014" class="ChangeAttributeAction" enabled="true"><attributes><text id="name">Change Attribute</text><text id="bundleName">ChangeAttribute.behavior</text><text id="targetAttribute">self.attributes.color.red</text><text id="RHS">1</text></attributes></behavior><behavior id="id552036" class="ChangeAttributeAction" enabled="true"><attributes><text id="name">Change Attribute</text><text id="bundleName">ChangeAttribute.behavior</text><text id="targetAttribute">self.attributes.color.green</text><text id="RHS">1</text></attributes></behavior><behavior id="id614526" class="ChangeAttributeAction" enabled="true"><attributes><text id="name">Change Attribute</text><text id="bundleName">ChangeAttribute.behavior</text><text id="targetAttribute">self.attributes.color.blue</text><text id="RHS">1</text></attributes></behavior></behaviors></behavior></behaviors><elseBehaviors/></behavior></behaviors><aspects><graphics><attributes><boolean id="visible">true</boolean><enumeration id="blendingMode">0</enumeration><enumeration id="horizontalWrap">0</enumeration><enumeration id="verticalWrap">0</enumeration></attributes></graphics><motion><attributes><point id="linearVelocity"><real id="x">0</real><real id="y">0</real></point><real id="angularVelocity">0</real><real id="maxSpeed">0</real><boolean id="applyMaxSpeed">false</boolean></attributes></motion><physics><attributes><real id="density">1</real><real id="friction">3</real><real id="restitution">1</real><boolean id="fixedRotation">false</boolean><boolean id="movable">true</boolean><enumeration id="collisionShape">0</enumeration><real id="drag">0</real><real id="angularDrag">0</real></attributes></physics></aspects></actor>