<?xml version="1.0" encoding="UTF-8"?><actor PGFVersion="0.17" id="id642143" GSCVersion="0.9.5"><attributes><text id="name">Splash bg</text><real id="time">0</real><point id="position"><real id="x">0</real><real id="y">0</real></point><size id="size"><real id="width">768</real><real id="height">1024</real></size><angle id="rotation">0</angle><color id="color"><real id="red">0</real><real id="green">0.815727</real><real id="blue">1</real><real id="alpha">1</real></color><image id="image">1_1</image><text id="tags"/></attributes><behaviors><behavior id="id678215" class="PlaySoundAction" enabled="true"><attributes><text id="name">Play Sound</text><text id="bundleName">PlaySound.behavior</text><sound id="soundName">C64 cassette loading noise</sound><boolean id="loop">false</boolean><boolean id="runToCompletion">false</boolean><boolean id="positional">false</boolean><boolean id="dopplerShift">false</boolean><real id="volume">0.198795</real><real id="pitch">1</real></attributes></behavior><behavior id="id225598" class="AnimateBehavior" enabled="true"><attributes><text id="name">Animate</text><text id="bundleName">Animate.behavior</text><text id="images">1_1	2_1	3_1	4_1	5_1	6_1	1_1	7_1	2_1	3_1	4_1	5_1	6_1	7_1	7_1</text><index id="speed">10</index><boolean id="loop">true</boolean><boolean id="restoreActorImage">true</boolean></attributes></behavior><behavior id="id461115" class="TimerBehavior" enabled="true"><attributes><text id="name">Timer</text><text id="bundleName">Timer.behavior</text><index id="timerType">1</index><real id="interval">3</real><boolean id="runToCompletion">true</boolean></attributes><behaviors><behavior id="id659964" class="SpawnAction" enabled="true"><attributes><text id="name">Spawn Actor</text><text id="bundleName">Spawn.behavior</text><text id="prototypeKey">id292038</text><angle id="direction">0</angle><index id="directionSpace">0</index><real id="x">161</real><real id="y">240.5</real><index id="positionSpace">1</index><index id="layerOrder">0</index></attributes></behavior></behaviors></behavior><behavior id="id336128" class="TimerBehavior" enabled="true"><attributes><text id="name">Change to next scene after loading</text><text id="bundleName">Timer.behavior</text><index id="timerType">1</index><real id="interval">7.5</real><boolean id="runToCompletion">true</boolean></attributes><behaviors><behavior id="id477073" class="ChangeAttributeAction" enabled="true"><attributes><text id="name">Change Attribute</text><text id="bundleName">ChangeAttribute.behavior</text><text id="targetAttribute">game.attributes.id159622</text><text id="RHS">true</text></attributes></behavior></behaviors></behavior></behaviors><aspects><graphics><attributes><boolean id="visible">true</boolean><enumeration id="blendingMode">0</enumeration><enumeration id="horizontalWrap">0</enumeration><enumeration id="verticalWrap">0</enumeration></attributes></graphics><motion><attributes><point id="linearVelocity"><real id="x">0</real><real id="y">0</real></point><real id="angularVelocity">0</real><real id="maxSpeed">0</real><boolean id="applyMaxSpeed">false</boolean></attributes></motion><physics><attributes><real id="density">1</real><real id="friction">3</real><real id="restitution">1</real><boolean id="fixedRotation">false</boolean><boolean id="movable">true</boolean><enumeration id="collisionShape">0</enumeration><real id="drag">0</real><real id="angularDrag">0</real></attributes></physics></aspects></actor>