<?xml version="1.0" encoding="UTF-8"?><actor PGFVersion="0.17" id="id253225" GSCVersion="0.9.5"><attributes><text id="name">shooter</text><real id="time">0</real><point id="position"><real id="x">0</real><real id="y">0</real></point><size id="size"><real id="width">5</real><real id="height">4</real></size><angle id="rotation">0</angle><color id="color"><real id="red">1</real><real id="green">1</real><real id="blue">1</real><real id="alpha">0</real></color><image id="image">shooter</image><text id="tags"/><boolean name="active" id="id261116">false</boolean><boolean name="con" id="id530591">false</boolean><integer name="hit star count" id="id464881">0</integer></attributes><behaviors><behavior enabled="true" id="id474080" class="RuleBehavior"><attributes><text id="name">Rule</text><text id="bundleName">Rule.behavior</text><real id="compoundConditionKind">0</real></attributes><conditions><condition id="id523274" eventType="mouse button"><attributes><index id="conditionType">1</index><text id="subjectAttribute">game.attributes.id753719</text></attributes><predicate type="boolean"><attributes><index id="RHS">1</index></attributes></predicate></condition></conditions><behaviors><behavior id="id771735" class="CompoundBehavior" enabled="true"><attributes><text id="name">Group</text><text id="bundleName">Group.behavior</text></attributes><behaviors><behavior enabled="true" id="id222352" class="RuleBehavior"><attributes><text id="name">Rule</text><text id="bundleName">Rule.behavior</text><real id="compoundConditionKind">0</real></attributes><conditions><condition id="id970023" eventType="overlaps or collides"><attributes><index id="conditionType">0</index></attributes><predicate type="collision"><attributes><text id="prototypeKey">id166606</text><text id="actorTag"/><real id="mode">0</real></attributes></predicate></condition></conditions><behaviors><behavior id="id619070" class="ChangeAttributeAction" enabled="true"><attributes><text id="name">Change Attribute</text><text id="bundleName">ChangeAttribute.behavior</text><text id="targetAttribute">self.attributes.id464881</text><text id="RHS"><expression><reference keypath="self.attributes.id464881"/><string>+1</string></expression></text></attributes></behavior><behavior id="id425359" class="ChangeAttributeAction" enabled="true"><attributes><text id="name">Change Attribute</text><text id="bundleName">ChangeAttribute.behavior</text><text id="targetAttribute">game.attributes.id924404</text><text id="RHS"><expression><reference keypath="game.attributes.id924404"/><string>+((100*</string><reference keypath="self.attributes.id464881"/><string>)*</string><reference keypath="game.attributes.id372094"/><string>)</string></expression></text></attributes></behavior></behaviors><elseBehaviors/></behavior><behavior id="id870539" class="InterpolateBehavior" enabled="true"><attributes><text id="name">Interpolate</text><text id="bundleName">Interpolate.behavior</text><boolean id="runToCompletion">true</boolean><text id="targetAttribute">self.attributes.color.alpha</text><real id="finalValue">1</real><real id="duration">0.5</real><index id="easing">0</index></attributes></behavior><behavior id="id452919" class="InterpolateBehavior" enabled="true"><attributes><text id="name">Interpolate</text><text id="bundleName">Interpolate.behavior</text><boolean id="runToCompletion">true</boolean><text id="targetAttribute">self.attributes.size.height</text><real id="finalValue">38</real><real id="duration">0.5</real><index id="easing">0</index></attributes></behavior><behavior id="id613755" class="InterpolateBehavior" enabled="true"><attributes><text id="name">Interpolate</text><text id="bundleName">Interpolate.behavior</text><boolean id="runToCompletion">true</boolean><text id="targetAttribute">self.attributes.size.width</text><real id="finalValue">38</real><real id="duration">0.5</real><index id="easing">0</index></attributes></behavior><behavior id="id650317" class="ChangeAttributeAction" enabled="true"><attributes><text id="name">Start Position</text><text id="bundleName">ChangeAttribute.behavior</text><text id="targetAttribute">self.attributes.position.y</text><text id="RHS">75</text></attributes></behavior><behavior id="id193886" class="ChangeAttributeAction" enabled="true"><attributes><text id="name">Change Attribute</text><text id="bundleName">ChangeAttribute.behavior</text><text id="targetAttribute">game.attributes.id461560</text><text id="RHS"><expression><string>75</string></expression></text></attributes></behavior><behavior id="id354188" class="ChangeAttributeAction" enabled="true"><attributes><text id="name">Change Attribute</text><text id="bundleName">ChangeAttribute.behavior</text><text id="targetAttribute">game.attributes.id903311</text><text id="RHS"><expression><string>161.5</string></expression></text></attributes></behavior><behavior id="id847439" class="ConstrainAttributeBehavior" enabled="true"><attributes><text id="name">Constrain Attribute</text><text id="bundleName">ConstrainAttribute.behavior</text><text id="targetAttribute">game.attributes.id270783</text><text id="RHS"><expression><string>magnitude(</string><reference keypath="game.attributes.id903311"/><string>-</string><reference keypath="self.attributes.position.x"/><string>,</string><reference keypath="game.attributes.id461560"/><string>-</string><reference keypath="self.attributes.position.y"/><string>)*20</string></expression></text></attributes></behavior><behavior enabled="true" id="id120143" class="RuleBehavior"><attributes><text id="name">Rule</text><text id="bundleName">Rule.behavior</text><real id="compoundConditionKind">0</real></attributes><conditions><condition id="id939160" eventType="mouse position"><attributes><index id="conditionType">0</index></attributes><predicate type="mousePosition" conditionType="over actor"><attributes/></predicate></condition><condition id="id684610" eventType="mouse button"><attributes><index id="conditionType">1</index><text id="subjectAttribute">self.attributes.id261116</text></attributes><predicate type="boolean"><attributes><index id="RHS">0</index></attributes></predicate></condition><condition id="id602373" eventType="mouse button"><attributes><index id="conditionType">0</index></attributes><predicate mouseState="down" type="mouse"><attributes/></predicate></condition></conditions><behaviors><behavior id="id534287" class="ConstrainAttributeBehavior" enabled="true"><attributes><text id="name">Constrain Attribute</text><text id="bundleName">ConstrainAttribute.behavior</text><text id="targetAttribute">self.attributes.position.y</text><text id="RHS"><expression><reference keypath="game.devices.mouse.position.y"/></expression></text></attributes></behavior><behavior id="id178097" class="ConstrainAttributeBehavior" enabled="true"><attributes><text id="name">Constrain Attribute</text><text id="bundleName">ConstrainAttribute.behavior</text><text id="targetAttribute">self.attributes.position.x</text><text id="RHS"><expression><reference keypath="game.devices.mouse.position.x"/></expression></text></attributes></behavior><behavior id="id144313" class="ChangeAttributeAction" enabled="true"><attributes><text id="name">Change Attribute</text><text id="bundleName">ChangeAttribute.behavior</text><text id="targetAttribute">self.attributes.id530591</text><text id="RHS">true</text></attributes></behavior></behaviors><elseBehaviors/></behavior><behavior enabled="true" id="id247253" class="RuleBehavior"><attributes><text id="name">Rule</text><text id="bundleName">Rule.behavior</text><real id="compoundConditionKind">0</real></attributes><conditions><condition id="id467211" eventType="mouse button"><attributes><index id="conditionType">1</index><text id="subjectAttribute">self.attributes.id261116</text></attributes><predicate type="boolean"><attributes><index id="RHS">1</index></attributes></predicate></condition></conditions><behaviors><behavior id="id501488" class="SpawnAction" enabled="true"><attributes><text id="name">Spawn Actor</text><text id="bundleName">Spawn.behavior</text><text id="prototypeKey">id253225</text><angle id="direction">0</angle><index id="directionSpace">1</index><real id="x">161.5</real><real id="y">75</real><index id="positionSpace">1</index><index id="layerOrder">0</index></attributes></behavior></behaviors><elseBehaviors/></behavior><behavior enabled="true" id="id883306" class="RuleBehavior"><attributes><text id="name">Rule</text><text id="bundleName">Rule.behavior</text><real id="compoundConditionKind">0</real></attributes><conditions><condition id="id713508" eventType="touch"><attributes><index id="conditionType">1</index><text id="subjectAttribute">game.devices.touches.count</text></attributes><predicate type="number"><attributes><text id="operator">=</text><real id="RHS">0</real></attributes></predicate></condition><condition id="id345170" eventType="mouse position"><attributes><index id="conditionType">0</index></attributes><predicate type="mousePosition" conditionType="over actor"><attributes/></predicate></condition><condition id="id839726" eventType="mouse button"><attributes><index id="conditionType">1</index><text id="subjectAttribute">self.attributes.id261116</text></attributes><predicate type="boolean"><attributes><index id="RHS">0</index></attributes></predicate></condition><condition id="id573687" eventType="mouse button"><attributes><index id="conditionType">1</index><text id="subjectAttribute">self.attributes.id530591</text></attributes><predicate type="boolean"><attributes><index id="RHS">1</index></attributes></predicate></condition></conditions><behaviors><behavior id="id225840" class="ChangeVelocityAction" enabled="true"><attributes><text id="name">Change Velocity</text><text id="bundleName">ChangeVelocity.behavior</text><angle id="direction"><expression><string>vectorToAngle(</string><reference keypath="game.attributes.id903311"/><string>-</string><reference keypath="self.attributes.position.x"/><string>,</string><reference keypath="game.attributes.id461560"/><string>-</string><reference keypath="self.attributes.position.y"/><string>)</string></expression></angle><index id="space">0</index><real id="speed"><expression><reference keypath="game.attributes.id270783"/></expression></real></attributes></behavior><behavior id="id991817" class="ChangeAttributeAction" enabled="true"><attributes><text id="name">Change Attribute</text><text id="bundleName">ChangeAttribute.behavior</text><text id="targetAttribute">self.attributes.id261116</text><text id="RHS">true</text></attributes></behavior></behaviors><elseBehaviors/></behavior><behavior enabled="true" id="id828229" class="RuleBehavior"><attributes><text id="name">Rule</text><text id="bundleName">Rule.behavior</text><real id="compoundConditionKind">0</real></attributes><conditions><condition id="id256031" eventType="mouse button"><attributes><index id="conditionType">1</index><text id="subjectAttribute">game.attributes.id372094</text></attributes><predicate type="number"><attributes><text id="operator">=</text><real id="RHS">2</real></attributes></predicate></condition></conditions><behaviors><behavior id="id571696" class="ChangeImageAction" enabled="true"><attributes><text id="name">Change Image</text><text id="bundleName">ChangeImage.behavior</text><image id="image">disc_x2</image></attributes></behavior></behaviors><elseBehaviors/></behavior><behavior enabled="true" id="id349991" class="RuleBehavior"><attributes><text id="name">Rule</text><text id="bundleName">Rule.behavior</text><real id="compoundConditionKind">0</real></attributes><conditions><condition id="id256031" eventType="mouse button"><attributes><index id="conditionType">1</index><text id="subjectAttribute">game.attributes.id372094</text></attributes><predicate type="number"><attributes><text id="operator">=</text><real id="RHS">3</real></attributes></predicate></condition></conditions><behaviors><behavior id="id571696" class="ChangeImageAction" enabled="true"><attributes><text id="name">Change Image</text><text id="bundleName">ChangeImage.behavior</text><image id="image">disc_x3</image></attributes></behavior></behaviors><elseBehaviors/></behavior><behavior enabled="true" id="id504213" class="RuleBehavior"><attributes><text id="name">Rule</text><text id="bundleName">Rule.behavior</text><real id="compoundConditionKind">0</real></attributes><conditions><condition id="id256031" eventType="mouse button"><attributes><index id="conditionType">1</index><text id="subjectAttribute">game.attributes.id372094</text></attributes><predicate type="number"><attributes><text id="operator">=</text><real id="RHS">1</real></attributes></predicate></condition></conditions><behaviors><behavior id="id571696" class="ChangeImageAction" enabled="true"><attributes><text id="name">Starting Disc</text><text id="bundleName">ChangeImage.behavior</text><image id="image">disc</image></attributes></behavior></behaviors><elseBehaviors/></behavior><behavior enabled="true" id="id581237" class="RuleBehavior"><attributes><text id="name">Rule</text><text id="bundleName">Rule.behavior</text><real id="compoundConditionKind">0</real></attributes><conditions><condition id="id256031" eventType="mouse button"><attributes><index id="conditionType">1</index><text id="subjectAttribute">game.attributes.id372094</text></attributes><predicate type="number"><attributes><text id="operator">=</text><real id="RHS">5</real></attributes></predicate></condition></conditions><behaviors><behavior id="id571696" class="ChangeImageAction" enabled="true"><attributes><text id="name">Starting Disc</text><text id="bundleName">ChangeImage.behavior</text><image id="image">bounce</image></attributes></behavior></behaviors><elseBehaviors/></behavior><behavior enabled="true" id="id494030" class="RuleBehavior"><attributes><text id="name">Rule</text><text id="bundleName">Rule.behavior</text><real id="compoundConditionKind">0</real></attributes><conditions><condition id="id256031" eventType="mouse button"><attributes><index id="conditionType">1</index><text id="subjectAttribute">game.attributes.id372094</text></attributes><predicate type="number"><attributes><text id="operator">=</text><real id="RHS">6</real></attributes></predicate></condition></conditions><behaviors><behavior id="id571696" class="ChangeImageAction" enabled="true"><attributes><text id="name">Starting Disc</text><text id="bundleName">ChangeImage.behavior</text><image id="image">vortex</image></attributes></behavior><behavior id="id420815" class="TimerBehavior" enabled="true"><attributes><text id="name">Record position of shooter</text><text id="bundleName">Timer.behavior</text><index id="timerType">0</index><real id="interval">0.1</real><boolean id="runToCompletion">true</boolean></attributes><behaviors><behavior id="id674706" class="ChangeAttributeAction" enabled="true"><attributes><text id="name">Change Attribute</text><text id="bundleName">ChangeAttribute.behavior</text><text id="targetAttribute">game.attributes.id216174</text><text id="RHS"><expression><reference keypath="self.attributes.position.x"/></expression></text></attributes></behavior><behavior id="id248480" class="ChangeAttributeAction" enabled="true"><attributes><text id="name">Change Attribute</text><text id="bundleName">ChangeAttribute.behavior</text><text id="targetAttribute">game.attributes.id545621</text><text id="RHS"><expression><reference keypath="self.attributes.position.y"/></expression></text></attributes></behavior></behaviors></behavior></behaviors><elseBehaviors/></behavior></behaviors></behavior></behaviors><elseBehaviors/></behavior><behavior enabled="true" id="id953194" class="RuleBehavior"><attributes><text id="name">Rule</text><text id="bundleName">Rule.behavior</text><real id="compoundConditionKind">0</real></attributes><conditions><condition id="id401157" eventType="touch"><attributes><index id="conditionType">0</index></attributes><predicate type="touch" conditionType="released"><attributes/></predicate></condition></conditions><behaviors><behavior id="id491553" class="PlaySoundAction" enabled="true"><attributes><text id="name">Laser Blast sound</text><text id="bundleName">PlaySound.behavior</text><sound id="soundName">laser_blast</sound><boolean id="loop">false</boolean><boolean id="runToCompletion">false</boolean><boolean id="positional">false</boolean><boolean id="dopplerShift">false</boolean><real id="volume">1</real><real id="pitch">1</real></attributes></behavior><behavior id="id570903" class="TimerBehavior" enabled="true"><attributes><text id="name">Timer</text><text id="bundleName">Timer.behavior</text><index id="timerType">0</index><real id="interval">0.1</real><boolean id="runToCompletion">false</boolean></attributes><behaviors><behavior id="id426511" class="ChangeAttributeAction" enabled="true"><attributes><text id="name">Change Attribute</text><text id="bundleName">ChangeAttribute.behavior</text><text id="targetAttribute">self.attributes.size.width</text><text id="RHS"><expression><reference keypath="self.attributes.size.width"/><string>-3</string></expression></text></attributes></behavior><behavior id="id472671" class="ChangeAttributeAction" enabled="true"><attributes><text id="name">Change Attribute</text><text id="bundleName">ChangeAttribute.behavior</text><text id="targetAttribute">self.attributes.size.height</text><text id="RHS"><expression><reference keypath="self.attributes.size.height"/><string>-3</string></expression></text></attributes></behavior></behaviors></behavior></behaviors><elseBehaviors/></behavior><behavior enabled="true" id="id582380" class="RuleBehavior"><attributes><text id="name">Bounch shooter off walls with bonus 5</text><text id="bundleName">Rule.behavior</text><real id="compoundConditionKind">0</real></attributes><conditions><condition id="id182012" eventType="touch"><attributes><index id="conditionType">1</index><text id="subjectAttribute">game.attributes.id372094</text></attributes><predicate type="number"><attributes><text id="operator">=</text><real id="RHS">5</real></attributes></predicate></condition></conditions><behaviors><behavior id="id270275" class="CollideBehavior" enabled="true"><attributes><text id="name">Collide</text><text id="bundleName">Collide.behavior</text><text id="prototypeKey">id746763</text><text id="actorTag"/><index id="mode">0</index></attributes></behavior></behaviors><elseBehaviors/></behavior><behavior enabled="true" id="id470164" class="RuleBehavior"><attributes><text id="name">Hide if gameover</text><text id="bundleName">Rule.behavior</text><real id="compoundConditionKind">0</real></attributes><conditions><condition id="id353148" eventType="touch"><attributes><index id="conditionType">1</index><text id="subjectAttribute">game.attributes.id802847</text></attributes><predicate type="boolean"><attributes><index id="RHS">1</index></attributes></predicate></condition></conditions><behaviors><behavior id="id660228" class="ChangeAttributeAction" enabled="true"><attributes><text id="name">Change Attribute</text><text id="bundleName">ChangeAttribute.behavior</text><text id="targetAttribute">self.attributes.color.alpha</text><text id="RHS">0</text></attributes></behavior></behaviors><elseBehaviors/></behavior></behaviors><aspects><graphics><attributes><boolean id="visible">true</boolean><enumeration id="blendingMode">0</enumeration><enumeration id="horizontalWrap">0</enumeration><enumeration id="verticalWrap">0</enumeration></attributes></graphics><motion><attributes><point id="linearVelocity"><real id="x">0</real><real id="y">0</real></point><real id="angularVelocity">0</real><real id="maxSpeed">0</real><boolean id="applyMaxSpeed">false</boolean></attributes></motion><physics><attributes><real id="density">1</real><real id="friction">3</real><real id="restitution">1</real><boolean id="fixedRotation">false</boolean><boolean id="movable">true</boolean><enumeration id="collisionShape">1</enumeration><real id="drag">0</real><real id="angularDrag">0</real></attributes></physics></aspects></actor>