<?xml version="1.0" encoding="UTF-8"?>
<scene id="id269551" GSCVersion="0.9.0" PGFVersion="0.16"><layers><layer id="id801452"><actors><actor id="id369661" prototype="id350121"><attributes><point id="position"><real id="x">242</real><real id="y">161</real></point><size id="size"><real id="width">480</real><real id="height">320</real></size><text id="image">openflow bg.png</text></attributes><aspects/></actor></actors><attributes><text id="name">Layer 1</text><boolean id="scrollable">false</boolean></attributes></layer><layer id="id112326"><actors><actor id="id401487" prototype="id314938"><attributes><point id="position"><real id="x">510</real><real id="y">-26</real></point><size id="size"><real id="width">52</real><real id="height">43</real></size></attributes><aspects><graphics><attributes><boolean id="visible">false</boolean></attributes></graphics></aspects><behaviors><behavior id="id748413" class="RuleBehavior"><attributes><text id="name">Rule</text><text id="bundleName">Rule.behavior</text><real id="compoundConditionKind">0</real></attributes><conditions><condition id="id197337" eventType="mouse button"><attributes><index id="conditionType">0</index></attributes><predicate mouseState="down" type="mouse"><attributes/></predicate></condition></conditions><behaviors><behavior id="id676486" class="ChangeAttributeAction"><attributes><text id="name">Change Attribute</text><text id="bundleName">ChangeAttribute.behavior</text><text id="targetAttribute">self.attributes.id844576</text><text id="RHS"><expression><reference keypath="game.devices.mouse.position.x"/></expression></text></attributes></behavior><behavior id="id596603" class="TimerBehavior"><attributes><text id="name">Timer</text><text id="bundleName">Timer.behavior</text><index id="timerType">0</index><real id="interval">0.01</real><boolean id="runToCompletion">false</boolean></attributes><behaviors><behavior id="id194830" class="ChangeAttributeAction"><attributes><text id="name">Change Attribute</text><text id="bundleName">ChangeAttribute.behavior</text><text id="targetAttribute">game.attributes.id731831</text><text id="RHS"><expression><reference keypath="scene.attributes.camera.origin.x"/></expression></text></attributes></behavior><behavior id="id927769" class="ChangeAttributeAction"><attributes><text id="name">Change Attribute</text><text id="bundleName">ChangeAttribute.behavior</text><text id="targetAttribute">self.attributes.id614358</text><text id="RHS"><expression><reference keypath="self.attributes.id844576"/><string>-</string><reference keypath="game.devices.mouse.position.x"/></expression></text></attributes></behavior><behavior id="id557045" class="ChangeAttributeAction"><attributes><text id="name">Change Attribute</text><text id="bundleName">ChangeAttribute.behavior</text><text id="targetAttribute">self.attributes.id844576</text><text id="RHS"><expression><reference keypath="game.devices.mouse.position.x"/></expression></text></attributes></behavior><behavior id="id980574" class="ChangeAttributeAction"><attributes><text id="name">Change Attribute</text><text id="bundleName">ChangeAttribute.behavior</text><text id="targetAttribute">scene.attributes.camera.origin.x</text><text id="RHS"><expression><reference keypath="scene.attributes.camera.origin.x"/><string>-</string><reference keypath="self.attributes.id614358"/></expression></text></attributes></behavior><behavior id="id661555" class="RuleBehavior"><attributes><text id="name">Rule</text><text id="bundleName">Rule.behavior</text><real id="compoundConditionKind">0</real></attributes><conditions><condition id="id101907" eventType="mouse button"><attributes><index id="conditionType">1</index><text id="subjectAttribute">scene.attributes.camera.origin.x</text></attributes><predicate type="number"><attributes><text id="operator">&lt;</text><real id="RHS">0</real></attributes></predicate></condition></conditions><behaviors><behavior id="id382260" class="ChangeAttributeAction"><attributes><text id="name">Change Attribute</text><text id="bundleName">ChangeAttribute.behavior</text><text id="targetAttribute">scene.attributes.camera.origin.x</text><text id="RHS">0</text></attributes></behavior></behaviors><elseBehaviors/></behavior><behavior id="id103408" class="RuleBehavior"><attributes><text id="name">Rule</text><text id="bundleName">Rule.behavior</text><real id="compoundConditionKind">0</real></attributes><conditions><condition id="id101907" eventType="mouse button"><attributes><index id="conditionType">1</index><text id="subjectAttribute">scene.attributes.camera.origin.x</text></attributes><predicate type="number"><attributes><text id="operator">&gt;</text><real id="RHS"><expression><reference keypath="scene.attributes.size.width"/><string>-</string><reference keypath="scene.attributes.camera.size.width"/></expression></real></attributes></predicate></condition></conditions><behaviors><behavior id="id870282" class="ChangeAttributeAction"><attributes><text id="name">Change Attribute</text><text id="bundleName">ChangeAttribute.behavior</text><text id="targetAttribute">scene.attributes.camera.origin.x</text><text id="RHS"><expression><reference keypath="scene.attributes.size.width"/><string>-</string><reference keypath="scene.attributes.camera.size.width"/></expression></text></attributes></behavior></behaviors><elseBehaviors/></behavior></behaviors></behavior></behaviors><elseBehaviors/></behavior></behaviors></actor><actor id="id319719" prototype="id372815"><attributes><point id="position"><real id="x">1642</real><real id="y">139.5</real></point><size id="size"><real id="width">189</real><real id="height">143</real></size><text id="image">test 3.png</text></attributes><aspects/><behaviors><behavior id="id900676" class="RuleBehavior"><attributes><text id="name">Rule</text><text id="bundleName">Rule.behavior</text><real id="compoundConditionKind">0</real></attributes><conditions><condition id="id453846" eventType="mouse button"><attributes><index id="conditionType">1</index><text id="subjectAttribute">self.attributes.position.x</text></attributes><predicate type="number"><attributes><text id="operator">&gt;</text><real id="RHS"><expression><reference keypath="game.attributes.id731831"/><string>+190</string></expression></real></attributes></predicate></condition><condition id="id263682" eventType="mouse button"><attributes><index id="conditionType">1</index><text id="subjectAttribute">self.attributes.position.x</text></attributes><predicate type="number"><attributes><text id="operator">&lt;</text><real id="RHS"><expression><reference keypath="game.attributes.id731831"/><string>+290</string></expression></real></attributes></predicate></condition></conditions><behaviors><behavior id="id708940" class="InterpolateBehavior"><attributes><text id="name">Interpolate</text><text id="bundleName">Interpolate.behavior</text><boolean id="runToCompletion">true</boolean><text id="targetAttribute">self.attributes.size.width</text><real id="finalValue"><expression><string>242</string></expression></real><real id="duration">0.2</real><index id="easing">0</index></attributes></behavior><behavior id="id929054" class="InterpolateBehavior"><attributes><text id="name">Interpolate</text><text id="bundleName">Interpolate.behavior</text><boolean id="runToCompletion">true</boolean><text id="targetAttribute">self.attributes.size.height</text><real id="finalValue"><expression><string>184</string></expression></real><real id="duration">0.2</real><index id="easing">0</index></attributes></behavior></behaviors><elseBehaviors><behavior id="id711592" class="InterpolateBehavior"><attributes><text id="name">Interpolate</text><text id="bundleName">Interpolate.behavior</text><boolean id="runToCompletion">true</boolean><text id="targetAttribute">self.attributes.size.width</text><real id="finalValue"><expression><string>189</string></expression></real><real id="duration">0.2</real><index id="easing">0</index></attributes></behavior><behavior id="id228166" class="InterpolateBehavior"><attributes><text id="name">Interpolate</text><text id="bundleName">Interpolate.behavior</text><boolean id="runToCompletion">true</boolean><text id="targetAttribute">self.attributes.size.height</text><real id="finalValue"><expression><string>143</string></expression></real><real id="duration">0.2</real><index id="easing">0</index></attributes></behavior></elseBehaviors></behavior><behavior id="id519918" class="CompoundBehavior"><attributes><text id="name">This lets you drag the level box but it does not change scene untill you press it!</text><text id="bundleName">Group.behavior</text></attributes><behaviors><behavior id="id107696" class="RuleBehavior"><attributes><text id="name">Touch Pressed</text><text id="bundleName">Rule.behavior</text><real id="compoundConditionKind">0</real></attributes><conditions><condition id="id798367" eventType="touch"><attributes><index id="conditionType">0</index></attributes><predicate type="touch" conditionType="pressed"><attributes/></predicate></condition></conditions><behaviors><behavior id="id236323" class="ChangeAttributeAction"><attributes><text id="name">Change touch to mouse pos x</text><text id="bundleName">ChangeAttribute.behavior</text><text id="targetAttribute">game.attributes.id561314</text><text id="RHS"><expression><reference keypath="game.devices.mouse.position.x"/></expression></text></attributes></behavior></behaviors><elseBehaviors/></behavior><behavior id="id281585" class="RuleBehavior"><attributes><text id="name">Touch Released</text><text id="bundleName">Rule.behavior</text><real id="compoundConditionKind">0</real></attributes><conditions><condition id="id414393" eventType="touch"><attributes><index id="conditionType">0</index></attributes><predicate type="touch" conditionType="released"><attributes/></predicate></condition></conditions><behaviors><behavior id="id680025" class="ChangeAttributeAction"><attributes><text id="name">Change Attribute</text><text id="bundleName">ChangeAttribute.behavior</text><text id="targetAttribute">game.attributes.id809962</text><text id="RHS"><expression><reference keypath="game.devices.mouse.position.x"/></expression></text></attributes></behavior></behaviors><elseBehaviors/></behavior><behavior id="id625303" class="RuleBehavior"><attributes><text id="name">What to do when touched</text><text id="bundleName">Rule.behavior</text><real id="compoundConditionKind">0</real></attributes><conditions><condition id="id252996" eventType="mouse button"><attributes><index id="conditionType">1</index><text id="subjectAttribute">game.attributes.id809962</text></attributes><predicate type="number"><attributes><text id="operator">=</text><real id="RHS"><expression><reference keypath="game.attributes.id561314"/></expression></real></attributes></predicate></condition><condition id="id462961" eventType="touch"><attributes><index id="conditionType">0</index></attributes><predicate type="touch" conditionType="released"><attributes/></predicate></condition><condition id="id104082" eventType="touch"><attributes><index id="conditionType">1</index><text id="subjectAttribute">game.attributes.id760119</text></attributes><predicate type="number"><attributes><text id="operator">&gt;=</text><real id="RHS">7</real></attributes></predicate></condition></conditions><behaviors><behavior id="id131804" class="PlaySoundAction"><attributes><text id="name">Button Sound</text><text id="bundleName">PlaySound.behavior</text><text id="soundName">button.ogg</text><boolean id="loop">false</boolean><boolean id="runToCompletion">true</boolean><boolean id="positional">false</boolean><boolean id="dopplerShift">false</boolean><real id="volume">1</real><real id="pitch">1</real></attributes></behavior><behavior id="id577640" class="TimerBehavior"><attributes><text id="name">Timer</text><text id="bundleName">Timer.behavior</text><index id="timerType">1</index><real id="interval">0.6</real><boolean id="runToCompletion">false</boolean></attributes><behaviors><behavior id="id732707" class="ChangeSceneAction"><attributes><text id="name">Change Scene</text><text id="bundleName">ChangeScene.behavior</text><text id="sceneKey">id363643</text><boolean id="preserveCurrentScene">false</boolean></attributes></behavior></behaviors></behavior></behaviors><elseBehaviors/></behavior></behaviors></behavior><behavior id="id265333" class="RuleBehavior"><attributes><text id="name">Level Unlock</text><text id="bundleName">Rule.behavior</text><real id="compoundConditionKind">0</real></attributes><conditions><condition id="id426392" eventType="touch"><attributes><index id="conditionType">1</index><text id="subjectAttribute">game.attributes.id760119</text></attributes><predicate type="number"><attributes><text id="operator">&lt;</text><real id="RHS">7</real></attributes></predicate></condition></conditions><behaviors><behavior id="id949906" class="ChangeImageAction"><attributes><text id="name">Change Image</text><text id="bundleName">ChangeImage.behavior</text><text id="image">locked.png</text></attributes></behavior></behaviors><elseBehaviors/></behavior></behaviors></actor><actor id="id227686" prototype="id372815"><attributes><point id="position"><real id="x">1400</real><real id="y">141.5</real></point><size id="size"><real id="width">189</real><real id="height">143</real></size><text id="image">test 3.png</text></attributes><aspects/><behaviors><behavior id="id900676" class="RuleBehavior"><attributes><text id="name">Rule</text><text id="bundleName">Rule.behavior</text><real id="compoundConditionKind">0</real></attributes><conditions><condition id="id453846" eventType="mouse button"><attributes><index id="conditionType">1</index><text id="subjectAttribute">self.attributes.position.x</text></attributes><predicate type="number"><attributes><text id="operator">&gt;</text><real id="RHS"><expression><reference keypath="game.attributes.id731831"/><string>+190</string></expression></real></attributes></predicate></condition><condition id="id263682" eventType="mouse button"><attributes><index id="conditionType">1</index><text id="subjectAttribute">self.attributes.position.x</text></attributes><predicate type="number"><attributes><text id="operator">&lt;</text><real id="RHS"><expression><reference keypath="game.attributes.id731831"/><string>+290</string></expression></real></attributes></predicate></condition></conditions><behaviors><behavior id="id708940" class="InterpolateBehavior"><attributes><text id="name">Interpolate</text><text id="bundleName">Interpolate.behavior</text><boolean id="runToCompletion">true</boolean><text id="targetAttribute">self.attributes.size.width</text><real id="finalValue"><expression><string>242</string></expression></real><real id="duration">0.2</real><index id="easing">0</index></attributes></behavior><behavior id="id929054" class="InterpolateBehavior"><attributes><text id="name">Interpolate</text><text id="bundleName">Interpolate.behavior</text><boolean id="runToCompletion">true</boolean><text id="targetAttribute">self.attributes.size.height</text><real id="finalValue"><expression><string>184</string></expression></real><real id="duration">0.2</real><index id="easing">0</index></attributes></behavior></behaviors><elseBehaviors><behavior id="id711592" class="InterpolateBehavior"><attributes><text id="name">Interpolate</text><text id="bundleName">Interpolate.behavior</text><boolean id="runToCompletion">true</boolean><text id="targetAttribute">self.attributes.size.width</text><real id="finalValue"><expression><string>189</string></expression></real><real id="duration">0.2</real><index id="easing">0</index></attributes></behavior><behavior id="id228166" class="InterpolateBehavior"><attributes><text id="name">Interpolate</text><text id="bundleName">Interpolate.behavior</text><boolean id="runToCompletion">true</boolean><text id="targetAttribute">self.attributes.size.height</text><real id="finalValue"><expression><string>143</string></expression></real><real id="duration">0.2</real><index id="easing">0</index></attributes></behavior></elseBehaviors></behavior><behavior id="id948076" class="CompoundBehavior"><attributes><text id="name">This lets you drag the level box but it does not change scene untill you press it!</text><text id="bundleName">Group.behavior</text></attributes><behaviors><behavior id="id107696" class="RuleBehavior"><attributes><text id="name">Touch Pressed</text><text id="bundleName">Rule.behavior</text><real id="compoundConditionKind">0</real></attributes><conditions><condition id="id798367" eventType="touch"><attributes><index id="conditionType">0</index></attributes><predicate type="touch" conditionType="pressed"><attributes/></predicate></condition></conditions><behaviors><behavior id="id236323" class="ChangeAttributeAction"><attributes><text id="name">Change touch to mouse pos x</text><text id="bundleName">ChangeAttribute.behavior</text><text id="targetAttribute">game.attributes.id561314</text><text id="RHS"><expression><reference keypath="game.devices.mouse.position.x"/></expression></text></attributes></behavior></behaviors><elseBehaviors/></behavior><behavior id="id281585" class="RuleBehavior"><attributes><text id="name">Touch Released</text><text id="bundleName">Rule.behavior</text><real id="compoundConditionKind">0</real></attributes><conditions><condition id="id414393" eventType="touch"><attributes><index id="conditionType">0</index></attributes><predicate type="touch" conditionType="released"><attributes/></predicate></condition></conditions><behaviors><behavior id="id680025" class="ChangeAttributeAction"><attributes><text id="name">Change Attribute</text><text id="bundleName">ChangeAttribute.behavior</text><text id="targetAttribute">game.attributes.id809962</text><text id="RHS"><expression><reference keypath="game.devices.mouse.position.x"/></expression></text></attributes></behavior></behaviors><elseBehaviors/></behavior><behavior id="id625303" class="RuleBehavior"><attributes><text id="name">What to do when touched</text><text id="bundleName">Rule.behavior</text><real id="compoundConditionKind">0</real></attributes><conditions><condition id="id252996" eventType="mouse button"><attributes><index id="conditionType">1</index><text id="subjectAttribute">game.attributes.id809962</text></attributes><predicate type="number"><attributes><text id="operator">=</text><real id="RHS"><expression><reference keypath="game.attributes.id561314"/></expression></real></attributes></predicate></condition><condition id="id462961" eventType="touch"><attributes><index id="conditionType">0</index></attributes><predicate type="touch" conditionType="released"><attributes/></predicate></condition><condition id="id452647" eventType="touch"><attributes><index id="conditionType">1</index><text id="subjectAttribute">game.attributes.id760119</text></attributes><predicate type="number"><attributes><text id="operator">&gt;=</text><real id="RHS">6</real></attributes></predicate></condition></conditions><behaviors><behavior id="id131804" class="PlaySoundAction"><attributes><text id="name">Button Sound</text><text id="bundleName">PlaySound.behavior</text><text id="soundName">button.ogg</text><boolean id="loop">false</boolean><boolean id="runToCompletion">true</boolean><boolean id="positional">false</boolean><boolean id="dopplerShift">false</boolean><real id="volume">1</real><real id="pitch">1</real></attributes></behavior><behavior id="id577640" class="TimerBehavior"><attributes><text id="name">Timer</text><text id="bundleName">Timer.behavior</text><index id="timerType">1</index><real id="interval">0.6</real><boolean id="runToCompletion">false</boolean></attributes><behaviors><behavior id="id732707" class="ChangeSceneAction"><attributes><text id="name">Change Scene</text><text id="bundleName">ChangeScene.behavior</text><text id="sceneKey">id363643</text><boolean id="preserveCurrentScene">false</boolean></attributes></behavior></behaviors></behavior></behaviors><elseBehaviors/></behavior></behaviors></behavior><behavior id="id701196" class="RuleBehavior"><attributes><text id="name">Level Unlock</text><text id="bundleName">Rule.behavior</text><real id="compoundConditionKind">0</real></attributes><conditions><condition id="id426392" eventType="touch"><attributes><index id="conditionType">1</index><text id="subjectAttribute">game.attributes.id760119</text></attributes><predicate type="number"><attributes><text id="operator">&lt;</text><real id="RHS">6</real></attributes></predicate></condition></conditions><behaviors><behavior id="id949906" class="ChangeImageAction"><attributes><text id="name">Change Image</text><text id="bundleName">ChangeImage.behavior</text><text id="image">locked.png</text></attributes></behavior></behaviors><elseBehaviors/></behavior></behaviors></actor><actor id="id525425" prototype="id372815"><attributes><point id="position"><real id="x">1164</real><real id="y">139.5</real></point><size id="size"><real id="width">189</real><real id="height">143</real></size><text id="image">test 3.png</text></attributes><aspects/><behaviors><behavior id="id900676" class="RuleBehavior"><attributes><text id="name">Rule</text><text id="bundleName">Rule.behavior</text><real id="compoundConditionKind">0</real></attributes><conditions><condition id="id453846" eventType="mouse button"><attributes><index id="conditionType">1</index><text id="subjectAttribute">self.attributes.position.x</text></attributes><predicate type="number"><attributes><text id="operator">&gt;</text><real id="RHS"><expression><reference keypath="game.attributes.id731831"/><string>+190</string></expression></real></attributes></predicate></condition><condition id="id263682" eventType="mouse button"><attributes><index id="conditionType">1</index><text id="subjectAttribute">self.attributes.position.x</text></attributes><predicate type="number"><attributes><text id="operator">&lt;</text><real id="RHS"><expression><reference keypath="game.attributes.id731831"/><string>+290</string></expression></real></attributes></predicate></condition></conditions><behaviors><behavior id="id708940" class="InterpolateBehavior"><attributes><text id="name">Interpolate</text><text id="bundleName">Interpolate.behavior</text><boolean id="runToCompletion">true</boolean><text id="targetAttribute">self.attributes.size.width</text><real id="finalValue"><expression><string>242</string></expression></real><real id="duration">0.2</real><index id="easing">0</index></attributes></behavior><behavior id="id929054" class="InterpolateBehavior"><attributes><text id="name">Interpolate</text><text id="bundleName">Interpolate.behavior</text><boolean id="runToCompletion">true</boolean><text id="targetAttribute">self.attributes.size.height</text><real id="finalValue"><expression><string>184</string></expression></real><real id="duration">0.2</real><index id="easing">0</index></attributes></behavior></behaviors><elseBehaviors><behavior id="id711592" class="InterpolateBehavior"><attributes><text id="name">Interpolate</text><text id="bundleName">Interpolate.behavior</text><boolean id="runToCompletion">true</boolean><text id="targetAttribute">self.attributes.size.width</text><real id="finalValue"><expression><string>189</string></expression></real><real id="duration">0.2</real><index id="easing">0</index></attributes></behavior><behavior id="id228166" class="InterpolateBehavior"><attributes><text id="name">Interpolate</text><text id="bundleName">Interpolate.behavior</text><boolean id="runToCompletion">true</boolean><text id="targetAttribute">self.attributes.size.height</text><real id="finalValue"><expression><string>143</string></expression></real><real id="duration">0.2</real><index id="easing">0</index></attributes></behavior></elseBehaviors></behavior><behavior id="id502675" class="CompoundBehavior"><attributes><text id="name">This lets you drag the level box but it does not change scene untill you press it!</text><text id="bundleName">Group.behavior</text></attributes><behaviors><behavior id="id107696" class="RuleBehavior"><attributes><text id="name">Touch Pressed</text><text id="bundleName">Rule.behavior</text><real id="compoundConditionKind">0</real></attributes><conditions><condition id="id798367" eventType="touch"><attributes><index id="conditionType">0</index></attributes><predicate type="touch" conditionType="pressed"><attributes/></predicate></condition></conditions><behaviors><behavior id="id236323" class="ChangeAttributeAction"><attributes><text id="name">Change touch to mouse pos x</text><text id="bundleName">ChangeAttribute.behavior</text><text id="targetAttribute">game.attributes.id561314</text><text id="RHS"><expression><reference keypath="game.devices.mouse.position.x"/></expression></text></attributes></behavior></behaviors><elseBehaviors/></behavior><behavior id="id281585" class="RuleBehavior"><attributes><text id="name">Touch Released</text><text id="bundleName">Rule.behavior</text><real id="compoundConditionKind">0</real></attributes><conditions><condition id="id414393" eventType="touch"><attributes><index id="conditionType">0</index></attributes><predicate type="touch" conditionType="released"><attributes/></predicate></condition></conditions><behaviors><behavior id="id680025" class="ChangeAttributeAction"><attributes><text id="name">Change Attribute</text><text id="bundleName">ChangeAttribute.behavior</text><text id="targetAttribute">game.attributes.id809962</text><text id="RHS"><expression><reference keypath="game.devices.mouse.position.x"/></expression></text></attributes></behavior></behaviors><elseBehaviors/></behavior><behavior id="id625303" class="RuleBehavior"><attributes><text id="name">What to do when touched</text><text id="bundleName">Rule.behavior</text><real id="compoundConditionKind">0</real></attributes><conditions><condition id="id252996" eventType="mouse button"><attributes><index id="conditionType">1</index><text id="subjectAttribute">game.attributes.id809962</text></attributes><predicate type="number"><attributes><text id="operator">=</text><real id="RHS"><expression><reference keypath="game.attributes.id561314"/></expression></real></attributes></predicate></condition><condition id="id462961" eventType="touch"><attributes><index id="conditionType">0</index></attributes><predicate type="touch" conditionType="released"><attributes/></predicate></condition><condition id="id909049" eventType="touch"><attributes><index id="conditionType">1</index><text id="subjectAttribute">game.attributes.id760119</text></attributes><predicate type="number"><attributes><text id="operator">&gt;=</text><real id="RHS">5</real></attributes></predicate></condition></conditions><behaviors><behavior id="id131804" class="PlaySoundAction"><attributes><text id="name">Button Sound</text><text id="bundleName">PlaySound.behavior</text><text id="soundName">button.ogg</text><boolean id="loop">false</boolean><boolean id="runToCompletion">true</boolean><boolean id="positional">false</boolean><boolean id="dopplerShift">false</boolean><real id="volume">1</real><real id="pitch">1</real></attributes></behavior><behavior id="id577640" class="TimerBehavior"><attributes><text id="name">Timer</text><text id="bundleName">Timer.behavior</text><index id="timerType">1</index><real id="interval">0.6</real><boolean id="runToCompletion">false</boolean></attributes><behaviors><behavior id="id732707" class="ChangeSceneAction"><attributes><text id="name">Change Scene</text><text id="bundleName">ChangeScene.behavior</text><text id="sceneKey">id363643</text><boolean id="preserveCurrentScene">false</boolean></attributes></behavior></behaviors></behavior></behaviors><elseBehaviors/></behavior></behaviors></behavior><behavior id="id950380" class="RuleBehavior"><attributes><text id="name">Level Unlock</text><text id="bundleName">Rule.behavior</text><real id="compoundConditionKind">0</real></attributes><conditions><condition id="id426392" eventType="touch"><attributes><index id="conditionType">1</index><text id="subjectAttribute">game.attributes.id760119</text></attributes><predicate type="number"><attributes><text id="operator">&lt;</text><real id="RHS">5</real></attributes></predicate></condition></conditions><behaviors><behavior id="id949906" class="ChangeImageAction"><attributes><text id="name">Change Image</text><text id="bundleName">ChangeImage.behavior</text><text id="image">locked.png</text></attributes></behavior></behaviors><elseBehaviors/></behavior></behaviors></actor><actor id="id624923" prototype="id372815"><attributes><point id="position"><real id="x">931</real><real id="y">139.5</real></point><size id="size"><real id="width">189</real><real id="height">143</real></size><text id="image">test 3.png</text></attributes><aspects/><behaviors><behavior id="id900676" class="RuleBehavior"><attributes><text id="name">Rule</text><text id="bundleName">Rule.behavior</text><real id="compoundConditionKind">0</real></attributes><conditions><condition id="id453846" eventType="mouse button"><attributes><index id="conditionType">1</index><text id="subjectAttribute">self.attributes.position.x</text></attributes><predicate type="number"><attributes><text id="operator">&gt;</text><real id="RHS"><expression><reference keypath="game.attributes.id731831"/><string>+190</string></expression></real></attributes></predicate></condition><condition id="id263682" eventType="mouse button"><attributes><index id="conditionType">1</index><text id="subjectAttribute">self.attributes.position.x</text></attributes><predicate type="number"><attributes><text id="operator">&lt;</text><real id="RHS"><expression><reference keypath="game.attributes.id731831"/><string>+290</string></expression></real></attributes></predicate></condition></conditions><behaviors><behavior id="id708940" class="InterpolateBehavior"><attributes><text id="name">Interpolate</text><text id="bundleName">Interpolate.behavior</text><boolean id="runToCompletion">true</boolean><text id="targetAttribute">self.attributes.size.width</text><real id="finalValue"><expression><string>242</string></expression></real><real id="duration">0.2</real><index id="easing">0</index></attributes></behavior><behavior id="id929054" class="InterpolateBehavior"><attributes><text id="name">Interpolate</text><text id="bundleName">Interpolate.behavior</text><boolean id="runToCompletion">true</boolean><text id="targetAttribute">self.attributes.size.height</text><real id="finalValue"><expression><string>184</string></expression></real><real id="duration">0.2</real><index id="easing">0</index></attributes></behavior></behaviors><elseBehaviors><behavior id="id711592" class="InterpolateBehavior"><attributes><text id="name">Interpolate</text><text id="bundleName">Interpolate.behavior</text><boolean id="runToCompletion">true</boolean><text id="targetAttribute">self.attributes.size.width</text><real id="finalValue"><expression><string>189</string></expression></real><real id="duration">0.2</real><index id="easing">0</index></attributes></behavior><behavior id="id228166" class="InterpolateBehavior"><attributes><text id="name">Interpolate</text><text id="bundleName">Interpolate.behavior</text><boolean id="runToCompletion">true</boolean><text id="targetAttribute">self.attributes.size.height</text><real id="finalValue"><expression><string>143</string></expression></real><real id="duration">0.2</real><index id="easing">0</index></attributes></behavior></elseBehaviors></behavior><behavior id="id886907" class="CompoundBehavior"><attributes><text id="name">This lets you drag the level box but it does not change scene untill you press it!</text><text id="bundleName">Group.behavior</text></attributes><behaviors><behavior id="id107696" class="RuleBehavior"><attributes><text id="name">Touch Pressed</text><text id="bundleName">Rule.behavior</text><real id="compoundConditionKind">0</real></attributes><conditions><condition id="id798367" eventType="touch"><attributes><index id="conditionType">0</index></attributes><predicate type="touch" conditionType="pressed"><attributes/></predicate></condition></conditions><behaviors><behavior id="id236323" class="ChangeAttributeAction"><attributes><text id="name">Change touch to mouse pos x</text><text id="bundleName">ChangeAttribute.behavior</text><text id="targetAttribute">game.attributes.id561314</text><text id="RHS"><expression><reference keypath="game.devices.mouse.position.x"/></expression></text></attributes></behavior></behaviors><elseBehaviors/></behavior><behavior id="id281585" class="RuleBehavior"><attributes><text id="name">Touch Released</text><text id="bundleName">Rule.behavior</text><real id="compoundConditionKind">0</real></attributes><conditions><condition id="id414393" eventType="touch"><attributes><index id="conditionType">0</index></attributes><predicate type="touch" conditionType="released"><attributes/></predicate></condition></conditions><behaviors><behavior id="id680025" class="ChangeAttributeAction"><attributes><text id="name">Change Attribute</text><text id="bundleName">ChangeAttribute.behavior</text><text id="targetAttribute">game.attributes.id809962</text><text id="RHS"><expression><reference keypath="game.devices.mouse.position.x"/></expression></text></attributes></behavior></behaviors><elseBehaviors/></behavior><behavior id="id625303" class="RuleBehavior"><attributes><text id="name">What to do when touched</text><text id="bundleName">Rule.behavior</text><real id="compoundConditionKind">0</real></attributes><conditions><condition id="id252996" eventType="mouse button"><attributes><index id="conditionType">1</index><text id="subjectAttribute">game.attributes.id809962</text></attributes><predicate type="number"><attributes><text id="operator">=</text><real id="RHS"><expression><reference keypath="game.attributes.id561314"/></expression></real></attributes></predicate></condition><condition id="id462961" eventType="touch"><attributes><index id="conditionType">0</index></attributes><predicate type="touch" conditionType="released"><attributes/></predicate></condition><condition id="id323596" eventType="touch"><attributes><index id="conditionType">1</index><text id="subjectAttribute">game.attributes.id760119</text></attributes><predicate type="number"><attributes><text id="operator">&gt;=</text><real id="RHS">4</real></attributes></predicate></condition></conditions><behaviors><behavior id="id131804" class="PlaySoundAction"><attributes><text id="name">Button Sound</text><text id="bundleName">PlaySound.behavior</text><text id="soundName">button.ogg</text><boolean id="loop">false</boolean><boolean id="runToCompletion">true</boolean><boolean id="positional">false</boolean><boolean id="dopplerShift">false</boolean><real id="volume">1</real><real id="pitch">1</real></attributes></behavior><behavior id="id577640" class="TimerBehavior"><attributes><text id="name">Timer</text><text id="bundleName">Timer.behavior</text><index id="timerType">1</index><real id="interval">0.6</real><boolean id="runToCompletion">false</boolean></attributes><behaviors><behavior id="id732707" class="ChangeSceneAction"><attributes><text id="name">Change Scene</text><text id="bundleName">ChangeScene.behavior</text><text id="sceneKey">id363643</text><boolean id="preserveCurrentScene">false</boolean></attributes></behavior></behaviors></behavior></behaviors><elseBehaviors/></behavior></behaviors></behavior><behavior id="id479538" class="RuleBehavior"><attributes><text id="name">Level Unlock</text><text id="bundleName">Rule.behavior</text><real id="compoundConditionKind">0</real></attributes><conditions><condition id="id426392" eventType="touch"><attributes><index id="conditionType">1</index><text id="subjectAttribute">game.attributes.id760119</text></attributes><predicate type="number"><attributes><text id="operator">&lt;</text><real id="RHS">4</real></attributes></predicate></condition></conditions><behaviors><behavior id="id949906" class="ChangeImageAction"><attributes><text id="name">Change Image</text><text id="bundleName">ChangeImage.behavior</text><text id="image">locked.png</text></attributes></behavior></behaviors><elseBehaviors/></behavior></behaviors></actor><actor id="id694941" prototype="id372815"><attributes><point id="position"><real id="x">698</real><real id="y">139.5</real></point><size id="size"><real id="width">189</real><real id="height">143</real></size></attributes><aspects/><behaviors><behavior id="id900676" class="RuleBehavior"><attributes><text id="name">Rule</text><text id="bundleName">Rule.behavior</text><real id="compoundConditionKind">0</real></attributes><conditions><condition id="id453846" eventType="mouse button"><attributes><index id="conditionType">1</index><text id="subjectAttribute">self.attributes.position.x</text></attributes><predicate type="number"><attributes><text id="operator">&gt;</text><real id="RHS"><expression><reference keypath="game.attributes.id731831"/><string>+190</string></expression></real></attributes></predicate></condition><condition id="id263682" eventType="mouse button"><attributes><index id="conditionType">1</index><text id="subjectAttribute">self.attributes.position.x</text></attributes><predicate type="number"><attributes><text id="operator">&lt;</text><real id="RHS"><expression><reference keypath="game.attributes.id731831"/><string>+290</string></expression></real></attributes></predicate></condition></conditions><behaviors><behavior id="id708940" class="InterpolateBehavior"><attributes><text id="name">Interpolate</text><text id="bundleName">Interpolate.behavior</text><boolean id="runToCompletion">true</boolean><text id="targetAttribute">self.attributes.size.width</text><real id="finalValue"><expression><string>242</string></expression></real><real id="duration">0.2</real><index id="easing">0</index></attributes></behavior><behavior id="id929054" class="InterpolateBehavior"><attributes><text id="name">Interpolate</text><text id="bundleName">Interpolate.behavior</text><boolean id="runToCompletion">true</boolean><text id="targetAttribute">self.attributes.size.height</text><real id="finalValue"><expression><string>184</string></expression></real><real id="duration">0.2</real><index id="easing">0</index></attributes></behavior></behaviors><elseBehaviors><behavior id="id711592" class="InterpolateBehavior"><attributes><text id="name">Interpolate</text><text id="bundleName">Interpolate.behavior</text><boolean id="runToCompletion">true</boolean><text id="targetAttribute">self.attributes.size.width</text><real id="finalValue"><expression><string>189</string></expression></real><real id="duration">0.2</real><index id="easing">0</index></attributes></behavior><behavior id="id228166" class="InterpolateBehavior"><attributes><text id="name">Interpolate</text><text id="bundleName">Interpolate.behavior</text><boolean id="runToCompletion">true</boolean><text id="targetAttribute">self.attributes.size.height</text><real id="finalValue"><expression><string>143</string></expression></real><real id="duration">0.2</real><index id="easing">0</index></attributes></behavior></elseBehaviors></behavior><behavior id="id226452" class="CompoundBehavior"><attributes><text id="name">This lets you drag the level box but it does not change scene untill you press it!</text><text id="bundleName">Group.behavior</text></attributes><behaviors><behavior id="id107696" class="RuleBehavior"><attributes><text id="name">Touch Pressed</text><text id="bundleName">Rule.behavior</text><real id="compoundConditionKind">0</real></attributes><conditions><condition id="id798367" eventType="touch"><attributes><index id="conditionType">0</index></attributes><predicate type="touch" conditionType="pressed"><attributes/></predicate></condition></conditions><behaviors><behavior id="id236323" class="ChangeAttributeAction"><attributes><text id="name">Change touch to mouse pos x</text><text id="bundleName">ChangeAttribute.behavior</text><text id="targetAttribute">game.attributes.id561314</text><text id="RHS"><expression><reference keypath="game.devices.mouse.position.x"/></expression></text></attributes></behavior></behaviors><elseBehaviors/></behavior><behavior id="id281585" class="RuleBehavior"><attributes><text id="name">Touch Released</text><text id="bundleName">Rule.behavior</text><real id="compoundConditionKind">0</real></attributes><conditions><condition id="id414393" eventType="touch"><attributes><index id="conditionType">0</index></attributes><predicate type="touch" conditionType="released"><attributes/></predicate></condition></conditions><behaviors><behavior id="id680025" class="ChangeAttributeAction"><attributes><text id="name">Change Attribute</text><text id="bundleName">ChangeAttribute.behavior</text><text id="targetAttribute">game.attributes.id809962</text><text id="RHS"><expression><reference keypath="game.devices.mouse.position.x"/></expression></text></attributes></behavior></behaviors><elseBehaviors/></behavior><behavior id="id625303" class="RuleBehavior"><attributes><text id="name">What to do when touched</text><text id="bundleName">Rule.behavior</text><real id="compoundConditionKind">0</real></attributes><conditions><condition id="id252996" eventType="mouse button"><attributes><index id="conditionType">1</index><text id="subjectAttribute">game.attributes.id809962</text></attributes><predicate type="number"><attributes><text id="operator">=</text><real id="RHS"><expression><reference keypath="game.attributes.id561314"/></expression></real></attributes></predicate></condition><condition id="id462961" eventType="touch"><attributes><index id="conditionType">0</index></attributes><predicate type="touch" conditionType="released"><attributes/></predicate></condition><condition id="id306170" eventType="touch"><attributes><index id="conditionType">1</index><text id="subjectAttribute">game.attributes.id760119</text></attributes><predicate type="number"><attributes><text id="operator">&gt;=</text><real id="RHS">3</real></attributes></predicate></condition></conditions><behaviors><behavior id="id131804" class="PlaySoundAction"><attributes><text id="name">Button Sound</text><text id="bundleName">PlaySound.behavior</text><text id="soundName">button.ogg</text><boolean id="loop">false</boolean><boolean id="runToCompletion">true</boolean><boolean id="positional">false</boolean><boolean id="dopplerShift">false</boolean><real id="volume">1</real><real id="pitch">1</real></attributes></behavior><behavior id="id577640" class="TimerBehavior"><attributes><text id="name">Timer</text><text id="bundleName">Timer.behavior</text><index id="timerType">1</index><real id="interval">0.6</real><boolean id="runToCompletion">false</boolean></attributes><behaviors><behavior id="id732707" class="ChangeSceneAction"><attributes><text id="name">Change Scene</text><text id="bundleName">ChangeScene.behavior</text><text id="sceneKey">id363643</text><boolean id="preserveCurrentScene">false</boolean></attributes></behavior></behaviors></behavior></behaviors><elseBehaviors/></behavior></behaviors></behavior><behavior id="id703183" class="RuleBehavior"><attributes><text id="name">Level Unlock</text><text id="bundleName">Rule.behavior</text><real id="compoundConditionKind">0</real></attributes><conditions><condition id="id426392" eventType="touch"><attributes><index id="conditionType">1</index><text id="subjectAttribute">game.attributes.id760119</text></attributes><predicate type="number"><attributes><text id="operator">&lt;</text><real id="RHS">3</real></attributes></predicate></condition></conditions><behaviors><behavior id="id949906" class="ChangeImageAction"><attributes><text id="name">Change Image</text><text id="bundleName">ChangeImage.behavior</text><text id="image">locked.png</text></attributes></behavior></behaviors><elseBehaviors/></behavior></behaviors></actor><actor id="id289119" prototype="id372815"><attributes><point id="position"><real id="x">470</real><real id="y">139.5</real></point><size id="size"><real id="width">189</real><real id="height">143</real></size></attributes><aspects/><behaviors><behavior id="id900676" class="RuleBehavior"><attributes><text id="name">Rule</text><text id="bundleName">Rule.behavior</text><real id="compoundConditionKind">0</real></attributes><conditions><condition id="id453846" eventType="mouse button"><attributes><index id="conditionType">1</index><text id="subjectAttribute">self.attributes.position.x</text></attributes><predicate type="number"><attributes><text id="operator">&gt;</text><real id="RHS"><expression><reference keypath="game.attributes.id731831"/><string>+190</string></expression></real></attributes></predicate></condition><condition id="id263682" eventType="mouse button"><attributes><index id="conditionType">1</index><text id="subjectAttribute">self.attributes.position.x</text></attributes><predicate type="number"><attributes><text id="operator">&lt;</text><real id="RHS"><expression><reference keypath="game.attributes.id731831"/><string>+290</string></expression></real></attributes></predicate></condition></conditions><behaviors><behavior id="id708940" class="InterpolateBehavior"><attributes><text id="name">Interpolate</text><text id="bundleName">Interpolate.behavior</text><boolean id="runToCompletion">true</boolean><text id="targetAttribute">self.attributes.size.width</text><real id="finalValue"><expression><string>242</string></expression></real><real id="duration">0.2</real><index id="easing">0</index></attributes></behavior><behavior id="id929054" class="InterpolateBehavior"><attributes><text id="name">Interpolate</text><text id="bundleName">Interpolate.behavior</text><boolean id="runToCompletion">true</boolean><text id="targetAttribute">self.attributes.size.height</text><real id="finalValue"><expression><string>184</string></expression></real><real id="duration">0.2</real><index id="easing">0</index></attributes></behavior></behaviors><elseBehaviors><behavior id="id711592" class="InterpolateBehavior"><attributes><text id="name">Interpolate</text><text id="bundleName">Interpolate.behavior</text><boolean id="runToCompletion">true</boolean><text id="targetAttribute">self.attributes.size.width</text><real id="finalValue"><expression><string>189</string></expression></real><real id="duration">0.2</real><index id="easing">0</index></attributes></behavior><behavior id="id228166" class="InterpolateBehavior"><attributes><text id="name">Interpolate</text><text id="bundleName">Interpolate.behavior</text><boolean id="runToCompletion">true</boolean><text id="targetAttribute">self.attributes.size.height</text><real id="finalValue"><expression><string>143</string></expression></real><real id="duration">0.2</real><index id="easing">0</index></attributes></behavior></elseBehaviors></behavior><behavior id="id492430" class="CompoundBehavior"><attributes><text id="name">This lets you drag the level box but it does not change scene untill you press it!</text><text id="bundleName">Group.behavior</text></attributes><behaviors><behavior id="id107696" class="RuleBehavior"><attributes><text id="name">Touch Pressed</text><text id="bundleName">Rule.behavior</text><real id="compoundConditionKind">0</real></attributes><conditions><condition id="id798367" eventType="touch"><attributes><index id="conditionType">0</index></attributes><predicate type="touch" conditionType="pressed"><attributes/></predicate></condition></conditions><behaviors><behavior id="id236323" class="ChangeAttributeAction"><attributes><text id="name">Change touch to mouse pos x</text><text id="bundleName">ChangeAttribute.behavior</text><text id="targetAttribute">game.attributes.id561314</text><text id="RHS"><expression><reference keypath="game.devices.mouse.position.x"/></expression></text></attributes></behavior></behaviors><elseBehaviors/></behavior><behavior id="id281585" class="RuleBehavior"><attributes><text id="name">Touch Released</text><text id="bundleName">Rule.behavior</text><real id="compoundConditionKind">0</real></attributes><conditions><condition id="id414393" eventType="touch"><attributes><index id="conditionType">0</index></attributes><predicate type="touch" conditionType="released"><attributes/></predicate></condition></conditions><behaviors><behavior id="id680025" class="ChangeAttributeAction"><attributes><text id="name">Change Attribute</text><text id="bundleName">ChangeAttribute.behavior</text><text id="targetAttribute">game.attributes.id809962</text><text id="RHS"><expression><reference keypath="game.devices.mouse.position.x"/></expression></text></attributes></behavior></behaviors><elseBehaviors/></behavior><behavior id="id625303" class="RuleBehavior"><attributes><text id="name">What to do when touched</text><text id="bundleName">Rule.behavior</text><real id="compoundConditionKind">0</real></attributes><conditions><condition id="id252996" eventType="mouse button"><attributes><index id="conditionType">1</index><text id="subjectAttribute">game.attributes.id809962</text></attributes><predicate type="number"><attributes><text id="operator">=</text><real id="RHS"><expression><reference keypath="game.attributes.id561314"/></expression></real></attributes></predicate></condition><condition id="id462961" eventType="touch"><attributes><index id="conditionType">0</index></attributes><predicate type="touch" conditionType="released"><attributes/></predicate></condition><condition id="id857689" eventType="touch"><attributes><index id="conditionType">1</index><text id="subjectAttribute">game.attributes.id760119</text></attributes><predicate type="number"><attributes><text id="operator">&gt;=</text><real id="RHS">2</real></attributes></predicate></condition></conditions><behaviors><behavior id="id131804" class="PlaySoundAction"><attributes><text id="name">Button Sound</text><text id="bundleName">PlaySound.behavior</text><text id="soundName">button.ogg</text><boolean id="loop">false</boolean><boolean id="runToCompletion">true</boolean><boolean id="positional">false</boolean><boolean id="dopplerShift">false</boolean><real id="volume">1</real><real id="pitch">1</real></attributes></behavior><behavior id="id577640" class="TimerBehavior"><attributes><text id="name">Timer</text><text id="bundleName">Timer.behavior</text><index id="timerType">1</index><real id="interval">0.6</real><boolean id="runToCompletion">false</boolean></attributes><behaviors><behavior id="id732707" class="ChangeSceneAction"><attributes><text id="name">Change Scene</text><text id="bundleName">ChangeScene.behavior</text><text id="sceneKey">id363643</text><boolean id="preserveCurrentScene">false</boolean></attributes></behavior></behaviors></behavior></behaviors><elseBehaviors/></behavior></behaviors></behavior><behavior id="id526456" class="RuleBehavior"><attributes><text id="name">Level Unlock</text><text id="bundleName">Rule.behavior</text><real id="compoundConditionKind">0</real></attributes><conditions><condition id="id426392" eventType="touch"><attributes><index id="conditionType">1</index><text id="subjectAttribute">game.attributes.id760119</text></attributes><predicate type="number"><attributes><text id="operator">&lt;</text><real id="RHS">2</real></attributes></predicate></condition></conditions><behaviors><behavior id="id949906" class="ChangeImageAction"><attributes><text id="name">Change Image</text><text id="bundleName">ChangeImage.behavior</text><text id="image">locked.png</text></attributes></behavior></behaviors><elseBehaviors/></behavior></behaviors></actor><actor id="id728647" prototype="id372815"><attributes><point id="position"><real id="x">241</real><real id="y">139.5</real></point><size id="size"><real id="width">189</real><real id="height">143</real></size></attributes><aspects/><behaviors><behavior id="id900676" class="RuleBehavior"><attributes><text id="name">Rule</text><text id="bundleName">Rule.behavior</text><real id="compoundConditionKind">0</real></attributes><conditions><condition id="id453846" eventType="mouse button"><attributes><index id="conditionType">1</index><text id="subjectAttribute">self.attributes.position.x</text></attributes><predicate type="number"><attributes><text id="operator">&gt;</text><real id="RHS"><expression><reference keypath="game.attributes.id731831"/><string>+190</string></expression></real></attributes></predicate></condition><condition id="id263682" eventType="mouse button"><attributes><index id="conditionType">1</index><text id="subjectAttribute">self.attributes.position.x</text></attributes><predicate type="number"><attributes><text id="operator">&lt;</text><real id="RHS"><expression><reference keypath="game.attributes.id731831"/><string>+290</string></expression></real></attributes></predicate></condition></conditions><behaviors><behavior id="id708940" class="InterpolateBehavior"><attributes><text id="name">Interpolate</text><text id="bundleName">Interpolate.behavior</text><boolean id="runToCompletion">true</boolean><text id="targetAttribute">self.attributes.size.width</text><real id="finalValue"><expression><string>242</string></expression></real><real id="duration">0.2</real><index id="easing">0</index></attributes></behavior><behavior id="id929054" class="InterpolateBehavior"><attributes><text id="name">Interpolate</text><text id="bundleName">Interpolate.behavior</text><boolean id="runToCompletion">true</boolean><text id="targetAttribute">self.attributes.size.height</text><real id="finalValue"><expression><string>184</string></expression></real><real id="duration">0.2</real><index id="easing">0</index></attributes></behavior></behaviors><elseBehaviors><behavior id="id711592" class="InterpolateBehavior"><attributes><text id="name">Interpolate</text><text id="bundleName">Interpolate.behavior</text><boolean id="runToCompletion">true</boolean><text id="targetAttribute">self.attributes.size.width</text><real id="finalValue"><expression><string>189</string></expression></real><real id="duration">0.2</real><index id="easing">0</index></attributes></behavior><behavior id="id228166" class="InterpolateBehavior"><attributes><text id="name">Interpolate</text><text id="bundleName">Interpolate.behavior</text><boolean id="runToCompletion">true</boolean><text id="targetAttribute">self.attributes.size.height</text><real id="finalValue"><expression><string>143</string></expression></real><real id="duration">0.2</real><index id="easing">0</index></attributes></behavior></elseBehaviors></behavior><behavior id="id426585" class="CompoundBehavior"><attributes><text id="name">This lets you drag the level box but it does not change scene untill you press it!</text><text id="bundleName">Group.behavior</text></attributes><behaviors><behavior id="id107696" class="RuleBehavior"><attributes><text id="name">Touch Pressed</text><text id="bundleName">Rule.behavior</text><real id="compoundConditionKind">0</real></attributes><conditions><condition id="id798367" eventType="touch"><attributes><index id="conditionType">0</index></attributes><predicate type="touch" conditionType="pressed"><attributes/></predicate></condition></conditions><behaviors><behavior id="id236323" class="ChangeAttributeAction"><attributes><text id="name">Change touch to mouse pos x</text><text id="bundleName">ChangeAttribute.behavior</text><text id="targetAttribute">game.attributes.id561314</text><text id="RHS"><expression><reference keypath="game.devices.mouse.position.x"/></expression></text></attributes></behavior></behaviors><elseBehaviors/></behavior><behavior id="id281585" class="RuleBehavior"><attributes><text id="name">Touch Released</text><text id="bundleName">Rule.behavior</text><real id="compoundConditionKind">0</real></attributes><conditions><condition id="id414393" eventType="touch"><attributes><index id="conditionType">0</index></attributes><predicate type="touch" conditionType="released"><attributes/></predicate></condition></conditions><behaviors><behavior id="id680025" class="ChangeAttributeAction"><attributes><text id="name">Change Attribute</text><text id="bundleName">ChangeAttribute.behavior</text><text id="targetAttribute">game.attributes.id809962</text><text id="RHS"><expression><reference keypath="game.devices.mouse.position.x"/></expression></text></attributes></behavior></behaviors><elseBehaviors/></behavior><behavior id="id625303" class="RuleBehavior"><attributes><text id="name">What to do when touched</text><text id="bundleName">Rule.behavior</text><real id="compoundConditionKind">0</real></attributes><conditions><condition id="id252996" eventType="mouse button"><attributes><index id="conditionType">1</index><text id="subjectAttribute">game.attributes.id809962</text></attributes><predicate type="number"><attributes><text id="operator">=</text><real id="RHS"><expression><reference keypath="game.attributes.id561314"/></expression></real></attributes></predicate></condition><condition id="id462961" eventType="touch"><attributes><index id="conditionType">0</index></attributes><predicate type="touch" conditionType="released"><attributes/></predicate></condition><condition id="id785285" eventType="touch"><attributes><index id="conditionType">1</index><text id="subjectAttribute">game.attributes.id760119</text></attributes><predicate type="number"><attributes><text id="operator">&gt;=</text><real id="RHS">1</real></attributes></predicate></condition></conditions><behaviors><behavior id="id131804" class="PlaySoundAction"><attributes><text id="name">Button Sound</text><text id="bundleName">PlaySound.behavior</text><text id="soundName">button.ogg</text><boolean id="loop">false</boolean><boolean id="runToCompletion">true</boolean><boolean id="positional">false</boolean><boolean id="dopplerShift">false</boolean><real id="volume">1</real><real id="pitch">1</real></attributes></behavior><behavior id="id577640" class="TimerBehavior"><attributes><text id="name">Timer</text><text id="bundleName">Timer.behavior</text><index id="timerType">1</index><real id="interval">0.6</real><boolean id="runToCompletion">false</boolean></attributes><behaviors><behavior id="id732707" class="ChangeSceneAction"><attributes><text id="name">Change Scene</text><text id="bundleName">ChangeScene.behavior</text><text id="sceneKey">id363643</text><boolean id="preserveCurrentScene">false</boolean></attributes></behavior></behaviors></behavior></behaviors><elseBehaviors/></behavior></behaviors></behavior><behavior id="id272504" class="RuleBehavior"><attributes><text id="name">Level Unlock</text><text id="bundleName">Rule.behavior</text><real id="compoundConditionKind">0</real></attributes><conditions><condition id="id426392" eventType="touch"><attributes><index id="conditionType">1</index><text id="subjectAttribute">game.attributes.id760119</text></attributes><predicate type="number"><attributes><text id="operator">&lt;</text><real id="RHS">1</real></attributes></predicate></condition></conditions><behaviors><behavior id="id949906" class="ChangeImageAction"><attributes><text id="name">Change Image</text><text id="bundleName">ChangeImage.behavior</text><text id="image">locked.png</text></attributes></behavior></behaviors><elseBehaviors/></behavior></behaviors></actor><actor id="id311389" prototype="id546210"><attributes><point id="position"><real id="x">244.5</real><real id="y">29.5</real></point><size id="size"><real id="width">165</real><real id="height">43</real></size></attributes><aspects/></actor><actor id="id621708" prototype="id546210"><attributes><point id="position"><real id="x">473.5</real><real id="y">29.5</real></point></attributes><aspects/></actor><actor id="id634290" prototype="id546210"><attributes><point id="position"><real id="x">701.5</real><real id="y">29.5</real></point><size id="size"><real id="width">165</real><real id="height">43</real></size></attributes><aspects/></actor><actor id="id626761" prototype="id546210"><attributes><point id="position"><real id="x">937.5</real><real id="y">29.5</real></point><size id="size"><real id="width">165</real></size></attributes><aspects/></actor><actor id="id912594" prototype="id546210"><attributes><point id="position"><real id="x">1169.5</real><real id="y">29.5</real></point></attributes><aspects/></actor><actor id="id761109" prototype="id546210"><attributes><point id="position"><real id="x">1403.5</real><real id="y">29.5</real></point><size id="size"><real id="width">165</real></size></attributes><aspects/></actor><actor id="id237928" prototype="id546210"><attributes><point id="position"><real id="x">1649.5</real><real id="y">29.5</real></point></attributes><aspects/></actor></actors><attributes><text id="name">Background</text><boolean id="scrollable">true</boolean></attributes></layer></layers><attributes><text id="name">Open Flow</text><real id="time">0</real><size id="size"><real id="width">1880</real><real id="height">320</real></size><boolean id="wrapX">false</boolean><boolean id="wrapY">false</boolean><point id="gravity"><real id="x">0</real><real id="y">0</real></point><color id="color"><real id="red">0</real><real id="green">0</real><real id="blue">0</real><real id="alpha">1</real></color><rect id="camera"><point id="origin"><real id="x">0</real><real id="y">0</real></point><size id="size"><real id="width">480</real><real id="height">320</real></size><size id="trackingArea"><real id="width">400</real><real id="height">260</real></size><real id="rotation">0</real></rect><attributes id="autorotate"><boolean id="landscapeLeft">true</boolean><boolean id="landscapeRight">false</boolean><boolean id="portrait">false</boolean><boolean id="portraitUpsideDown">false</boolean></attributes></attributes></scene>
