<?xml version="1.0" encoding="UTF-8"?>
<scene id="id641123" GSCVersion="0.9.4" PGFVersion="0.17"><layers><layer id="id112326"><actors><actor id="id248502" prototype="id826667"><attributes><point id="position"><real id="x">240</real><real id="y">160</real></point><size id="size"><real id="width">480</real><real id="height">320</real></size><color id="color"><real id="red">0.513726</real><real id="green">0.8</real><real id="blue">1</real><real id="alpha">1</real></color></attributes><aspects/><behaviors/></actor><actor id="id842336" prototype="id826667"><attributes><point id="position"><real id="x">721</real><real id="y">161</real></point></attributes><aspects/></actor><actor id="id176207" prototype="id290410"><attributes><point id="position"><real id="x">-36</real><real id="y">358</real></point><size id="size"><real id="width">24</real><real id="height">24</real></size><angle id="rotation">0</angle><color id="color"><real id="red">1</real><real id="green">1</real><real id="blue">0.740876</real><real id="alpha">1</real></color><integer name="phase" id="id749869">0</integer><real name="currR" id="id280425">0</real><real name="currG" id="id416598">0</real><real name="currB" id="id367340">0</real></attributes><aspects><graphics><attributes><boolean id="visible">false</boolean></attributes></graphics></aspects><behaviors><behavior enabled="true" id="id997271" class="RuleBehavior"><attributes><text id="name">Change on tilt</text><text id="bundleName">Rule.behavior</text><real id="compoundConditionKind">0</real></attributes><conditions><condition id="id164601" eventType="touch"><attributes><index id="conditionType">1</index><text id="subjectAttribute">game.devices.screen.deviceOrientation</text></attributes><predicate type="enumeration"><attributes><text id="operator">is</text><index id="RHS">1</index></attributes></predicate></condition></conditions><behaviors><behavior id="id853291" class="CompoundBehavior" enabled="true"><attributes><text id="name">Sunset</text><text id="bundleName">Group.behavior</text></attributes><behaviors><behavior id="id368993" class="InterpolateBehavior" enabled="true"><attributes><text id="name">Interpolate</text><text id="bundleName">Interpolate.behavior</text><boolean id="runToCompletion">true</boolean><text id="targetAttribute">scene.layers.id112326.actors.id248502.attributes.color.red</text><real id="finalValue">1</real><real id="duration">1.5</real><index id="easing">0</index></attributes></behavior><behavior id="id378124" class="InterpolateBehavior" enabled="true"><attributes><text id="name">Interpolate</text><text id="bundleName">Interpolate.behavior</text><boolean id="runToCompletion">true</boolean><text id="targetAttribute">scene.layers.id112326.actors.id248502.attributes.color.green</text><real id="finalValue">0.51</real><real id="duration">1.5</real><index id="easing">0</index></attributes></behavior><behavior id="id842675" class="InterpolateBehavior" enabled="true"><attributes><text id="name">Interpolate</text><text id="bundleName">Interpolate.behavior</text><boolean id="runToCompletion">true</boolean><text id="targetAttribute">scene.layers.id112326.actors.id248502.attributes.color.blue</text><real id="finalValue">0.23</real><real id="duration">1.5</real><index id="easing">0</index></attributes></behavior><behavior id="id179396" class="TimerBehavior" enabled="true"><attributes><text id="name">Timer</text><text id="bundleName">Timer.behavior</text><index id="timerType">1</index><real id="interval">1.5</real><boolean id="runToCompletion">true</boolean></attributes><behaviors><behavior id="id295692" class="InterpolateBehavior" enabled="true"><attributes><text id="name">Interpolate</text><text id="bundleName">Interpolate.behavior</text><boolean id="runToCompletion">true</boolean><text id="targetAttribute">scene.layers.id112326.actors.id248502.attributes.color.red</text><real id="finalValue">0</real><real id="duration">0.5</real><index id="easing">0</index></attributes></behavior><behavior id="id498164" class="InterpolateBehavior" enabled="true"><attributes><text id="name">Interpolate</text><text id="bundleName">Interpolate.behavior</text><boolean id="runToCompletion">true</boolean><text id="targetAttribute">scene.layers.id112326.actors.id248502.attributes.color.green</text><real id="finalValue">0.03</real><real id="duration">0.5</real><index id="easing">0</index></attributes></behavior><behavior id="id543434" class="InterpolateBehavior" enabled="true"><attributes><text id="name">Interpolate</text><text id="bundleName">Interpolate.behavior</text><boolean id="runToCompletion">true</boolean><text id="targetAttribute">scene.layers.id112326.actors.id248502.attributes.color.blue</text><real id="finalValue">0.28</real><real id="duration">0.5</real><index id="easing">0</index></attributes></behavior></behaviors></behavior></behaviors></behavior></behaviors><elseBehaviors><behavior enabled="true" id="id766990" class="RuleBehavior"><attributes><text id="name">Rule</text><text id="bundleName">Rule.behavior</text><real id="compoundConditionKind">0</real></attributes><conditions><condition id="id315254" eventType="touch"><attributes><index id="conditionType">1</index><text id="subjectAttribute">game.devices.screen.deviceOrientation</text></attributes><predicate type="enumeration"><attributes><text id="operator">is</text><index id="RHS">0</index></attributes></predicate></condition></conditions><behaviors><behavior id="id683379" class="ChangeAttributeAction" enabled="true"><attributes><text id="name">Record Start</text><text id="bundleName">ChangeAttribute.behavior</text><text id="targetAttribute">self.attributes.position.y</text><text id="RHS"><expression><reference keypath="game.attributes.id302664"/></expression></text></attributes></behavior><behavior id="id564398" class="CompoundBehavior" enabled="true"><attributes><text id="name">Sunrise</text><text id="bundleName">Group.behavior</text></attributes><behaviors><behavior id="id450092" class="InterpolateBehavior" enabled="true"><attributes><text id="name">Interpolate</text><text id="bundleName">Interpolate.behavior</text><boolean id="runToCompletion">true</boolean><text id="targetAttribute">scene.layers.id112326.actors.id248502.attributes.color.red</text><real id="finalValue">0.51</real><real id="duration">1.5</real><index id="easing">0</index></attributes></behavior><behavior id="id809064" class="InterpolateBehavior" enabled="true"><attributes><text id="name">Interpolate</text><text id="bundleName">Interpolate.behavior</text><boolean id="runToCompletion">true</boolean><text id="targetAttribute">scene.layers.id112326.actors.id248502.attributes.color.green</text><real id="finalValue">0.8</real><real id="duration">1.5</real><index id="easing">0</index></attributes></behavior><behavior id="id438970" class="InterpolateBehavior" enabled="true"><attributes><text id="name">Interpolate</text><text id="bundleName">Interpolate.behavior</text><boolean id="runToCompletion">true</boolean><text id="targetAttribute">scene.layers.id112326.actors.id248502.attributes.color.blue</text><real id="finalValue">1</real><real id="duration">1.5</real><index id="easing">0</index></attributes></behavior><behavior id="id393307" class="ChangeAttributeAction" enabled="true"><attributes><text id="name">Change Attribute</text><text id="bundleName">ChangeAttribute.behavior</text><text id="targetAttribute">game.attributes.id823149</text><text id="RHS">0</text></attributes></behavior></behaviors></behavior></behaviors><elseBehaviors/></behavior></elseBehaviors></behavior></behaviors></actor><actor id="id299208" prototype="id742831"><attributes><point id="position"><real id="x">401.5</real><real id="y">-75</real></point><size id="size"><real id="width">161</real><real id="height">149</real></size></attributes><aspects/><behaviors><behavior enabled="true" id="id565325" class="RuleBehavior"><attributes><text id="name">Rule</text><text id="bundleName">Rule.behavior</text><real id="compoundConditionKind">0</real></attributes><conditions><condition id="id824460" eventType="touch"><attributes><index id="conditionType">1</index><text id="subjectAttribute">game.devices.screen.deviceOrientation</text></attributes><predicate type="enumeration"><attributes><text id="operator">is</text><index id="RHS">0</index></attributes></predicate></condition></conditions><behaviors><behavior id="id162965" class="InterpolateBehavior" enabled="true"><attributes><text id="name">Interpolate</text><text id="bundleName">Interpolate.behavior</text><boolean id="runToCompletion">true</boolean><text id="targetAttribute">self.attributes.position.y</text><real id="finalValue">-500</real><real id="duration">1.5</real><index id="easing">0</index></attributes></behavior></behaviors><elseBehaviors><behavior enabled="true" id="id685544" class="RuleBehavior"><attributes><text id="name">Rule</text><text id="bundleName">Rule.behavior</text><real id="compoundConditionKind">0</real></attributes><conditions><condition id="id853226" eventType="touch"><attributes><index id="conditionType">1</index><text id="subjectAttribute">game.devices.screen.deviceOrientation</text></attributes><predicate type="enumeration"><attributes><text id="operator">is</text><index id="RHS">1</index></attributes></predicate></condition></conditions><behaviors><behavior id="id737415" class="InterpolateBehavior" enabled="true"><attributes><text id="name">Interpolate</text><text id="bundleName">Interpolate.behavior</text><boolean id="runToCompletion">true</boolean><text id="targetAttribute">self.attributes.position.y</text><real id="finalValue">242</real><real id="duration">1.5</real><index id="easing">0</index></attributes></behavior></behaviors><elseBehaviors/></behavior></elseBehaviors></behavior></behaviors></actor><actor id="id994073" prototype="id332537"><attributes><point id="position"><real id="x">241</real><real id="y">93.5</real></point><size id="size"><real id="width">480.133</real><real id="height">180.05</real></size></attributes><aspects/><behaviors><behavior enabled="true" id="id896315" class="RuleBehavior"><attributes><text id="name">Rule</text><text id="bundleName">Rule.behavior</text><real id="compoundConditionKind">0</real></attributes><conditions><condition id="id625589" eventType="touch"><attributes><index id="conditionType">1</index><text id="subjectAttribute">game.devices.screen.deviceOrientation</text></attributes><predicate type="enumeration"><attributes><text id="operator">is</text><index id="RHS">1</index></attributes></predicate></condition></conditions><behaviors><behavior id="id239852" class="TimerBehavior" enabled="true"><attributes><text id="name">Timer</text><text id="bundleName">Timer.behavior</text><index id="timerType">1</index><real id="interval">1.5</real><boolean id="runToCompletion">false</boolean></attributes><behaviors><behavior id="id407745" class="ChangeImageAction" enabled="true"><attributes><text id="name">Change Image</text><text id="bundleName">ChangeImage.behavior</text><image id="image">img_parlax001b</image></attributes></behavior></behaviors></behavior></behaviors><elseBehaviors><behavior id="id970326" class="TimerBehavior" enabled="true"><attributes><text id="name">Timer</text><text id="bundleName">Timer.behavior</text><index id="timerType">1</index><real id="interval">1.5</real><boolean id="runToCompletion">false</boolean></attributes><behaviors><behavior id="id985771" class="ChangeImageAction" enabled="true"><attributes><text id="name">Change Image</text><text id="bundleName">ChangeImage.behavior</text><image id="image">img_parlax001</image></attributes></behavior></behaviors></behavior></elseBehaviors></behavior></behaviors></actor><actor id="id989387" prototype="id332537"><attributes><point id="position"><real id="x">722</real><real id="y">91.0001</real></point></attributes><aspects/></actor><actor id="id485876" prototype="id565001"><attributes><point id="position"><real id="x">241</real><real id="y">160.987</real></point><size id="size"><real id="width">480.133</real><real id="height">321</real></size><image id="image">test1</image></attributes><aspects/><behaviors><behavior enabled="true" id="id180001" class="RuleBehavior"><attributes><text id="name">Rule</text><text id="bundleName">Rule.behavior</text><real id="compoundConditionKind">0</real></attributes><conditions><condition id="id625589" eventType="touch"><attributes><index id="conditionType">1</index><text id="subjectAttribute">game.devices.screen.deviceOrientation</text></attributes><predicate type="enumeration"><attributes><text id="operator">is</text><index id="RHS">1</index></attributes></predicate></condition></conditions><behaviors><behavior id="id239852" class="TimerBehavior" enabled="true"><attributes><text id="name">Timer</text><text id="bundleName">Timer.behavior</text><index id="timerType">1</index><real id="interval">1.7</real><boolean id="runToCompletion">false</boolean></attributes><behaviors><behavior id="id407745" class="ChangeImageAction" enabled="true"><attributes><text id="name">Change Image</text><text id="bundleName">ChangeImage.behavior</text><image id="image">test2</image></attributes></behavior></behaviors></behavior></behaviors><elseBehaviors><behavior id="id970326" class="TimerBehavior" enabled="true"><attributes><text id="name">Timer</text><text id="bundleName">Timer.behavior</text><index id="timerType">1</index><real id="interval">1.7</real><boolean id="runToCompletion">false</boolean></attributes><behaviors><behavior id="id985771" class="ChangeImageAction" enabled="true"><attributes><text id="name">Change Image</text><text id="bundleName">ChangeImage.behavior</text><image id="image">test1</image></attributes></behavior></behaviors></behavior></elseBehaviors></behavior></behaviors></actor><actor id="id490211" prototype="id565001"><attributes><point id="position"><real id="x">721</real><real id="y">161.487</real></point><size id="size"><real id="width">480.133</real><real id="height">321</real></size><image id="image">test1</image></attributes><aspects/></actor><actor id="id658522" prototype="id882089"><attributes><point id="position"><real id="x">98</real><real id="y">286.5</real></point><size id="size"><real id="width">150</real><real id="height">82</real></size></attributes><aspects/><behaviors><behavior enabled="true" id="id909827" class="RuleBehavior"><attributes><text id="name">Rule</text><text id="bundleName">Rule.behavior</text><real id="compoundConditionKind">0</real></attributes><conditions><condition id="id824460" eventType="touch"><attributes><index id="conditionType">1</index><text id="subjectAttribute">game.devices.screen.deviceOrientation</text></attributes><predicate type="enumeration"><attributes><text id="operator">is</text><index id="RHS">0</index></attributes></predicate></condition></conditions><behaviors><behavior id="id162965" class="InterpolateBehavior" enabled="true"><attributes><text id="name">Interpolate</text><text id="bundleName">Interpolate.behavior</text><boolean id="runToCompletion">true</boolean><text id="targetAttribute">self.attributes.position.x</text><real id="finalValue">98</real><real id="duration">1</real><index id="easing">0</index></attributes></behavior></behaviors><elseBehaviors><behavior enabled="true" id="id685544" class="RuleBehavior"><attributes><text id="name">Rule</text><text id="bundleName">Rule.behavior</text><real id="compoundConditionKind">0</real></attributes><conditions><condition id="id853226" eventType="touch"><attributes><index id="conditionType">1</index><text id="subjectAttribute">game.devices.screen.deviceOrientation</text></attributes><predicate type="enumeration"><attributes><text id="operator">is</text><index id="RHS">1</index></attributes></predicate></condition></conditions><behaviors><behavior id="id737415" class="InterpolateBehavior" enabled="true"><attributes><text id="name">Interpolate</text><text id="bundleName">Interpolate.behavior</text><boolean id="runToCompletion">true</boolean><text id="targetAttribute">self.attributes.position.x</text><real id="finalValue">-100</real><real id="duration">1</real><index id="easing">0</index></attributes></behavior></behaviors><elseBehaviors/></behavior></elseBehaviors></behavior></behaviors></actor><actor id="id680428" prototype="id882089"><attributes><point id="position"><real id="x">331</real><real id="y">237.5</real></point></attributes><aspects/><behaviors><behavior enabled="true" id="id724648" class="RuleBehavior"><attributes><text id="name">Rule</text><text id="bundleName">Rule.behavior</text><real id="compoundConditionKind">0</real></attributes><conditions><condition id="id824460" eventType="touch"><attributes><index id="conditionType">1</index><text id="subjectAttribute">game.devices.screen.deviceOrientation</text></attributes><predicate type="enumeration"><attributes><text id="operator">is</text><index id="RHS">0</index></attributes></predicate></condition></conditions><behaviors><behavior id="id162965" class="InterpolateBehavior" enabled="true"><attributes><text id="name">Interpolate</text><text id="bundleName">Interpolate.behavior</text><boolean id="runToCompletion">true</boolean><text id="targetAttribute">self.attributes.position.x</text><real id="finalValue">331</real><real id="duration">1</real><index id="easing">0</index></attributes></behavior></behaviors><elseBehaviors><behavior enabled="true" id="id685544" class="RuleBehavior"><attributes><text id="name">Rule</text><text id="bundleName">Rule.behavior</text><real id="compoundConditionKind">0</real></attributes><conditions><condition id="id853226" eventType="touch"><attributes><index id="conditionType">1</index><text id="subjectAttribute">game.devices.screen.deviceOrientation</text></attributes><predicate type="enumeration"><attributes><text id="operator">is</text><index id="RHS">1</index></attributes></predicate></condition></conditions><behaviors><behavior id="id737415" class="InterpolateBehavior" enabled="true"><attributes><text id="name">Interpolate</text><text id="bundleName">Interpolate.behavior</text><boolean id="runToCompletion">true</boolean><text id="targetAttribute">self.attributes.position.x</text><real id="finalValue">600</real><real id="duration">1</real><index id="easing">0</index></attributes></behavior></behaviors><elseBehaviors/></behavior></elseBehaviors></behavior></behaviors></actor></actors><attributes><text id="name">Background</text><boolean id="scrollable">true</boolean></attributes></layer><layer id="id830308"><actors><actor id="id102525" prototype="id882089"><attributes><point id="position"><real id="x">557</real><real id="y">241</real></point><size id="size"><real id="width">150</real><real id="height">82</real></size><color id="color"><real id="red">0.627551</real><real id="green">0.627551</real><real id="blue">0.627551</real><real id="alpha">0.33</real></color></attributes><aspects/><behaviors><behavior enabled="true" id="id724648" class="RuleBehavior"><attributes><text id="name">Rule</text><text id="bundleName">Rule.behavior</text><real id="compoundConditionKind">0</real></attributes><conditions><condition id="id824460" eventType="touch"><attributes><index id="conditionType">1</index><text id="subjectAttribute">game.devices.screen.deviceOrientation</text></attributes><predicate type="enumeration"><attributes><text id="operator">is</text><index id="RHS">1</index></attributes></predicate></condition></conditions><behaviors><behavior id="id453006" class="TimerBehavior" enabled="true"><attributes><text id="name">Timer</text><text id="bundleName">Timer.behavior</text><index id="timerType">1</index><real id="interval">2</real><boolean id="runToCompletion">false</boolean></attributes><behaviors><behavior id="id524161" class="InterpolateBehavior" enabled="true"><attributes><text name="Name" id="name">Interpolate</text><text name="Bundle Name" id="bundleName">Interpolate.behavior</text><boolean name="Run To Completion" id="runToCompletion">true</boolean><text name="Target Attribute" id="targetAttribute">self.attributes.position.x</text><real name="Final Value" id="finalValue">389</real><real name="Duration" id="duration">1</real><index name="Easing" id="easing">0</index></attributes></behavior></behaviors></behavior></behaviors><elseBehaviors><behavior enabled="true" id="id685544" class="RuleBehavior"><attributes><text id="name">Rule</text><text id="bundleName">Rule.behavior</text><real id="compoundConditionKind">0</real></attributes><conditions><condition id="id853226" eventType="touch"><attributes><index id="conditionType">1</index><text id="subjectAttribute">game.devices.screen.deviceOrientation</text></attributes><predicate type="enumeration"><attributes><text id="operator">is</text><index id="RHS">0</index></attributes></predicate></condition></conditions><behaviors><behavior id="id982844" class="TimerBehavior" enabled="true"><attributes><text id="name">Timer</text><text id="bundleName">Timer.behavior</text><index id="timerType">1</index><real id="interval">0</real><boolean id="runToCompletion">false</boolean></attributes><behaviors><behavior id="id554108" class="InterpolateBehavior" enabled="true"><attributes><text name="Name" id="name">Interpolate</text><text name="Bundle Name" id="bundleName">Interpolate.behavior</text><boolean name="Run To Completion" id="runToCompletion">true</boolean><text name="Target Attribute" id="targetAttribute">self.attributes.position.x</text><real name="Final Value" id="finalValue">560</real><real name="Duration" id="duration">0.5</real><index name="Easing" id="easing">0</index></attributes></behavior></behaviors></behavior></behaviors><elseBehaviors/></behavior></elseBehaviors></behavior></behaviors></actor><actor id="id708356" prototype="id308900"><attributes><point id="position"><real id="x">231.42</real><real id="y">71.5</real></point><size id="size"><real id="width">84.84</real><real id="height">101</real></size></attributes><aspects/><behaviors><behavior enabled="true" id="id154115" class="RuleBehavior"><attributes><text id="name">Rule</text><text id="bundleName">Rule.behavior</text><real id="compoundConditionKind">0</real></attributes><conditions><condition id="id749982" eventType="touch"><attributes><index id="conditionType">1</index><text id="subjectAttribute">game.devices.screen.deviceOrientation</text></attributes><predicate type="enumeration"><attributes><text id="operator">is</text><index id="RHS">1</index></attributes></predicate></condition></conditions><behaviors><behavior id="id625804" class="TimerBehavior" enabled="true"><attributes><text id="name">Timer</text><text id="bundleName">Timer.behavior</text><index id="timerType">1</index><real id="interval">1.5</real><boolean id="runToCompletion">false</boolean></attributes><behaviors><behavior id="id197408" class="ChangeImageAction" enabled="true"><attributes><text id="name">Change Image</text><text id="bundleName">ChangeImage.behavior</text><image id="image">1</image></attributes></behavior></behaviors></behavior></behaviors><elseBehaviors><behavior enabled="true" id="id906570" class="RuleBehavior"><attributes><text id="name">Rule</text><text id="bundleName">Rule.behavior</text><real id="compoundConditionKind">0</real></attributes><conditions><condition id="id150179" eventType="touch"><attributes><index id="conditionType">1</index><text id="subjectAttribute">game.devices.screen.deviceOrientation</text></attributes><predicate type="enumeration"><attributes><text id="operator">is</text><index id="RHS">0</index></attributes></predicate></condition></conditions><behaviors><behavior id="id336116" class="TimerBehavior" enabled="true"><attributes><text id="name">Timer</text><text id="bundleName">Timer.behavior</text><index id="timerType">1</index><real id="interval">1.5</real><boolean id="runToCompletion">false</boolean></attributes><behaviors><behavior id="id403641" class="ChangeImageAction" enabled="true"><attributes><text id="name">Change Image</text><text id="bundleName">ChangeImage.behavior</text><image id="image">2</image></attributes></behavior></behaviors></behavior></behaviors><elseBehaviors/></behavior></elseBehaviors></behavior></behaviors></actor><actor id="id401283" prototype="id241388"><attributes><point id="position"><real id="x">571</real><real id="y">454</real></point><size id="size"><real id="width">1143</real><real id="height">907</real></size><color id="color"><real id="red">1</real><real id="green">1</real><real id="blue">1</real><real id="alpha">0.5</real></color></attributes><aspects/><behaviors><behavior id="id880828" class="RotateBehavior" enabled="true"><attributes><text id="name">Rotate</text><text id="bundleName">Rotate.behavior</text><real id="angularVelocity">7</real><index id="direction">0</index><boolean id="haltWhenBehaviorStops">true</boolean></attributes></behavior><behavior enabled="true" id="id316557" class="RuleBehavior"><attributes><text id="name">Rule</text><text id="bundleName">Rule.behavior</text><real id="compoundConditionKind">0</real></attributes><conditions><condition id="id689106" eventType="touch"><attributes><index id="conditionType">1</index><text id="subjectAttribute">game.devices.screen.deviceOrientation</text></attributes><predicate type="enumeration"><attributes><text id="operator">is</text><index id="RHS">0</index></attributes></predicate></condition></conditions><behaviors><behavior id="id184046" class="TimerBehavior" enabled="true"><attributes><text id="name">Timer</text><text id="bundleName">Timer.behavior</text><index id="timerType">1</index><real id="interval">1.5</real><boolean id="runToCompletion">false</boolean></attributes><behaviors><behavior id="id974761" class="ChangeAttributeAction" enabled="true"><attributes><text id="name">Change Attribute</text><text id="bundleName">ChangeAttribute.behavior</text><text id="targetAttribute">self.attributes.color.alpha</text><text id="RHS">0.5</text></attributes></behavior></behaviors></behavior></behaviors><elseBehaviors><behavior id="id577299" class="TimerBehavior" enabled="true"><attributes><text id="name">Timer</text><text id="bundleName">Timer.behavior</text><index id="timerType">1</index><real id="interval">1</real><boolean id="runToCompletion">false</boolean></attributes><behaviors><behavior enabled="true" id="id356078" class="RuleBehavior"><attributes><text id="name">Rule</text><text id="bundleName">Rule.behavior</text><real id="compoundConditionKind">0</real></attributes><conditions><condition id="id648124" eventType="touch"><attributes><index id="conditionType">1</index><text id="subjectAttribute">game.devices.screen.deviceOrientation</text></attributes><predicate type="enumeration"><attributes><text id="operator">is</text><index id="RHS">1</index></attributes></predicate></condition></conditions><behaviors><behavior id="id462408" class="ChangeAttributeAction" enabled="true"><attributes><text id="name">Change Attribute</text><text id="bundleName">ChangeAttribute.behavior</text><text id="targetAttribute">self.attributes.color.alpha</text><text id="RHS">0</text></attributes></behavior></behaviors><elseBehaviors/></behavior></behaviors></behavior></elseBehaviors></behavior></behaviors></actor></actors><attributes><text id="name">Hud</text><boolean id="scrollable">false</boolean></attributes></layer></layers><attributes><text id="name">1</text><real id="time">0</real><size id="size"><real id="width">960</real><real id="height">320</real></size><boolean id="wrapX">false</boolean><boolean id="wrapY">false</boolean><point id="gravity"><real id="x">0</real><real id="y">0</real></point><color id="color"><real id="red">0</real><real id="green">0</real><real id="blue">0</real><real id="alpha">1</real></color><rect id="camera"><point id="origin"><real id="x">0</real><real id="y">0</real></point><size id="size"><real id="width">480</real><real id="height">320</real></size><size id="trackingArea"><real id="width">400</real><real id="height">260</real></size><real id="rotation">0</real></rect><attributes id="autorotate"><boolean id="landscapeLeft">true</boolean><boolean id="landscapeRight">true</boolean><boolean id="portrait">false</boolean><boolean id="portraitUpsideDown">false</boolean></attributes></attributes></scene>
