<?xml version="1.0" encoding="UTF-8"?>
<actor PGFVersion="0.16" id="id138426" GSCVersion="0.9.2"><attributes><text id="name">test</text><real id="time">0</real><point id="position"><real id="x">0</real><real id="y">0</real></point><size id="size"><real id="width">35</real><real id="height">35</real></size><angle id="rotation">0</angle><color id="color"><real id="red">0.97459</real><real id="green">0.98875</real><real id="blue">1</real><real id="alpha">1</real></color><text id="image">enemy bunker.png</text><text id="tags"></text><boolean name="dragging" id="id877779">false</boolean><real name="mouseOffsetX" id="id608299">0</real><real name="mouseOffsetY" id="id288929">0</real><real name="initX" id="id308767">0</real><real name="initY" id="id654336">0</real><real name="amplifier" id="id771575">8</real></attributes><behaviors><behavior id="id141317" class="NoteBehavior"><attributes><text id="name">Note</text><text id="bundleName">Note.behavior</text><text id="note">Dragging/Snapping to a Grid

Here is an example of how you would get an actor to snap to a grid while dragging it. This is useful in grid-based puzzle games as well all dragging items into an inventory box, etc.

Fell free to use this in any way you see fit.

Good luck!
Joe

Fire Maple Games</text></attributes></behavior><behavior id="id626469" class="NoteBehavior"><attributes><text id="name">Note</text><text id="bundleName">Note.behavior</text><text id="note">When you click on an actor, set &quot;dragging&quot; to TRUE.</text></attributes></behavior><behavior id="id564415" class="RuleBehavior"><attributes><text id="name">Set Dragging</text><text id="bundleName">Rule.behavior</text><real id="compoundConditionKind">0</real></attributes><conditions><condition id="id647736" eventType="mouse button"><attributes><index id="conditionType">0</index><text id="name">default name</text></attributes><predicate mouseState="down" type="mouse"><attributes><text id="name">default name</text></attributes></predicate></condition></conditions><behaviors><behavior id="id340708" class="RuleBehavior"><attributes><text id="name">Rule</text><text id="bundleName">Rule.behavior</text><real id="compoundConditionKind">0</real></attributes><conditions><condition id="id120523" eventType="mouse position"><attributes><index id="conditionType">0</index><text id="name">default name</text></attributes><predicate type="mousePosition" conditionType="over actor"><attributes><text id="name">default name</text></attributes></predicate></condition><condition id="id114452" eventType="mouse button"><attributes><index id="conditionType">1</index><text id="subjectAttribute">self.attributes.id877779</text><text id="name">default name</text></attributes><predicate type="boolean"><attributes><index id="RHS">0</index><text id="name">default name</text><text id="operator">=</text></attributes></predicate></condition></conditions><behaviors><behavior id="id180893" class="ChangeAttributeAction"><attributes><text id="name">Change Attribute</text><text id="bundleName">ChangeAttribute.behavior</text><text id="targetAttribute">self.attributes.id877779</text><text id="RHS">true</text></attributes></behavior></behaviors><elseBehaviors/></behavior></behaviors><elseBehaviors/></behavior><behavior id="id727657" class="NoteBehavior"><attributes><text id="name">Note</text><text id="bundleName">Note.behavior</text><text id="note">When you release the actor, set dragging to FALSE</text></attributes></behavior><behavior id="id244405" class="RuleBehavior"><attributes><text id="name">Rule</text><text id="bundleName">Rule.behavior</text><real id="compoundConditionKind">0</real></attributes><conditions><condition id="id304559" eventType="mouse button"><attributes><index id="conditionType">0</index><text id="name">default name</text></attributes><predicate mouseState="up" type="mouse"><attributes><text id="name">default name</text></attributes></predicate></condition><condition id="id975874" eventType="mouse button"><attributes><index id="conditionType">1</index><text id="subjectAttribute">self.attributes.id877779</text><text id="name">default name</text></attributes><predicate type="boolean"><attributes><index id="RHS">1</index><text id="name">default name</text><text id="operator">=</text></attributes></predicate></condition></conditions><behaviors><behavior id="id881181" class="ChangeAttributeAction"><attributes><text id="name">Change Attribute</text><text id="bundleName">ChangeAttribute.behavior</text><text id="targetAttribute">self.attributes.id877779</text><text id="RHS">false</text></attributes></behavior></behaviors><elseBehaviors/></behavior><behavior id="id715157" class="NoteBehavior"><attributes><text id="name">Note</text><text id="bundleName">Note.behavior</text><text id="note">While dragging is TRUE, and the actor IS over the grid, contstrain the ball's position to the mouse's position and account for the cellWidth and cellHeight. The cellHeight and cellWidth are global game attributes, and can be any size. I have them set to 40x40 to match the grid graphic.

While dragging is TRUE, and the actor is NOT over the grid, constrain the ball's position to the mouse's position.</text></attributes></behavior><behavior id="id758431" class="RuleBehavior"><attributes><text id="name">Rule</text><text id="bundleName">Rule.behavior</text><real id="compoundConditionKind">0</real></attributes><conditions><condition id="id846561" eventType="mouse button"><attributes><index id="conditionType">1</index><text id="subjectAttribute">self.attributes.id877779</text><text id="name">default name</text></attributes><predicate type="boolean"><attributes><index id="RHS">1</index><text id="name">default name</text><text id="operator">=</text></attributes></predicate></condition></conditions><behaviors><behavior id="id927759" class="RuleBehavior"><attributes><text id="name">Rule</text><text id="bundleName">Rule.behavior</text><real id="compoundConditionKind">0</real></attributes><conditions><condition id="id212341" eventType="mouse button"><attributes><index id="conditionType">1</index><text id="subjectAttribute">game.devices.mouse.position.x</text><text id="name">default name</text></attributes><predicate type="number"><attributes><text id="operator">&gt;=</text><real id="RHS"><expression><reference keypath="game.attributes.id945237"/></expression></real><text id="name">default name</text></attributes></predicate></condition></conditions><behaviors><behavior id="id955085" class="ConstrainAttributeBehavior"><attributes><text id="name">Constrain Attribute</text><text id="bundleName">ConstrainAttribute.behavior</text><text id="targetAttribute">self.attributes.position.x</text><text id="RHS"><expression><string>(ceil((floor((</string><reference keypath="game.devices.mouse.position.x"/><string>/</string><reference keypath="game.attributes.id437903"/><string>)*2))/2))*</string><reference keypath="game.attributes.id437903"/></expression></text></attributes></behavior><behavior id="id664631" class="ConstrainAttributeBehavior"><attributes><text id="name">Constrain Attribute</text><text id="bundleName">ConstrainAttribute.behavior</text><text id="targetAttribute">self.attributes.position.y</text><text id="RHS"><expression><string>(ceil((floor((</string><reference keypath="game.devices.mouse.position.y"/><string>/</string><reference keypath="game.attributes.id251273"/><string>)*2))/2))*</string><reference keypath="game.attributes.id251273"/></expression></text></attributes></behavior></behaviors><elseBehaviors><behavior id="id477894" class="ConstrainAttributeBehavior"><attributes><text id="name">Constrain Attribute</text><text id="bundleName">ConstrainAttribute.behavior</text><text id="targetAttribute">self.attributes.position.x</text><text id="RHS"><expression><reference keypath="game.devices.mouse.position.x"/></expression></text></attributes></behavior><behavior id="id822078" class="ConstrainAttributeBehavior"><attributes><text id="name">Constrain Attribute</text><text id="bundleName">ConstrainAttribute.behavior</text><text id="targetAttribute">self.attributes.position.y</text><text id="RHS"><expression><reference keypath="game.devices.mouse.position.y"/></expression></text></attributes></behavior></elseBehaviors></behavior></behaviors><elseBehaviors/></behavior></behaviors><aspects><graphics><attributes><boolean id="visible">true</boolean><enumeration id="blendingMode">0</enumeration><enumeration id="horizontalWrap">0</enumeration><enumeration id="verticalWrap">0</enumeration></attributes></graphics><motion><attributes><point id="linearVelocity"><real id="x">0</real><real id="y">0</real></point><real id="angularVelocity">0</real><real id="maxSpeed">0</real><boolean id="applyMaxSpeed">false</boolean></attributes></motion><physics><attributes><real id="density">1</real><real id="friction">100</real><real id="restitution">0.2</real><boolean id="fixedRotation">true</boolean><boolean id="movable">true</boolean><enumeration id="collisionShape">1</enumeration><real id="drag">0</real><real id="angularDrag">0</real></attributes></physics></aspects></actor>
