<?xml version="1.0" encoding="UTF-8"?>
<actor PGFVersion="0.16" id="id175660" GSCVersion="0.9.2"><attributes><text id="name">bad</text><real id="time">0</real><point id="position"><real id="x">0</real><real id="y">0</real></point><size id="size"><real id="width">25</real><real id="height">40</real></size><angle id="rotation">0</angle><color id="color"><real id="red">0.997091</real><real id="green">1</real><real id="blue">0.94918</real><real id="alpha">1</real></color><text id="image">brownsoldier-run01.png</text><text id="tags">Enemy</text><integer name="movepoints" id="id945810">1</integer></attributes><behaviors><behavior id="id174053" class="NoteBehavior"><attributes><text id="name">Notes for enemy way points</text><text id="bundleName">Note.behavior</text><text id="note">the last wp should be ok = true
and the next wp should be 1 number higher

repeat over for as many waypoints</text></attributes></behavior><behavior id="id112178" class="ConstrainAttributeBehavior"><attributes><text id="name">Constrain Attribute</text><text id="bundleName">ConstrainAttribute.behavior</text><text id="targetAttribute">self.attributes.rotation</text><text id="RHS"><expression><string>vectorToAngle(</string><reference keypath="self.aspects.motion.attributes.linearVelocity.x"/><string>,</string><reference keypath="self.aspects.motion.attributes.linearVelocity.y"/><string>)+90</string></expression></text></attributes></behavior><behavior id="id423067" class="NoteBehavior"><attributes><text id="name">Note</text><text id="bundleName">Note.behavior</text><text id="note">constraining self.Rotation means you dont need all the timer and rotate rules below.</text></attributes></behavior><behavior id="id871501" class="CompoundBehavior"><attributes><text id="name">Needed for the cannons rotate to enemy</text><text id="bundleName">Group.behavior</text></attributes><behaviors><behavior id="id206179" class="ConstrainAttributeBehavior"><attributes><text id="name">Constrain Attribute</text><text id="bundleName">ConstrainAttribute.behavior</text><text id="targetAttribute">game.attributes.id295913</text><text id="RHS"><expression><reference keypath="self.attributes.position.x"/></expression></text></attributes></behavior><behavior id="id735407" class="ConstrainAttributeBehavior"><attributes><text id="name">Constrain Attribute</text><text id="bundleName">ConstrainAttribute.behavior</text><text id="targetAttribute">game.attributes.id610901</text><text id="RHS"><expression><reference keypath="self.attributes.position.y"/></expression></text></attributes></behavior></behaviors></behavior><behavior id="id837822" class="RuleBehavior"><attributes><text id="name">Rule</text><text id="bundleName">Rule.behavior</text><real id="compoundConditionKind">0</real></attributes><conditions><condition id="id556121" eventType="touch"><attributes><index id="conditionType">1</index><text id="subjectAttribute">game.attributes.id429934</text></attributes><predicate type="number"><attributes><text id="operator">=</text><real id="RHS">1</real></attributes></predicate></condition></conditions><behaviors><behavior id="id640946" class="AnimateBehavior"><attributes><text id="name">Normal Walking</text><text id="bundleName">Animate.behavior</text><text id="images">brownsoldier-run01.png	brownsoldier-run02.png	brownsoldier-run03.png</text><index id="speed">6</index><boolean id="loop">true</boolean><boolean id="restoreActorImage">true</boolean></attributes></behavior><behavior id="id365789" class="MoveToBehavior"><attributes><text id="name">Move To wp1</text><text id="bundleName">MoveTo.behavior</text><boolean id="runToCompletion">false</boolean><point id="position"><real id="x"><expression><reference keypath="game.attributes.id271926"/></expression></real><real id="y"><expression><reference keypath="game.attributes.id662324"/></expression></real></point><index id="space">1</index><real id="speed">30</real></attributes></behavior></behaviors><elseBehaviors/></behavior><behavior id="id108825" class="RuleBehavior"><attributes><text id="name">WP Part 1</text><text id="bundleName">Rule.behavior</text><real id="compoundConditionKind">0</real></attributes><conditions><condition id="id537657" eventType="overlaps or collides"><attributes><index id="conditionType">1</index><text id="subjectAttribute">self.attributes.position.x</text></attributes><predicate type="number"><attributes><text id="operator">=</text><real id="RHS"><expression><reference keypath="game.attributes.id271926"/></expression></real></attributes></predicate></condition><condition id="id839499" eventType="mouse button"><attributes><index id="conditionType">1</index><text id="subjectAttribute">self.attributes.position.y</text></attributes><predicate type="number"><attributes><text id="operator">=</text><real id="RHS"><expression><reference keypath="game.attributes.id662324"/></expression></real></attributes></predicate></condition></conditions><behaviors><behavior id="id774126" class="ChangeAttributeAction"><attributes><text id="name">Change Attribute</text><text id="bundleName">ChangeAttribute.behavior</text><text id="targetAttribute">self.attributes.id945810</text><text id="RHS">2</text></attributes></behavior></behaviors><elseBehaviors><behavior id="id710862" class="RuleBehavior"><attributes><text id="name">Rule</text><text id="bundleName">Rule.behavior</text><real id="compoundConditionKind">0</real></attributes><conditions><condition id="id521414" eventType="mouse button"><attributes><index id="conditionType">1</index><text id="subjectAttribute">self.attributes.position.x</text></attributes><predicate type="number"><attributes><text id="operator">=</text><real id="RHS"><expression><reference keypath="game.attributes.id364505"/></expression></real></attributes></predicate></condition><condition id="id557449" eventType="mouse button"><attributes><index id="conditionType">1</index><text id="subjectAttribute">self.attributes.position.y</text></attributes><predicate type="number"><attributes><text id="operator">=</text><real id="RHS"><expression><reference keypath="game.attributes.id540251"/></expression></real></attributes></predicate></condition></conditions><behaviors><behavior id="id980502" class="ChangeAttributeAction"><attributes><text id="name">Change Attribute</text><text id="bundleName">ChangeAttribute.behavior</text><text id="targetAttribute">self.attributes.id945810</text><text id="RHS">3</text></attributes></behavior></behaviors><elseBehaviors><behavior id="id831987" class="RuleBehavior"><attributes><text id="name">Rule</text><text id="bundleName">Rule.behavior</text><real id="compoundConditionKind">0</real></attributes><conditions><condition id="id521414" eventType="mouse button"><attributes><index id="conditionType">1</index><text id="subjectAttribute">self.attributes.position.x</text></attributes><predicate type="number"><attributes><text id="operator">=</text><real id="RHS"><expression><reference keypath="game.attributes.id621804"/></expression></real></attributes></predicate></condition><condition id="id557449" eventType="mouse button"><attributes><index id="conditionType">1</index><text id="subjectAttribute">self.attributes.position.y</text></attributes><predicate type="number"><attributes><text id="operator">=</text><real id="RHS"><expression><reference keypath="game.attributes.id460898"/></expression></real></attributes></predicate></condition></conditions><behaviors><behavior id="id980502" class="ChangeAttributeAction"><attributes><text id="name">Change Attribute</text><text id="bundleName">ChangeAttribute.behavior</text><text id="targetAttribute">self.attributes.id945810</text><text id="RHS">4</text></attributes></behavior></behaviors><elseBehaviors><behavior id="id884794" class="RuleBehavior"><attributes><text id="name">Rule</text><text id="bundleName">Rule.behavior</text><real id="compoundConditionKind">0</real></attributes><conditions><condition id="id521414" eventType="mouse button"><attributes><index id="conditionType">1</index><text id="subjectAttribute">self.attributes.position.x</text></attributes><predicate type="number"><attributes><text id="operator">=</text><real id="RHS"><expression><reference keypath="game.attributes.id970126"/></expression></real></attributes></predicate></condition><condition id="id557449" eventType="mouse button"><attributes><index id="conditionType">1</index><text id="subjectAttribute">self.attributes.position.y</text></attributes><predicate type="number"><attributes><text id="operator">=</text><real id="RHS"><expression><reference keypath="game.attributes.id222766"/></expression></real></attributes></predicate></condition></conditions><behaviors><behavior id="id980502" class="ChangeAttributeAction"><attributes><text id="name">Change Attribute</text><text id="bundleName">ChangeAttribute.behavior</text><text id="targetAttribute">self.attributes.id945810</text><text id="RHS">5</text></attributes></behavior></behaviors><elseBehaviors><behavior id="id197102" class="RuleBehavior"><attributes><text id="name">Rule</text><text id="bundleName">Rule.behavior</text><real id="compoundConditionKind">0</real></attributes><conditions><condition id="id521414" eventType="mouse button"><attributes><index id="conditionType">1</index><text id="subjectAttribute">self.attributes.position.x</text></attributes><predicate type="number"><attributes><text id="operator">=</text><real id="RHS"><expression><reference keypath="game.attributes.id891447"/></expression></real></attributes></predicate></condition><condition id="id557449" eventType="mouse button"><attributes><index id="conditionType">1</index><text id="subjectAttribute">self.attributes.position.y</text></attributes><predicate type="number"><attributes><text id="operator">=</text><real id="RHS"><expression><reference keypath="game.attributes.id862872"/></expression></real></attributes></predicate></condition></conditions><behaviors><behavior id="id980502" class="ChangeAttributeAction"><attributes><text id="name">Change Attribute</text><text id="bundleName">ChangeAttribute.behavior</text><text id="targetAttribute">self.attributes.id945810</text><text id="RHS">6</text></attributes></behavior></behaviors><elseBehaviors><behavior id="id592682" class="RuleBehavior"><attributes><text id="name">Rule</text><text id="bundleName">Rule.behavior</text><real id="compoundConditionKind">0</real></attributes><conditions><condition id="id521414" eventType="mouse button"><attributes><index id="conditionType">1</index><text id="subjectAttribute">self.attributes.position.x</text></attributes><predicate type="number"><attributes><text id="operator">=</text><real id="RHS"><expression><reference keypath="game.attributes.id355834"/></expression></real></attributes></predicate></condition><condition id="id557449" eventType="mouse button"><attributes><index id="conditionType">1</index><text id="subjectAttribute">self.attributes.position.y</text></attributes><predicate type="number"><attributes><text id="operator">=</text><real id="RHS"><expression><reference keypath="game.attributes.id612100"/></expression></real></attributes></predicate></condition></conditions><behaviors><behavior id="id980502" class="ChangeAttributeAction"><attributes><text id="name">Change Attribute</text><text id="bundleName">ChangeAttribute.behavior</text><text id="targetAttribute">self.attributes.id945810</text><text id="RHS">7</text></attributes></behavior></behaviors><elseBehaviors><behavior id="id676798" class="RuleBehavior"><attributes><text id="name">Rule</text><text id="bundleName">Rule.behavior</text><real id="compoundConditionKind">0</real></attributes><conditions><condition id="id521414" eventType="mouse button"><attributes><index id="conditionType">1</index><text id="subjectAttribute">self.attributes.position.x</text></attributes><predicate type="number"><attributes><text id="operator">=</text><real id="RHS"><expression><reference keypath="game.attributes.id150019"/></expression></real></attributes></predicate></condition><condition id="id557449" eventType="mouse button"><attributes><index id="conditionType">1</index><text id="subjectAttribute">self.attributes.position.y</text></attributes><predicate type="number"><attributes><text id="operator">=</text><real id="RHS"><expression><reference keypath="game.attributes.id182245"/></expression></real></attributes></predicate></condition></conditions><behaviors><behavior id="id980502" class="ChangeAttributeAction"><attributes><text id="name">Change Attribute</text><text id="bundleName">ChangeAttribute.behavior</text><text id="targetAttribute">self.attributes.id945810</text><text id="RHS">8</text></attributes></behavior></behaviors><elseBehaviors><behavior id="id152563" class="RuleBehavior"><attributes><text id="name">Rule</text><text id="bundleName">Rule.behavior</text><real id="compoundConditionKind">0</real></attributes><conditions><condition id="id521414" eventType="mouse button"><attributes><index id="conditionType">1</index><text id="subjectAttribute">self.attributes.position.x</text></attributes><predicate type="number"><attributes><text id="operator">=</text><real id="RHS"><expression><reference keypath="game.attributes.id256964"/></expression></real></attributes></predicate></condition><condition id="id557449" eventType="mouse button"><attributes><index id="conditionType">1</index><text id="subjectAttribute">self.attributes.position.y</text></attributes><predicate type="number"><attributes><text id="operator">=</text><real id="RHS"><expression><reference keypath="game.attributes.id306004"/></expression></real></attributes></predicate></condition></conditions><behaviors><behavior id="id980502" class="ChangeAttributeAction"><attributes><text id="name">Change Attribute</text><text id="bundleName">ChangeAttribute.behavior</text><text id="targetAttribute">self.attributes.id945810</text><text id="RHS">9</text></attributes></behavior></behaviors><elseBehaviors><behavior id="id159060" class="RuleBehavior"><attributes><text id="name">Rule</text><text id="bundleName">Rule.behavior</text><real id="compoundConditionKind">0</real></attributes><conditions><condition id="id521414" eventType="mouse button"><attributes><index id="conditionType">1</index><text id="subjectAttribute">self.attributes.position.x</text></attributes><predicate type="number"><attributes><text id="operator">=</text><real id="RHS"><expression><reference keypath="game.attributes.id172488"/></expression></real></attributes></predicate></condition><condition id="id557449" eventType="mouse button"><attributes><index id="conditionType">1</index><text id="subjectAttribute">self.attributes.position.y</text></attributes><predicate type="number"><attributes><text id="operator">=</text><real id="RHS"><expression><reference keypath="game.attributes.id708815"/></expression></real></attributes></predicate></condition></conditions><behaviors><behavior id="id980502" class="ChangeAttributeAction"><attributes><text id="name">Change Attribute</text><text id="bundleName">ChangeAttribute.behavior</text><text id="targetAttribute">self.attributes.id945810</text><text id="RHS">10</text></attributes></behavior></behaviors><elseBehaviors><behavior id="id656061" class="RuleBehavior"><attributes><text id="name">Rule</text><text id="bundleName">Rule.behavior</text><real id="compoundConditionKind">0</real></attributes><conditions><condition id="id521414" eventType="mouse button"><attributes><index id="conditionType">1</index><text id="subjectAttribute">self.attributes.position.x</text></attributes><predicate type="number"><attributes><text id="operator">=</text><real id="RHS"><expression><reference keypath="game.attributes.id467906"/></expression></real></attributes></predicate></condition><condition id="id557449" eventType="mouse button"><attributes><index id="conditionType">1</index><text id="subjectAttribute">self.attributes.position.y</text></attributes><predicate type="number"><attributes><text id="operator">=</text><real id="RHS"><expression><reference keypath="game.attributes.id501089"/></expression></real></attributes></predicate></condition></conditions><behaviors><behavior id="id980502" class="ChangeAttributeAction"><attributes><text id="name">Change Attribute</text><text id="bundleName">ChangeAttribute.behavior</text><text id="targetAttribute">self.attributes.id945810</text><text id="RHS">11</text></attributes></behavior></behaviors><elseBehaviors><behavior id="id501931" class="RuleBehavior"><attributes><text id="name">Rule</text><text id="bundleName">Rule.behavior</text><real id="compoundConditionKind">0</real></attributes><conditions><condition id="id521414" eventType="mouse button"><attributes><index id="conditionType">1</index><text id="subjectAttribute">self.attributes.position.x</text></attributes><predicate type="number"><attributes><text id="operator">=</text><real id="RHS"><expression><reference keypath="game.attributes.id861068"/></expression></real></attributes></predicate></condition><condition id="id557449" eventType="mouse button"><attributes><index id="conditionType">1</index><text id="subjectAttribute">self.attributes.position.y</text></attributes><predicate type="number"><attributes><text id="operator">=</text><real id="RHS"><expression><reference keypath="game.attributes.id576078"/></expression></real></attributes></predicate></condition></conditions><behaviors><behavior id="id980502" class="ChangeAttributeAction"><attributes><text id="name">Change Attribute</text><text id="bundleName">ChangeAttribute.behavior</text><text id="targetAttribute">self.attributes.id945810</text><text id="RHS">12</text></attributes></behavior></behaviors><elseBehaviors><behavior id="id748887" class="RuleBehavior"><attributes><text id="name">Rule</text><text id="bundleName">Rule.behavior</text><real id="compoundConditionKind">0</real></attributes><conditions><condition id="id521414" eventType="mouse button"><attributes><index id="conditionType">1</index><text id="subjectAttribute">self.attributes.position.x</text></attributes><predicate type="number"><attributes><text id="operator">=</text><real id="RHS"><expression><reference keypath="game.attributes.id106807"/></expression></real></attributes></predicate></condition><condition id="id557449" eventType="mouse button"><attributes><index id="conditionType">1</index><text id="subjectAttribute">self.attributes.position.y</text></attributes><predicate type="number"><attributes><text id="operator">=</text><real id="RHS"><expression><reference keypath="game.attributes.id205927"/></expression></real></attributes></predicate></condition></conditions><behaviors/><elseBehaviors/></behavior></elseBehaviors></behavior></elseBehaviors></behavior></elseBehaviors></behavior></elseBehaviors></behavior></elseBehaviors></behavior></elseBehaviors></behavior></elseBehaviors></behavior></elseBehaviors></behavior></elseBehaviors></behavior></elseBehaviors></behavior></elseBehaviors></behavior><behavior id="id802366" class="RuleBehavior"><attributes><text id="name">WP Part 2</text><text id="bundleName">Rule.behavior</text><real id="compoundConditionKind">0</real></attributes><conditions><condition id="id141274" eventType="mouse button"><attributes><index id="conditionType">1</index><text id="subjectAttribute">self.attributes.id945810</text></attributes><predicate type="number"><attributes><text id="operator">=</text><real id="RHS">2</real></attributes></predicate></condition></conditions><behaviors><behavior id="id743203" class="MoveToBehavior"><attributes><text id="name">Move To wp2</text><text id="bundleName">MoveTo.behavior</text><boolean id="runToCompletion">false</boolean><point id="position"><real id="x"><expression><reference keypath="game.attributes.id364505"/></expression></real><real id="y"><expression><reference keypath="game.attributes.id540251"/></expression></real></point><index id="space">1</index><real id="speed">30</real></attributes></behavior></behaviors><elseBehaviors><behavior id="id338357" class="RuleBehavior"><attributes><text id="name">Rule</text><text id="bundleName">Rule.behavior</text><real id="compoundConditionKind">0</real></attributes><conditions><condition id="id901108" eventType="mouse button"><attributes><index id="conditionType">1</index><text id="subjectAttribute">self.attributes.id945810</text></attributes><predicate type="number"><attributes><text id="operator">=</text><real id="RHS">3</real></attributes></predicate></condition></conditions><behaviors><behavior id="id973911" class="MoveToBehavior"><attributes><text id="name">Move To wp3</text><text id="bundleName">MoveTo.behavior</text><boolean id="runToCompletion">false</boolean><point id="position"><real id="x"><expression><reference keypath="game.attributes.id621804"/></expression></real><real id="y"><expression><reference keypath="game.attributes.id460898"/></expression></real></point><index id="space">1</index><real id="speed">30</real></attributes></behavior></behaviors><elseBehaviors><behavior id="id765538" class="RuleBehavior"><attributes><text id="name">Rule</text><text id="bundleName">Rule.behavior</text><real id="compoundConditionKind">0</real></attributes><conditions><condition id="id901108" eventType="mouse button"><attributes><index id="conditionType">1</index><text id="subjectAttribute">self.attributes.id945810</text></attributes><predicate type="number"><attributes><text id="operator">=</text><real id="RHS">4</real></attributes></predicate></condition></conditions><behaviors><behavior id="id973911" class="MoveToBehavior"><attributes><text id="name">Move To wp4</text><text id="bundleName">MoveTo.behavior</text><boolean id="runToCompletion">false</boolean><point id="position"><real id="x"><expression><reference keypath="game.attributes.id970126"/></expression></real><real id="y"><expression><reference keypath="game.attributes.id222766"/></expression></real></point><index id="space">1</index><real id="speed">30</real></attributes></behavior></behaviors><elseBehaviors><behavior id="id248812" class="RuleBehavior"><attributes><text id="name">Rule</text><text id="bundleName">Rule.behavior</text><real id="compoundConditionKind">0</real></attributes><conditions><condition id="id901108" eventType="mouse button"><attributes><index id="conditionType">1</index><text id="subjectAttribute">self.attributes.id945810</text></attributes><predicate type="number"><attributes><text id="operator">=</text><real id="RHS">5</real></attributes></predicate></condition></conditions><behaviors><behavior id="id973911" class="MoveToBehavior"><attributes><text id="name">Move To wp5</text><text id="bundleName">MoveTo.behavior</text><boolean id="runToCompletion">false</boolean><point id="position"><real id="x"><expression><reference keypath="game.attributes.id891447"/></expression></real><real id="y"><expression><reference keypath="game.attributes.id862872"/></expression></real></point><index id="space">1</index><real id="speed">30</real></attributes></behavior></behaviors><elseBehaviors><behavior id="id486665" class="RuleBehavior"><attributes><text id="name">Rule</text><text id="bundleName">Rule.behavior</text><real id="compoundConditionKind">0</real></attributes><conditions><condition id="id901108" eventType="mouse button"><attributes><index id="conditionType">1</index><text id="subjectAttribute">self.attributes.id945810</text></attributes><predicate type="number"><attributes><text id="operator">=</text><real id="RHS">6</real></attributes></predicate></condition></conditions><behaviors><behavior id="id973911" class="MoveToBehavior"><attributes><text id="name">Move To wp6</text><text id="bundleName">MoveTo.behavior</text><boolean id="runToCompletion">false</boolean><point id="position"><real id="x"><expression><reference keypath="game.attributes.id355834"/></expression></real><real id="y"><expression><reference keypath="game.attributes.id612100"/></expression></real></point><index id="space">1</index><real id="speed">30</real></attributes></behavior></behaviors><elseBehaviors><behavior id="id953920" class="RuleBehavior"><attributes><text id="name">Rule</text><text id="bundleName">Rule.behavior</text><real id="compoundConditionKind">0</real></attributes><conditions><condition id="id901108" eventType="mouse button"><attributes><index id="conditionType">1</index><text id="subjectAttribute">self.attributes.id945810</text></attributes><predicate type="number"><attributes><text id="operator">=</text><real id="RHS">7</real></attributes></predicate></condition></conditions><behaviors><behavior id="id973911" class="MoveToBehavior"><attributes><text id="name">Move To wp7</text><text id="bundleName">MoveTo.behavior</text><boolean id="runToCompletion">false</boolean><point id="position"><real id="x"><expression><reference keypath="game.attributes.id150019"/></expression></real><real id="y"><expression><reference keypath="game.attributes.id182245"/></expression></real></point><index id="space">1</index><real id="speed">30</real></attributes></behavior></behaviors><elseBehaviors><behavior id="id414411" class="RuleBehavior"><attributes><text id="name">Rule</text><text id="bundleName">Rule.behavior</text><real id="compoundConditionKind">0</real></attributes><conditions><condition id="id901108" eventType="mouse button"><attributes><index id="conditionType">1</index><text id="subjectAttribute">self.attributes.id945810</text></attributes><predicate type="number"><attributes><text id="operator">=</text><real id="RHS">8</real></attributes></predicate></condition></conditions><behaviors><behavior id="id973911" class="MoveToBehavior"><attributes><text id="name">Move To wp8</text><text id="bundleName">MoveTo.behavior</text><boolean id="runToCompletion">false</boolean><point id="position"><real id="x"><expression><reference keypath="game.attributes.id256964"/></expression></real><real id="y"><expression><reference keypath="game.attributes.id306004"/></expression></real></point><index id="space">1</index><real id="speed">30</real></attributes></behavior></behaviors><elseBehaviors><behavior id="id855602" class="RuleBehavior"><attributes><text id="name">Rule</text><text id="bundleName">Rule.behavior</text><real id="compoundConditionKind">0</real></attributes><conditions><condition id="id901108" eventType="mouse button"><attributes><index id="conditionType">1</index><text id="subjectAttribute">self.attributes.id945810</text></attributes><predicate type="number"><attributes><text id="operator">=</text><real id="RHS">9</real></attributes></predicate></condition></conditions><behaviors><behavior id="id973911" class="MoveToBehavior"><attributes><text id="name">Move To wp9</text><text id="bundleName">MoveTo.behavior</text><boolean id="runToCompletion">false</boolean><point id="position"><real id="x"><expression><reference keypath="game.attributes.id172488"/></expression></real><real id="y"><expression><reference keypath="game.attributes.id708815"/></expression></real></point><index id="space">1</index><real id="speed">30</real></attributes></behavior></behaviors><elseBehaviors><behavior id="id281748" class="RuleBehavior"><attributes><text id="name">Rule</text><text id="bundleName">Rule.behavior</text><real id="compoundConditionKind">0</real></attributes><conditions><condition id="id901108" eventType="mouse button"><attributes><index id="conditionType">1</index><text id="subjectAttribute">self.attributes.id945810</text></attributes><predicate type="number"><attributes><text id="operator">=</text><real id="RHS">10</real></attributes></predicate></condition></conditions><behaviors><behavior id="id973911" class="MoveToBehavior"><attributes><text id="name">Move To wp10</text><text id="bundleName">MoveTo.behavior</text><boolean id="runToCompletion">false</boolean><point id="position"><real id="x"><expression><reference keypath="game.attributes.id467906"/></expression></real><real id="y"><expression><reference keypath="game.attributes.id501089"/></expression></real></point><index id="space">1</index><real id="speed">30</real></attributes></behavior></behaviors><elseBehaviors><behavior id="id850219" class="RuleBehavior"><attributes><text id="name">Rule</text><text id="bundleName">Rule.behavior</text><real id="compoundConditionKind">0</real></attributes><conditions><condition id="id901108" eventType="mouse button"><attributes><index id="conditionType">1</index><text id="subjectAttribute">self.attributes.id945810</text></attributes><predicate type="number"><attributes><text id="operator">=</text><real id="RHS">11</real></attributes></predicate></condition></conditions><behaviors><behavior id="id973911" class="MoveToBehavior"><attributes><text id="name">Move To wp11</text><text id="bundleName">MoveTo.behavior</text><boolean id="runToCompletion">false</boolean><point id="position"><real id="x"><expression><reference keypath="game.attributes.id861068"/></expression></real><real id="y"><expression><reference keypath="game.attributes.id576078"/></expression></real></point><index id="space">1</index><real id="speed">30</real></attributes></behavior></behaviors><elseBehaviors><behavior id="id850134" class="RuleBehavior"><attributes><text id="name">Rule</text><text id="bundleName">Rule.behavior</text><real id="compoundConditionKind">0</real></attributes><conditions><condition id="id901108" eventType="mouse button"><attributes><index id="conditionType">1</index><text id="subjectAttribute">self.attributes.id945810</text></attributes><predicate type="number"><attributes><text id="operator">=</text><real id="RHS">12</real></attributes></predicate></condition></conditions><behaviors><behavior id="id973911" class="MoveToBehavior"><attributes><text id="name">Move To wp12</text><text id="bundleName">MoveTo.behavior</text><boolean id="runToCompletion">false</boolean><point id="position"><real id="x"><expression><reference keypath="game.attributes.id106807"/></expression></real><real id="y"><expression><reference keypath="game.attributes.id205927"/></expression></real></point><index id="space">1</index><real id="speed">30</real></attributes></behavior></behaviors><elseBehaviors/></behavior></elseBehaviors></behavior></elseBehaviors></behavior></elseBehaviors></behavior></elseBehaviors></behavior></elseBehaviors></behavior></elseBehaviors></behavior></elseBehaviors></behavior></elseBehaviors></behavior></elseBehaviors></behavior></elseBehaviors></behavior><behavior id="id582742" class="RuleBehavior"><attributes><text id="name">Spawn killed actor if steped on mine</text><text id="bundleName">Rule.behavior</text><real id="compoundConditionKind">0</real></attributes><conditions><condition id="id425928" eventType="overlaps or collides"><attributes><index id="conditionType">0</index></attributes><predicate type="collision"><attributes><text id="prototypeKey">id124745</text><text id="actorTag">Defence</text><real id="mode">0</real></attributes></predicate></condition></conditions><behaviors><behavior id="id910630" class="DestroyAction"><attributes><text id="name">Destroy</text><text id="bundleName">Destroy.behavior</text></attributes></behavior></behaviors><elseBehaviors/></behavior><behavior id="id879962" class="RuleBehavior"><attributes><text id="name">kill when ran over by tank</text><text id="bundleName">Rule.behavior</text><real id="compoundConditionKind">0</real></attributes><conditions><condition id="id116753" eventType="overlaps or collides"><attributes><index id="conditionType">0</index></attributes><predicate type="collision"><attributes><text id="prototypeKey">id612924</text><text id="actorTag">Defence</text><real id="mode">0</real></attributes></predicate></condition></conditions><behaviors><behavior id="id222270" class="DestroyAction"><attributes><text id="name">Destroy</text><text id="bundleName">Destroy.behavior</text></attributes></behavior></behaviors><elseBehaviors/></behavior></behaviors><aspects><graphics><attributes><boolean id="visible">true</boolean><enumeration id="blendingMode">0</enumeration><enumeration id="horizontalWrap">0</enumeration><enumeration id="verticalWrap">0</enumeration></attributes></graphics><motion><attributes><point id="linearVelocity"><real id="x">0</real><real id="y">0</real></point><real id="angularVelocity">0</real><real id="maxSpeed">0</real><boolean id="applyMaxSpeed">false</boolean></attributes></motion><physics><attributes><real id="density">1</real><real id="friction">3</real><real id="restitution">1</real><boolean id="fixedRotation">false</boolean><boolean id="movable">true</boolean><enumeration id="collisionShape">0</enumeration><real id="drag">0</real><real id="angularDrag">0</real></attributes></physics></aspects></actor>
