<?xml version="1.0" encoding="UTF-8"?>
<actor PGFVersion="0.16" id="id265424" GSCVersion="0.9.2"><attributes><text id="name">play area</text><real id="time">0</real><point id="position"><real id="x">0</real><real id="y">0</real></point><size id="size"><real id="width">100</real><real id="height">100</real></size><angle id="rotation">0</angle><color id="color"><real id="red">1</real><real id="green">1</real><real id="blue">1</real><real id="alpha">1</real></color><text id="image"></text><text id="tags"></text></attributes><behaviors><behavior id="id412823" class="RuleBehavior"><attributes><text id="name">Tank 1</text><text id="bundleName">Rule.behavior</text><real id="compoundConditionKind">0</real></attributes><conditions><condition id="id284980" eventType="touch"><attributes><index id="conditionType">1</index><text id="subjectAttribute">game.attributes.id637656</text></attributes><predicate type="boolean"><attributes><index id="RHS">1</index></attributes></predicate></condition><condition id="id290749" eventType="touch"><attributes><index id="conditionType">0</index></attributes><predicate type="touch" conditionType="pressed"><attributes/></predicate></condition><condition id="id467210" eventType="touch"><attributes><index id="conditionType">1</index><text id="subjectAttribute">game.attributes.id889517</text></attributes><predicate type="number"><attributes><text id="operator">=</text><real id="RHS">1</real></attributes></predicate></condition></conditions><behaviors><behavior id="id620397" class="ChangeAttributeAction"><attributes><text id="name">Change Attribute</text><text id="bundleName">ChangeAttribute.behavior</text><text id="targetAttribute">game.attributes.id637656</text><text id="RHS">false</text></attributes></behavior><behavior id="id964391" class="ChangeAttributeAction"><attributes><text id="name">Change Attribute</text><text id="bundleName">ChangeAttribute.behavior</text><text id="targetAttribute">game.attributes.id889517</text><text id="RHS">0</text></attributes></behavior><behavior id="id225554" class="SpawnAction"><attributes><text id="name">Spawn Actor</text><text id="bundleName">Spawn.behavior</text><text id="prototypeKey">id612924</text><angle id="direction">0</angle><index id="directionSpace">0</index><real id="x"><expression><reference keypath="game.devices.mouse.position.x"/></expression></real><real id="y"><expression><reference keypath="game.devices.mouse.position.y"/></expression></real><index id="positionSpace">1</index><index id="layerOrder">0</index></attributes></behavior></behaviors><elseBehaviors/></behavior><behavior id="id472980" class="RuleBehavior"><attributes><text id="name">Machine Gun</text><text id="bundleName">Rule.behavior</text><real id="compoundConditionKind">0</real></attributes><conditions><condition id="id284980" eventType="touch"><attributes><index id="conditionType">1</index><text id="subjectAttribute">game.attributes.id637656</text></attributes><predicate type="boolean"><attributes><index id="RHS">1</index></attributes></predicate></condition><condition id="id290749" eventType="touch"><attributes><index id="conditionType">0</index></attributes><predicate type="touch" conditionType="pressed"><attributes/></predicate></condition><condition id="id467210" eventType="touch"><attributes><index id="conditionType">1</index><text id="subjectAttribute">game.attributes.id224799</text></attributes><predicate type="number"><attributes><text id="operator">=</text><real id="RHS">1</real></attributes></predicate></condition></conditions><behaviors><behavior id="id620397" class="ChangeAttributeAction"><attributes><text id="name">Change Attribute</text><text id="bundleName">ChangeAttribute.behavior</text><text id="targetAttribute">game.attributes.id637656</text><text id="RHS">false</text></attributes></behavior><behavior id="id964391" class="ChangeAttributeAction"><attributes><text id="name">Change Attribute</text><text id="bundleName">ChangeAttribute.behavior</text><text id="targetAttribute">game.attributes.id224799</text><text id="RHS">0</text></attributes></behavior><behavior id="id225554" class="SpawnAction"><attributes><text id="name">Spawn Actor</text><text id="bundleName">Spawn.behavior</text><text id="prototypeKey">id790359</text><angle id="direction">0</angle><index id="directionSpace">0</index><real id="x"><expression><reference keypath="game.devices.mouse.position.x"/></expression></real><real id="y"><expression><reference keypath="game.devices.mouse.position.y"/></expression></real><index id="positionSpace">1</index><index id="layerOrder">0</index></attributes></behavior></behaviors><elseBehaviors/></behavior><behavior id="id415108" class="RuleBehavior"><attributes><text id="name">Landmine</text><text id="bundleName">Rule.behavior</text><real id="compoundConditionKind">0</real></attributes><conditions><condition id="id284980" eventType="touch"><attributes><index id="conditionType">1</index><text id="subjectAttribute">game.attributes.id637656</text></attributes><predicate type="boolean"><attributes><index id="RHS">1</index></attributes></predicate></condition><condition id="id290749" eventType="touch"><attributes><index id="conditionType">0</index></attributes><predicate type="touch" conditionType="pressed"><attributes/></predicate></condition><condition id="id504387" eventType="touch"><attributes><index id="conditionType">1</index><text id="subjectAttribute">game.attributes.id529739</text></attributes><predicate type="number"><attributes><text id="operator">=</text><real id="RHS">1</real></attributes></predicate></condition></conditions><behaviors><behavior id="id620397" class="ChangeAttributeAction"><attributes><text id="name">Change Attribute</text><text id="bundleName">ChangeAttribute.behavior</text><text id="targetAttribute">game.attributes.id637656</text><text id="RHS">false</text></attributes></behavior><behavior id="id121682" class="ChangeAttributeAction"><attributes><text id="name">Change Attribute</text><text id="bundleName">ChangeAttribute.behavior</text><text id="targetAttribute">game.attributes.id529739</text><text id="RHS">0</text></attributes></behavior><behavior id="id225554" class="SpawnAction"><attributes><text id="name">Spawn Actor</text><text id="bundleName">Spawn.behavior</text><text id="prototypeKey">id124745</text><angle id="direction">0</angle><index id="directionSpace">0</index><real id="x"><expression><reference keypath="game.devices.mouse.position.x"/></expression></real><real id="y"><expression><reference keypath="game.devices.mouse.position.y"/></expression></real><index id="positionSpace">1</index><index id="layerOrder">0</index></attributes></behavior></behaviors><elseBehaviors/></behavior><behavior id="id893846" class="RuleBehavior"><attributes><text id="name">Remove grid when game starts</text><text id="bundleName">Rule.behavior</text><real id="compoundConditionKind">0</real></attributes><conditions><condition id="id562550" eventType="touch"><attributes><index id="conditionType">1</index><text id="subjectAttribute">game.attributes.id812085</text></attributes><predicate type="number"><attributes><text id="operator">=</text><real id="RHS">0</real></attributes></predicate></condition></conditions><behaviors><behavior id="id685577" class="ChangeAttributeAction"><attributes><text id="name">Change Attribute</text><text id="bundleName">ChangeAttribute.behavior</text><text id="targetAttribute">self.attributes.color.alpha</text><text id="RHS">0</text></attributes></behavior></behaviors><elseBehaviors><behavior id="id408429" class="ChangeAttributeAction"><attributes><text id="name">Change Attribute</text><text id="bundleName">ChangeAttribute.behavior</text><text id="targetAttribute">self.attributes.color.alpha</text><text id="RHS">1</text></attributes></behavior></elseBehaviors></behavior></behaviors><aspects><graphics><attributes><boolean id="visible">true</boolean><enumeration id="blendingMode">0</enumeration><enumeration id="horizontalWrap">0</enumeration><enumeration id="verticalWrap">0</enumeration></attributes></graphics><motion><attributes><point id="linearVelocity"><real id="x">0</real><real id="y">0</real></point><real id="angularVelocity">0</real><real id="maxSpeed">0</real><boolean id="applyMaxSpeed">false</boolean></attributes></motion><physics><attributes><real id="density">1</real><real id="friction">3</real><real id="restitution">1</real><boolean id="fixedRotation">false</boolean><boolean id="movable">true</boolean><enumeration id="collisionShape">0</enumeration><real id="drag">0</real><real id="angularDrag">0</real></attributes></physics></aspects></actor>
