<?xml version="1.0" encoding="UTF-8"?>
<actor PGFVersion="0.16" id="id951548" GSCVersion="0.9.2"><attributes><text id="name">no spawn</text><real id="time">0</real><point id="position"><real id="x">0</real><real id="y">0</real></point><size id="size"><real id="width">100</real><real id="height">100</real></size><angle id="rotation">0</angle><color id="color"><real id="red">1</real><real id="green">0.0113636</real><real id="blue">0.0113636</real><real id="alpha">0.32</real></color><text id="image"></text><text id="tags">no spawn areas</text></attributes><behaviors><behavior id="id523059" class="RuleBehavior"><attributes><text id="name">hitting</text><text id="bundleName">Rule.behavior</text><real id="compoundConditionKind">1</real></attributes><conditions><condition id="id423403" eventType="overlaps or collides"><attributes><index id="conditionType">0</index></attributes><predicate type="collision"><attributes><text id="prototypeKey">id790359</text><text id="actorTag">Defence</text><real id="mode">0</real></attributes></predicate></condition></conditions><behaviors><behavior id="id781664" class="ChangeAttributeAction"><attributes><text id="name">Start Error - not ok</text><text id="bundleName">ChangeAttribute.behavior</text><text id="targetAttribute">game.attributes.id435150</text><text id="RHS">1</text></attributes></behavior><behavior id="id991753" class="ChangeAttributeAction"><attributes><text id="name">Change Attribute</text><text id="bundleName">ChangeAttribute.behavior</text><text id="targetAttribute">self.attributes.color.alpha</text><text id="RHS">0.32</text></attributes></behavior></behaviors><elseBehaviors><behavior id="id734436" class="ChangeAttributeAction"><attributes><text id="name">Start Error - ok</text><text id="bundleName">ChangeAttribute.behavior</text><text id="targetAttribute">game.attributes.id435150</text><text id="RHS">0</text></attributes></behavior><behavior id="id435150" class="ChangeAttributeAction"><attributes><text id="name">Change Attribute</text><text id="bundleName">ChangeAttribute.behavior</text><text id="targetAttribute">self.attributes.color.alpha</text><text id="RHS">0</text></attributes></behavior></elseBehaviors></behavior></behaviors><aspects><graphics><attributes><boolean id="visible">true</boolean><enumeration id="blendingMode">0</enumeration><enumeration id="horizontalWrap">0</enumeration><enumeration id="verticalWrap">0</enumeration></attributes></graphics><motion><attributes><point id="linearVelocity"><real id="x">0</real><real id="y">0</real></point><real id="angularVelocity">0</real><real id="maxSpeed">0</real><boolean id="applyMaxSpeed">false</boolean></attributes></motion><physics><attributes><real id="density">1</real><real id="friction">3</real><real id="restitution">1</real><boolean id="fixedRotation">false</boolean><boolean id="movable">true</boolean><enumeration id="collisionShape">0</enumeration><real id="drag">0</real><real id="angularDrag">0</real></attributes></physics></aspects></actor>
