<?xml version="1.0" encoding="UTF-8"?>
<actor PGFVersion="0.16" id="id927129" GSCVersion="0.9.2"><attributes><text id="name">good</text><real id="time">0</real><point id="position"><real id="x">0</real><real id="y">0</real></point><size id="size"><real id="width">35</real><real id="height">35</real></size><angle id="rotation">0</angle><color id="color"><real id="red">1</real><real id="green">0.983929</real><real id="blue">0.995982</real><real id="alpha">1</real></color><text id="image">tank-cannon.png</text><text id="tags">Defence</text></attributes><behaviors><behavior id="id772373" class="NoteBehavior"><attributes><text id="name">Note</text><text id="bundleName">Note.behavior</text><text id="note">Below is rotate to position of enemy, not sure if it will go wrong when there are multiple enemies.

I changed Offset Angle to 90 because of the sprite facing down...if it doesnt face the right way on other actors change the 90 to 180, 270 etc until its right.
</text></attributes></behavior><behavior id="id637298" class="RotateToPositionBehavior"><attributes><text id="name">Rotate to Position</text><text id="bundleName">RotateToPosition.behavior</text><boolean id="runToCompletion">false</boolean><angle id="angle">0</angle><index id="space">1</index><real id="angularVelocity">90</real><boolean id="continuousMovement">true</boolean><point id="position"><real id="x"><expression><reference keypath="game.attributes.id295913"/></expression></real><real id="y"><expression><reference keypath="game.attributes.id610901"/></expression></real></point><angle id="offsetAngle">90</angle></attributes></behavior><behavior id="id828738" class="ChangeAttributeAction"><attributes><text id="name">Rador good to spawn by deafult</text><text id="bundleName">ChangeAttribute.behavior</text><text id="targetAttribute">game.attributes.id157943</text><text id="RHS">true</text></attributes></behavior><behavior id="id975221" class="ChangeAttributeAction"><attributes><text id="name">Change Attribute</text><text id="bundleName">ChangeAttribute.behavior</text><text id="targetAttribute">game.attributes.id224799</text><text id="RHS">0</text></attributes></behavior><behavior id="id587128" class="RuleBehavior"><attributes><text id="name">Rule</text><text id="bundleName">Rule.behavior</text><real id="compoundConditionKind">0</real></attributes><conditions><condition id="id744331" eventType="overlaps or collides"><attributes><index id="conditionType">0</index></attributes><predicate type="collision"><attributes><text id="prototypeKey">id967947</text><text id="actorTag">no spawn areas</text><real id="mode">1</real></attributes></predicate></condition></conditions><behaviors><behavior id="id808929" class="ChangeAttributeAction"><attributes><text id="name">Change Attribute</text><text id="bundleName">ChangeAttribute.behavior</text><text id="targetAttribute">game.attributes.id157943</text><text id="RHS">false</text></attributes></behavior><behavior id="id869324" class="DestroyAction"><attributes><text id="name">Destroy</text><text id="bundleName">Destroy.behavior</text></attributes></behavior></behaviors><elseBehaviors/></behavior><behavior id="id548021" class="RuleBehavior"><attributes><text id="name">Rule</text><text id="bundleName">Rule.behavior</text><real id="compoundConditionKind">0</real></attributes><conditions><condition id="id159466" eventType="touch"><attributes><index id="conditionType">1</index><text id="subjectAttribute">game.attributes.id157943</text></attributes><predicate type="boolean"><attributes><index id="RHS">1</index></attributes></predicate></condition></conditions><behaviors><behavior id="id421307" class="SpawnAction"><attributes><text id="name">Spawn Rador</text><text id="bundleName">Spawn.behavior</text><text id="prototypeKey">id351164</text><angle id="direction">0</angle><index id="directionSpace">0</index><real id="x">0</real><real id="y">0</real><index id="positionSpace">0</index><index id="layerOrder">0</index></attributes></behavior></behaviors><elseBehaviors/></behavior></behaviors><aspects><graphics><attributes><boolean id="visible">true</boolean><enumeration id="blendingMode">0</enumeration><enumeration id="horizontalWrap">0</enumeration><enumeration id="verticalWrap">0</enumeration></attributes></graphics><motion><attributes><point id="linearVelocity"><real id="x">0</real><real id="y">0</real></point><real id="angularVelocity">0</real><real id="maxSpeed">0</real><boolean id="applyMaxSpeed">false</boolean></attributes></motion><physics><attributes><real id="density">1</real><real id="friction">3</real><real id="restitution">1</real><boolean id="fixedRotation">false</boolean><boolean id="movable">true</boolean><enumeration id="collisionShape">0</enumeration><real id="drag">0</real><real id="angularDrag">0</real></attributes></physics></aspects></actor>
