<?xml version="1.0" encoding="UTF-8"?>
<actor PGFVersion="0.16" id="id481649" GSCVersion="0.9.2"><attributes><text id="name">explode</text><real id="time">0</real><point id="position"><real id="x">0</real><real id="y">0</real></point><size id="size"><real id="width">65</real><real id="height">65</real></size><angle id="rotation">0</angle><color id="color"><real id="red">1</real><real id="green">1</real><real id="blue">1</real><real id="alpha">1</real></color><text id="image">ex01.png</text><text id="tags"></text></attributes><behaviors><behavior id="id176730" class="AnimateBehavior"><attributes><text id="name">Animate</text><text id="bundleName">Animate.behavior</text><text id="images">ex01.png	ex02.png	ex03.png	ex04.png	ex05.png	ex06.png	ex07.png	ex08.png	ex09.png	ex10.png</text><index id="speed">10</index><boolean id="loop">false</boolean><boolean id="restoreActorImage">false</boolean></attributes></behavior><behavior id="id694610" class="TimerBehavior"><attributes><text id="name">Timer</text><text id="bundleName">Timer.behavior</text><index id="timerType">1</index><real id="interval">1.1</real><boolean id="runToCompletion">false</boolean></attributes><behaviors><behavior id="id976226" class="ChangeImageAction"><attributes><text id="name">Change Image</text><text id="bundleName">ChangeImage.behavior</text><text id="image">brownsoldier-die02.png</text></attributes></behavior><behavior id="id564709" class="ChangeAttributeAction"><attributes><text id="name">Change Attribute</text><text id="bundleName">ChangeAttribute.behavior</text><text id="targetAttribute">self.attributes.size.width</text><text id="RHS">25</text></attributes></behavior><behavior id="id274196" class="ChangeAttributeAction"><attributes><text id="name">Change Attribute</text><text id="bundleName">ChangeAttribute.behavior</text><text id="targetAttribute">self.attributes.size.height</text><text id="RHS">40</text></attributes></behavior></behaviors></behavior></behaviors><aspects><graphics><attributes><boolean id="visible">true</boolean><enumeration id="blendingMode">0</enumeration><enumeration id="horizontalWrap">0</enumeration><enumeration id="verticalWrap">0</enumeration></attributes></graphics><motion><attributes><point id="linearVelocity"><real id="x">0</real><real id="y">0</real></point><real id="angularVelocity">0</real><real id="maxSpeed">0</real><boolean id="applyMaxSpeed">false</boolean></attributes></motion><physics><attributes><real id="density">1</real><real id="friction">3</real><real id="restitution">1</real><boolean id="fixedRotation">false</boolean><boolean id="movable">true</boolean><enumeration id="collisionShape">0</enumeration><real id="drag">0</real><real id="angularDrag">0</real></attributes></physics></aspects></actor>
