<?xml version="1.0" encoding="UTF-8"?>
<actor PGFVersion="0.16" id="id921999" GSCVersion="0.9.2"><attributes><text id="name">airstrike</text><real id="time">0</real><point id="position"><real id="x">0</real><real id="y">0</real></point><size id="size"><real id="width">300</real><real id="height">300</real></size><angle id="rotation">0</angle><color id="color"><real id="red">1</real><real id="green">1</real><real id="blue">1</real><real id="alpha">1</real></color><text id="image">spitfire512-2.png</text><text id="tags"></text></attributes><behaviors><behavior id="id280846" class="TimerBehavior"><attributes><text id="name">Timer</text><text id="bundleName">Timer.behavior</text><index id="timerType">1</index><real id="interval">30</real><boolean id="runToCompletion">false</boolean></attributes><behaviors><behavior id="id608905" class="AnimateBehavior"><attributes><text id="name">Animate</text><text id="bundleName">Animate.behavior</text><text id="images">spitfire512.png	spitfire512-2.png</text><index id="speed">14</index><boolean id="loop">true</boolean><boolean id="restoreActorImage">false</boolean></attributes></behavior><behavior id="id109496" class="MoveBehavior"><attributes><text id="name">Move</text><text id="bundleName">Move.behavior</text><angle id="direction">90</angle><index id="space">1</index><index id="moveType">0</index><real id="speed">200</real><boolean id="haltWhenBehaviorStops">true</boolean></attributes></behavior><behavior id="id339510" class="SpawnAction"><attributes><text id="name">Spawn Actor</text><text id="bundleName">Spawn.behavior</text><text id="prototypeKey">id547544</text><angle id="direction">0</angle><index id="directionSpace">0</index><real id="x">0</real><real id="y">200</real><index id="positionSpace">0</index><index id="layerOrder">1</index></attributes></behavior></behaviors></behavior></behaviors><aspects><graphics><attributes><boolean id="visible">true</boolean><enumeration id="blendingMode">0</enumeration><enumeration id="horizontalWrap">0</enumeration><enumeration id="verticalWrap">0</enumeration></attributes></graphics><motion><attributes><point id="linearVelocity"><real id="x">0</real><real id="y">0</real></point><real id="angularVelocity">0</real><real id="maxSpeed">0</real><boolean id="applyMaxSpeed">false</boolean></attributes></motion><physics><attributes><real id="density">1</real><real id="friction">3</real><real id="restitution">1</real><boolean id="fixedRotation">false</boolean><boolean id="movable">true</boolean><enumeration id="collisionShape">0</enumeration><real id="drag">0</real><real id="angularDrag">0</real></attributes></physics></aspects></actor>
