<?xml version="1.0" encoding="UTF-8"?>
<actor PGFVersion="0.16" id="id136700" GSCVersion="0.9.2"><attributes><text id="name">popin</text><real id="time">0</real><point id="position"><real id="x">0</real><real id="y">0</real></point><size id="size"><real id="width">125</real><real id="height">321</real></size><angle id="rotation">0</angle><color id="color"><real id="red">0.72449</real><real id="green">0.671774</real><real id="blue">0.70574</real><real id="alpha">1</real></color><text id="image">popin.png</text><text id="tags"></text></attributes><behaviors><behavior id="id796425" class="RuleBehavior"><attributes><text id="name">Popin</text><text id="bundleName">Rule.behavior</text><real id="compoundConditionKind">0</real></attributes><conditions><condition id="id360584" eventType="touch"><attributes><index id="conditionType">1</index><text id="subjectAttribute">game.attributes.id710508</text></attributes><predicate type="number"><attributes><text id="operator">=</text><real id="RHS">1</real></attributes></predicate></condition></conditions><behaviors><behavior id="id380654" class="MoveToBehavior"><attributes><text id="name">Move To</text><text id="bundleName">MoveTo.behavior</text><boolean id="runToCompletion">false</boolean><point id="position"><real id="x">430.5</real><real id="y">159.5</real></point><index id="space">1</index><real id="speed">300</real></attributes></behavior></behaviors><elseBehaviors><behavior id="id643703" class="RuleBehavior"><attributes><text id="name">Popout</text><text id="bundleName">Rule.behavior</text><real id="compoundConditionKind">0</real></attributes><conditions><condition id="id421345" eventType="touch"><attributes><index id="conditionType">1</index><text id="subjectAttribute">game.attributes.id710508</text></attributes><predicate type="number"><attributes><text id="operator">=</text><real id="RHS">0</real></attributes></predicate></condition></conditions><behaviors><behavior id="id680489" class="MoveToBehavior"><attributes><text id="name">Move To</text><text id="bundleName">MoveTo.behavior</text><boolean id="runToCompletion">false</boolean><point id="position"><real id="x">539.5</real><real id="y">159.5</real></point><index id="space">1</index><real id="speed">300</real></attributes></behavior></behaviors><elseBehaviors/></behavior></elseBehaviors></behavior></behaviors><aspects><graphics><attributes><boolean id="visible">true</boolean><enumeration id="blendingMode">0</enumeration><enumeration id="horizontalWrap">0</enumeration><enumeration id="verticalWrap">0</enumeration></attributes></graphics><motion><attributes><point id="linearVelocity"><real id="x">0</real><real id="y">0</real></point><real id="angularVelocity">0</real><real id="maxSpeed">0</real><boolean id="applyMaxSpeed">false</boolean></attributes></motion><physics><attributes><real id="density">1</real><real id="friction">3</real><real id="restitution">1</real><boolean id="fixedRotation">false</boolean><boolean id="movable">true</boolean><enumeration id="collisionShape">0</enumeration><real id="drag">0</real><real id="angularDrag">0</real></attributes></physics></aspects></actor>
