<?xml version="1.0" encoding="UTF-8"?>
<actor PGFVersion="0.16" id="id582003" GSCVersion="0.9.2"><attributes><text id="name">popout button</text><real id="time">0</real><point id="position"><real id="x">0</real><real id="y">0</real></point><size id="size"><real id="width">48</real><real id="height">48</real></size><angle id="rotation">0</angle><color id="color"><real id="red">1</real><real id="green">1</real><real id="blue">1</real><real id="alpha">1</real></color><text id="image">close.png</text><text id="tags"></text></attributes><behaviors><behavior id="id483898" class="RuleBehavior"><attributes><text id="name">When Popout button is pressed</text><text id="bundleName">Rule.behavior</text><real id="compoundConditionKind">0</real></attributes><conditions><condition id="id722192" eventType="touch"><attributes><index id="conditionType">0</index></attributes><predicate type="touch" conditionType="pressed"><attributes/></predicate></condition></conditions><behaviors><behavior id="id572218" class="ChangeAttributeAction"><attributes><text id="name">Change Attribute</text><text id="bundleName">ChangeAttribute.behavior</text><text id="targetAttribute">game.attributes.id710508</text><text id="RHS">0</text></attributes></behavior></behaviors><elseBehaviors/></behavior><behavior id="id660744" class="RuleBehavior"><attributes><text id="name">Pipin Back Button</text><text id="bundleName">Rule.behavior</text><real id="compoundConditionKind">0</real></attributes><conditions><condition id="id132481" eventType="touch"><attributes><index id="conditionType">1</index><text id="subjectAttribute">game.attributes.id710508</text></attributes><predicate type="number"><attributes><text id="operator">=</text><real id="RHS">1</real></attributes></predicate></condition></conditions><behaviors><behavior id="id302739" class="MoveToBehavior"><attributes><text id="name">Move To</text><text id="bundleName">MoveTo.behavior</text><boolean id="runToCompletion">false</boolean><point id="position"><real id="x">365</real><real id="y">303</real></point><index id="space">1</index><real id="speed">300</real></attributes></behavior></behaviors><elseBehaviors><behavior id="id312686" class="RuleBehavior"><attributes><text id="name">Popout button</text><text id="bundleName">Rule.behavior</text><real id="compoundConditionKind">0</real></attributes><conditions><condition id="id135318" eventType="touch"><attributes><index id="conditionType">1</index><text id="subjectAttribute">game.attributes.id710508</text></attributes><predicate type="number"><attributes><text id="operator">=</text><real id="RHS">0</real></attributes></predicate></condition></conditions><behaviors><behavior id="id822277" class="MoveToBehavior"><attributes><text id="name">Move To</text><text id="bundleName">MoveTo.behavior</text><boolean id="runToCompletion">false</boolean><point id="position"><real id="x">502</real><real id="y">303</real></point><index id="space">1</index><real id="speed">300</real></attributes></behavior></behaviors><elseBehaviors/></behavior></elseBehaviors></behavior></behaviors><aspects><graphics><attributes><boolean id="visible">true</boolean><enumeration id="blendingMode">0</enumeration><enumeration id="horizontalWrap">0</enumeration><enumeration id="verticalWrap">0</enumeration></attributes></graphics><motion><attributes><point id="linearVelocity"><real id="x">0</real><real id="y">0</real></point><real id="angularVelocity">0</real><real id="maxSpeed">0</real><boolean id="applyMaxSpeed">false</boolean></attributes></motion><physics><attributes><real id="density">1</real><real id="friction">3</real><real id="restitution">1</real><boolean id="fixedRotation">false</boolean><boolean id="movable">true</boolean><enumeration id="collisionShape">0</enumeration><real id="drag">0</real><real id="angularDrag">0</real></attributes></physics></aspects></actor>
