<?xml version="1.0" encoding="UTF-8"?>
<actor PGFVersion="0.16" id="id798785" GSCVersion="0.9.2"><attributes><text id="name">rotate to enemy</text><real id="time">0</real><point id="position"><real id="x">0</real><real id="y">0</real></point><size id="size"><real id="width">208</real><real id="height">256</real></size><angle id="rotation">0</angle><color id="color"><real id="red">1</real><real id="green">1</real><real id="blue">1</real><real id="alpha">1</real></color><text id="image">tank-cannon.png</text><text id="tags"></text></attributes><behaviors><behavior id="id781563" class="ConstrainAttributeBehavior"><attributes><text id="name">Constrain Attribute</text><text id="bundleName">ConstrainAttribute.behavior</text><text id="targetAttribute">self.attributes.position.x</text><text id="RHS"><expression><reference keypath="self.attributes.id681330"/><string>+25*cos(</string><reference keypath="self.attributes.rotation"/><string>)</string></expression></text></attributes></behavior><behavior id="id841081" class="ConstrainAttributeBehavior"><attributes><text id="name">Constrain Attribute</text><text id="bundleName">ConstrainAttribute.behavior</text><text id="targetAttribute">self.attributes.position.y</text><text id="RHS"><expression><reference keypath="self.attributes.id123710"/><string>+25*sin(</string><reference keypath="self.attributes.rotation"/><string>)</string></expression></text></attributes></behavior><behavior id="id187445" class="RuleBehavior"><attributes><text id="name">'Facing' Direction</text><text id="bundleName">Rule.behavior</text><real id="compoundConditionKind">0</real></attributes><conditions><condition id="id952596" eventType="overlaps or collides"><attributes><index id="conditionType">0</index></attributes><predicate type="collision"><attributes><text id="prototypeKey">id794649</text><text id="actorTag">Enemy</text><real id="mode">1</real></attributes></predicate></condition></conditions><behaviors><behavior id="id942199" class="ChangeAttributeAction"><attributes><text id="name">Change Attribute</text><text id="bundleName">ChangeAttribute.behavior</text><text id="targetAttribute">self.attributes.id513888</text><text id="RHS"><expression><reference keypath="self.attributes.rotation"/></expression></text></attributes></behavior><behavior id="id918937" class="ConstrainAttributeBehavior"><attributes><text id="name">Constrain Attribute</text><text id="bundleName">ConstrainAttribute.behavior</text><text id="targetAttribute">self.attributes.id513888</text><text id="RHS"><expression><reference keypath="self.attributes.rotation"/></expression></text></attributes></behavior><behavior id="id731072" class="RotateBehavior"><attributes><text id="name">Rotate</text><text id="bundleName">Rotate.behavior</text><real id="angularVelocity">3</real><index id="direction">1</index><boolean id="haltWhenBehaviorStops">true</boolean></attributes></behavior></behaviors><elseBehaviors><behavior id="id799493" class="RotateBehavior"><attributes><text id="name">Rotate</text><text id="bundleName">Rotate.behavior</text><real id="angularVelocity">300</real><index id="direction">1</index><boolean id="haltWhenBehaviorStops">true</boolean></attributes></behavior></elseBehaviors></behavior></behaviors><aspects><graphics><attributes><boolean id="visible">true</boolean><enumeration id="blendingMode">0</enumeration><enumeration id="horizontalWrap">0</enumeration><enumeration id="verticalWrap">0</enumeration></attributes></graphics><motion><attributes><point id="linearVelocity"><real id="x">0</real><real id="y">0</real></point><real id="angularVelocity">0</real><real id="maxSpeed">0</real><boolean id="applyMaxSpeed">false</boolean></attributes></motion><physics><attributes><real id="density">1</real><real id="friction">3</real><real id="restitution">1</real><boolean id="fixedRotation">false</boolean><boolean id="movable">true</boolean><enumeration id="collisionShape">0</enumeration><real id="drag">0</real><real id="angularDrag">0</real></attributes></physics></aspects></actor>
