<?xml version="1.0" encoding="UTF-8"?>
<actor PGFVersion="0.16" id="id124745" GSCVersion="0.9.2"><attributes><text id="name">landmine</text><real id="time">0</real><point id="position"><real id="x">0</real><real id="y">0</real></point><size id="size"><real id="width">20</real><real id="height">20</real></size><angle id="rotation">0</angle><color id="color"><real id="red">1</real><real id="green">0.983929</real><real id="blue">0.995982</real><real id="alpha">1</real></color><text id="image">landmine.png</text><text id="tags">Defence</text></attributes><behaviors><behavior id="id208620" class="RuleBehavior"><attributes><text id="name">Rule</text><text id="bundleName">Rule.behavior</text><real id="compoundConditionKind">0</real></attributes><conditions><condition id="id207318" eventType="overlaps or collides"><attributes><index id="conditionType">0</index></attributes><predicate type="collision"><attributes><text id="prototypeKey">id967947</text><text id="actorTag">Enemy</text><real id="mode">1</real></attributes></predicate></condition></conditions><behaviors><behavior id="id412526" class="SpawnAction"><attributes><text id="name">Spawn Actor</text><text id="bundleName">Spawn.behavior</text><text id="prototypeKey">id481649</text><angle id="direction">0</angle><index id="directionSpace">0</index><real id="x">0</real><real id="y">0</real><index id="positionSpace">0</index><index id="layerOrder">0</index></attributes></behavior><behavior id="id661852" class="DestroyAction"><attributes><text id="name">Destroy</text><text id="bundleName">Destroy.behavior</text></attributes></behavior></behaviors><elseBehaviors/></behavior></behaviors><aspects><graphics><attributes><boolean id="visible">true</boolean><enumeration id="blendingMode">0</enumeration><enumeration id="horizontalWrap">0</enumeration><enumeration id="verticalWrap">0</enumeration></attributes></graphics><motion><attributes><point id="linearVelocity"><real id="x">0</real><real id="y">0</real></point><real id="angularVelocity">0</real><real id="maxSpeed">0</real><boolean id="applyMaxSpeed">false</boolean></attributes></motion><physics><attributes><real id="density">1</real><real id="friction">3</real><real id="restitution">1</real><boolean id="fixedRotation">false</boolean><boolean id="movable">true</boolean><enumeration id="collisionShape">0</enumeration><real id="drag">0</real><real id="angularDrag">0</real></attributes></physics></aspects></actor>
