<?xml version="1.0" encoding="UTF-8"?>
<actor PGFVersion="0.17" id="id300744" GSCVersion="0.9.5"><attributes><text id="name">bossbig000 copy</text><real id="time">0</real><point id="position"><real id="x">0</real><real id="y">0</real></point><size id="size"><real id="width">64</real><real id="height">64</real></size><angle id="rotation">0</angle><color id="color"><real id="red">1</real><real id="green">1</real><real id="blue">1</real><real id="alpha">1</real></color><image id="image">bossbig000 copy</image><text id="tags"></text></attributes><behaviors><behavior id="id806177" class="AnimateBehavior" enabled="true"><attributes><text id="name">Animate</text><text id="bundleName">Animate.behavior</text><text id="images">bossbig000 copy	bossbig001 copy	bossbig002 copy	bossbig003 copy	bossbig004 copy	bossbig005 copy	bossbig006 copy	bossbig007 copy	bossbig008 copy	bossbig009 copy	bossbig010 copy	bossbig011 copy</text><index id="speed">15</index><boolean id="loop">true</boolean><boolean id="restoreActorImage">true</boolean></attributes></behavior></behaviors><aspects><graphics><attributes><boolean id="visible">true</boolean><enumeration id="blendingMode">0</enumeration><enumeration id="horizontalWrap">0</enumeration><enumeration id="verticalWrap">0</enumeration></attributes></graphics><motion><attributes><point id="linearVelocity"><real id="x">0</real><real id="y">-120</real></point><real id="angularVelocity">0</real><real id="maxSpeed">0</real><boolean id="applyMaxSpeed">false</boolean></attributes></motion><physics><attributes><real id="density">1</real><real id="friction">3</real><real id="restitution">1</real><boolean id="fixedRotation">false</boolean><boolean id="movable">true</boolean><enumeration id="collisionShape">0</enumeration><real id="drag">0</real><real id="angularDrag">0</real></attributes></physics></aspects></actor>
