<?xml version="1.0" encoding="UTF-8"?>
<actor PGFVersion="0.16" id="id826288" GSCVersion="0.8.9"><attributes><text id="name">Hell</text><real id="time">0</real><point id="position"><real id="x">0</real><real id="y">0</real></point><size id="size"><real id="width">480</real><real id="height">320</real></size><angle id="rotation">0</angle><color id="color"><real id="red">1</real><real id="green">0.967859</real><real id="blue">0.991965</real><real id="alpha">1</real></color><text id="image">hell.png</text><text id="tags"></text></attributes><behaviors><behavior id="id677502" class="SpawnAction"><attributes><text id="name">Spawn Actor</text><text id="bundleName">Spawn.behavior</text><text id="prototypeKey">id240061</text><angle id="direction">0</angle><index id="directionSpace">1</index><real id="x">240</real><real id="y">115.5</real><index id="positionSpace">1</index><index id="layerOrder">0</index></attributes></behavior><behavior id="id325922" class="RuleBehavior"><attributes><text id="name">Rule</text><text id="bundleName">Rule.behavior</text><real id="compoundConditionKind">0</real></attributes><conditions><condition id="id888845" eventType="touch"><attributes><index id="conditionType">1</index><text id="subjectAttribute">game.devices.screen.deviceOrientation</text></attributes><predicate type="enumeration"><attributes><text id="operator">is</text><index id="RHS">0</index></attributes></predicate></condition></conditions><behaviors><behavior id="id984539" class="SpawnAction"><attributes><text id="name">Spawn Actor</text><text id="bundleName">Spawn.behavior</text><text id="prototypeKey">id480777</text><angle id="direction">0</angle><index id="directionSpace">0</index><real id="x">0</real><real id="y">0</real><index id="positionSpace">0</index><index id="layerOrder">0</index></attributes></behavior><behavior id="id357665" class="DestroyAction"><attributes><text id="name">Destroy</text><text id="bundleName">Destroy.behavior</text></attributes></behavior></behaviors><elseBehaviors/></behavior></behaviors><aspects><graphics><attributes><boolean id="visible">true</boolean><enumeration id="blendingMode">0</enumeration><enumeration id="horizontalWrap">0</enumeration><enumeration id="verticalWrap">0</enumeration></attributes></graphics><motion><attributes><point id="linearVelocity"><real id="x">0</real><real id="y">0</real></point><real id="angularVelocity">0</real><real id="maxSpeed">0</real><boolean id="applyMaxSpeed">false</boolean></attributes></motion><physics><attributes><real id="density">1</real><real id="friction">3</real><real id="restitution">1</real><boolean id="fixedRotation">false</boolean><boolean id="movable">true</boolean><enumeration id="collisionShape">0</enumeration><real id="drag">0</real><real id="angularDrag">0</real></attributes></physics></aspects></actor>
