<?xml version="1.0" encoding="UTF-8"?>
<actor PGFVersion="0.16" id="id240061" GSCVersion="0.8.9"><attributes><text id="name">Devil</text><real id="time">0</real><point id="position"><real id="x">0</real><real id="y">0</real></point><size id="size"><real id="width">232</real><real id="height">280</real></size><angle id="rotation">0</angle><color id="color"><real id="red">1</real><real id="green">1</real><real id="blue">1</real><real id="alpha">1</real></color><text id="image">devel.png</text><text id="tags"></text></attributes><behaviors><behavior id="id851675" class="LoadAttributeAction"><attributes><text id="name">Load Attribute</text><text id="bundleName">LoadAtribute.behavior</text><text id="targetAttribute">self.attributes.position.x</text><text id="key">actorx</text></attributes></behavior><behavior id="id204158" class="LoadAttributeAction"><attributes><text id="name">Load Attribute</text><text id="bundleName">LoadAtribute.behavior</text><text id="targetAttribute">self.attributes.position.y</text><text id="key">actory</text></attributes></behavior><behavior id="id384139" class="RuleBehavior"><attributes><text id="name">Rule</text><text id="bundleName">Rule.behavior</text><real id="compoundConditionKind">0</real></attributes><conditions><condition id="id510893" eventType="touch"><attributes><index id="conditionType">1</index><text id="subjectAttribute">game.devices.screen.deviceOrientation</text></attributes><predicate type="enumeration"><attributes><text id="operator">is</text><index id="RHS">0</index></attributes></predicate></condition></conditions><behaviors><behavior id="id740406" class="SaveAttributeAction"><attributes><text id="name">Save Attribute</text><text id="bundleName">SaveAttribute.behavior</text><text id="targetAttribute">self.attributes.position.x</text><text id="key">actorx</text></attributes></behavior><behavior id="id317074" class="SaveAttributeAction"><attributes><text id="name">Save Attribute</text><text id="bundleName">SaveAttribute.behavior</text><text id="targetAttribute">self.attributes.position.y</text><text id="key">actory</text></attributes></behavior><behavior id="id545394" class="DestroyAction"><attributes><text id="name">Destroy</text><text id="bundleName">Destroy.behavior</text></attributes></behavior></behaviors><elseBehaviors/></behavior><behavior id="id232610" class="RuleBehavior"><attributes><text id="name">Trigger Right Rule</text><text id="bundleName">Rule.behavior</text><real id="compoundConditionKind">0</real></attributes><conditions><condition id="id594341" eventType="mouse button"><attributes><index id="conditionType">1</index><text id="subjectAttribute">game.attributes.id172785</text></attributes><predicate type="number"><attributes><text id="operator">=</text><real id="RHS">1</real></attributes></predicate></condition></conditions><behaviors><behavior id="id280256" class="MoveBehavior"><attributes><text id="name">Move</text><text id="bundleName">Move.behavior</text><angle id="direction">0</angle><index id="space">0</index><index id="moveType">0</index><real id="speed">280</real><boolean id="haltWhenBehaviorStops">true</boolean></attributes></behavior></behaviors><elseBehaviors/></behavior><behavior id="id476643" class="RuleBehavior"><attributes><text id="name">Trigger Left Rule</text><text id="bundleName">Rule.behavior</text><real id="compoundConditionKind">0</real></attributes><conditions><condition id="id594341" eventType="mouse button"><attributes><index id="conditionType">1</index><text id="subjectAttribute">game.attributes.id507673</text></attributes><predicate type="number"><attributes><text id="operator">=</text><real id="RHS"><expression><string>1</string></expression></real></attributes></predicate></condition></conditions><behaviors><behavior id="id280256" class="MoveBehavior"><attributes><text id="name">Move</text><text id="bundleName">Move.behavior</text><angle id="direction">180</angle><index id="space">0</index><index id="moveType">0</index><real id="speed">280</real><boolean id="haltWhenBehaviorStops">true</boolean></attributes></behavior></behaviors><elseBehaviors/></behavior><behavior id="id653625" class="ControlCameraBehavior"><attributes><text id="name">Control Camera</text><text id="bundleName">ControlCamera.behavior</text></attributes></behavior><behavior id="id676801" class="RuleBehavior"><attributes><text id="name">Left</text><text id="bundleName">Rule.behavior</text><real id="compoundConditionKind">0</real></attributes><conditions><condition id="id768751" eventType="key"><attributes><index id="conditionType">0</index></attributes><predicate type="key"><attributes><text id="mode">down</text><text id="keyString">left</text></attributes></predicate></condition></conditions><behaviors><behavior id="id495385" class="MoveBehavior"><attributes><text id="name">Move</text><text id="bundleName">Move.behavior</text><angle id="direction">180</angle><index id="space">0</index><index id="moveType">0</index><real id="speed">300</real><boolean id="haltWhenBehaviorStops">true</boolean></attributes></behavior></behaviors><elseBehaviors/></behavior><behavior id="id497706" class="RuleBehavior"><attributes><text id="name">Right</text><text id="bundleName">Rule.behavior</text><real id="compoundConditionKind">0</real></attributes><conditions><condition id="id768751" eventType="key"><attributes><index id="conditionType">0</index></attributes><predicate type="key"><attributes><text id="mode">down</text><text id="keyString">right</text></attributes></predicate></condition></conditions><behaviors><behavior id="id495385" class="MoveBehavior"><attributes><text id="name">Move</text><text id="bundleName">Move.behavior</text><angle id="direction">0</angle><index id="space">0</index><index id="moveType">0</index><real id="speed">300</real><boolean id="haltWhenBehaviorStops">true</boolean></attributes></behavior></behaviors><elseBehaviors/></behavior></behaviors><aspects><graphics><attributes><boolean id="visible">true</boolean><enumeration id="blendingMode">0</enumeration><enumeration id="horizontalWrap">0</enumeration><enumeration id="verticalWrap">0</enumeration></attributes></graphics><motion><attributes><point id="linearVelocity"><real id="x">0</real><real id="y">0</real></point><real id="angularVelocity">0</real><real id="maxSpeed">0</real><boolean id="applyMaxSpeed">false</boolean></attributes></motion><physics><attributes><real id="density">1</real><real id="friction">3</real><real id="restitution">1</real><boolean id="fixedRotation">false</boolean><boolean id="movable">true</boolean><enumeration id="collisionShape">0</enumeration><real id="drag">0</real><real id="angularDrag">0</real></attributes></physics></aspects></actor>
