<?xml version="1.0" encoding="UTF-8"?>
<assets PGFVersion="0.17" GSCVersion="0.9.71"><sounds/><images><image name="cogs_00"><file name="cogs_00.png" size="3090"/></image><image name="cogs_01"><file name="cogs_01.png" size="3665"/></image><image name="cogs_02"><file name="cogs_02.png" size="3970"/></image><image name="cogs_03"><file name="cogs_03.png" size="4296"/></image><image name="cogs_05"><file name="cogs_05.png" size="3680"/></image><image name="cogs_04"><file name="cogs_04.png" size="3751"/></image><image name="hugo_00"><file name="hugo_00.png" size="1363"/></image><image name="handle"><file name="handle.png" size="8010"/></image><image name="hugo_01"><file name="hugo_01.png" size="1307"/></image><image name="hugo_02"><file name="hugo_02.png" size="1282"/></image><image name="knob"><file name="knob.png" size="1480"/></image><image name="prop_00"><file name="prop_00.png" size="1096"/></image><image name="prop_01"><file name="prop_01.png" size="910"/></image><image name="prop_02"><file name="prop_02.png" size="752"/></image><image name="prop_03"><file name="prop_03.png" size="596"/></image><image name="prop_04"><file name="prop_04.png" size="846"/></image><image name="prop_05"><file name="prop_05.png" size="782"/></image><image name="arrows128"><file name="arrows128.png"/><file name="arrows128.png" size="7806"/></image><image name="sofaplus"><file name="sofaplus.png"/><file name="sofaplus.png" size="16430"/></image><image name="r3"><file name="r3.png"/><file name="r3.png" size="483"/></image><image name="r1"><file name="r1.png"/><file name="r1.png" size="525"/></image><image name="r2"><file name="r2.png"/><file name="r2.png" size="578"/></image><image name="needle"><file name="needle.png"/><file name="needle.png" size="295"/></image><image name="meterback"><file name="meterback.png"/><file name="meterback.png" size="1285"/></image><image name="meter1"><file name="meter1.png"/><file name="meter1.png" size="3671"/></image><image name="meter2"><file name="meter2.png"/><file name="meter2.png" size="3719"/></image></images><behaviors/></assets>
