<?xml version="1.0" encoding="UTF-8"?>
<game GSCVersion="0.9.71" PGFVersion="0.17" title="My Great Project"><resolutionIndependence>0</resolutionIndependence><instructions>Add game instructions here.</instructions><resolution>0</resolution><longDescription>A tabula rasa, a blank slate on which one may create a masterpiece.</longDescription><prototypes><actor id="id620755"/><actor id="id605068"/><actor id="id411759"/><actor id="id793349"/><actor id="id541286"/><actor id="id671229"/><actor id="id225294"/><actor id="id663948"/><actor id="id168841"/><actor id="id983023"/><actor id="id325625"/></prototypes><plugins><attributes id="kiip"><text id="appKey"></text><text id="appSecret"></text><text id="achievementIdentifiers"></text><text id="achievementNames"></text><text id="leaderboardIdentifiers"></text><text id="leaderboardNames"></text></attributes></plugins><scenes><scene id="id269551"/></scenes><attributes><text id="name">default name</text><real id="time">0</real><size id="displaySize"><real id="width">480</real><real id="height">320</real></size><text id="actorTags"></text></attributes></game>
