<?xml version="1.0" encoding="UTF-8"?>
<actor PGFVersion="0.17" id="id742831" GSCVersion="0.9.4"><attributes><text id="name">moon</text><real id="time">0</real><point id="position"><real id="x">0</real><real id="y">0</real></point><size id="size"><real id="width">329</real><real id="height">269</real></size><angle id="rotation">0</angle><color id="color"><real id="red">1</real><real id="green">1</real><real id="blue">1</real><real id="alpha">1</real></color><image id="image">moon</image><text id="tags"></text></attributes><behaviors><behavior enabled="true" id="id565325" class="RuleBehavior"><attributes><text id="name">Rule</text><text id="bundleName">Rule.behavior</text><real id="compoundConditionKind">0</real></attributes><conditions><condition id="id824460" eventType="touch"><attributes><index id="conditionType">1</index><text id="subjectAttribute">game.devices.screen.deviceOrientation</text></attributes><predicate type="enumeration"><attributes><text id="operator">is</text><index id="RHS">0</index></attributes></predicate></condition></conditions><behaviors><behavior id="id162965" class="InterpolateBehavior" enabled="true"><attributes><text id="name">Interpolate</text><text id="bundleName">Interpolate.behavior</text><boolean id="runToCompletion">true</boolean><text id="targetAttribute">self.attributes.position.x</text><real id="finalValue">98</real><real id="duration">1.5</real><index id="easing">0</index></attributes></behavior></behaviors><elseBehaviors><behavior enabled="true" id="id685544" class="RuleBehavior"><attributes><text id="name">Rule</text><text id="bundleName">Rule.behavior</text><real id="compoundConditionKind">0</real></attributes><conditions><condition id="id853226" eventType="touch"><attributes><index id="conditionType">1</index><text id="subjectAttribute">game.devices.screen.deviceOrientation</text></attributes><predicate type="enumeration"><attributes><text id="operator">is</text><index id="RHS">1</index></attributes></predicate></condition></conditions><behaviors><behavior id="id737415" class="InterpolateBehavior" enabled="true"><attributes><text id="name">Interpolate</text><text id="bundleName">Interpolate.behavior</text><boolean id="runToCompletion">true</boolean><text id="targetAttribute">self.attributes.position.x</text><real id="finalValue">-100</real><real id="duration">1.5</real><index id="easing">0</index></attributes></behavior></behaviors><elseBehaviors/></behavior></elseBehaviors></behavior></behaviors><aspects><graphics><attributes><boolean id="visible">true</boolean><enumeration id="blendingMode">0</enumeration><enumeration id="horizontalWrap">0</enumeration><enumeration id="verticalWrap">0</enumeration></attributes></graphics><motion><attributes><point id="linearVelocity"><real id="x">0</real><real id="y">0</real></point><real id="angularVelocity">0</real><real id="maxSpeed">0</real><boolean id="applyMaxSpeed">false</boolean></attributes></motion><physics><attributes><real id="density">1</real><real id="friction">3</real><real id="restitution">1</real><boolean id="fixedRotation">false</boolean><boolean id="movable">true</boolean><enumeration id="collisionShape">0</enumeration><real id="drag">0</real><real id="angularDrag">0</real></attributes></physics></aspects></actor>
