<?xml version="1.0" encoding="UTF-8"?>
<actor PGFVersion="0.17" id="id534022" GSCVersion="0.9.4"><attributes><text id="name">earth big</text><real id="time">0</real><point id="position"><real id="x">0</real><real id="y">0</real></point><size id="size"><real id="width">80</real><real id="height">80</real></size><angle id="rotation">0</angle><color id="color"><real id="red">0.977778</real><real id="green">0.955556</real><real id="blue">1</real><real id="alpha">1</real></color><image id="image">circle</image><text id="tags"></text></attributes><behaviors><behavior enabled="true" id="id289799" class="RuleBehavior"><attributes><text id="name">Rule</text><text id="bundleName">Rule.behavior</text><real id="compoundConditionKind">0</real></attributes><conditions><condition id="id959421" eventType="touch"><attributes><index id="conditionType">0</index></attributes><predicate type="touch" conditionType="inside"><attributes/></predicate></condition></conditions><behaviors><behavior id="id795787" class="GrowShrinkBehavior" enabled="true"><attributes><text id="name">Change Size</text><text id="bundleName">ChangeSize.behavior</text><real id="growthRate">2</real></attributes></behavior></behaviors><elseBehaviors/></behavior><behavior enabled="true" id="id149521" class="RuleBehavior"><attributes><text id="name">Rule</text><text id="bundleName">Rule.behavior</text><real id="compoundConditionKind">1</real></attributes><conditions><condition id="id197718" eventType="overlaps or collides"><attributes><index id="conditionType">0</index></attributes><predicate type="collision"><attributes><text id="prototypeKey">id445972</text><text id="actorTag">earth</text><real id="mode">0</real></attributes></predicate></condition></conditions><behaviors><behavior id="id197718" class="CollideBehavior" enabled="true"><attributes><text id="name">Collide</text><text id="bundleName">Collide.behavior</text><text id="prototypeKey">id445972</text><text id="actorTag">earth</text><index id="mode">0</index></attributes></behavior></behaviors><elseBehaviors/></behavior><behavior id="id409665" class="AccelerateBehavior" enabled="true"><attributes><text id="name">Accelerate</text><text id="bundleName">Accelerate.behavior</text><angle id="direction">270</angle><index id="space">1</index><real id="acceleration">500</real></attributes></behavior></behaviors><aspects><graphics><attributes><boolean id="visible">true</boolean><enumeration id="blendingMode">0</enumeration><enumeration id="horizontalWrap">0</enumeration><enumeration id="verticalWrap">0</enumeration></attributes></graphics><motion><attributes><point id="linearVelocity"><real id="x">0</real><real id="y">0</real></point><real id="angularVelocity">0</real><real id="maxSpeed">0</real><boolean id="applyMaxSpeed">false</boolean></attributes></motion><physics><attributes><real id="density">1</real><real id="friction">5</real><real id="restitution">0</real><boolean id="fixedRotation">false</boolean><boolean id="movable">true</boolean><enumeration id="collisionShape">1</enumeration><real id="drag">0</real><real id="angularDrag">0</real></attributes></physics></aspects></actor>
