<?xml version="1.0" encoding="UTF-8"?>
<actor PGFVersion="0.17" id="id286582" GSCVersion="0.9.4"><attributes><text id="name">panda ball</text><real id="time">0</real><point id="position"><real id="x">0</real><real id="y">0</real></point><size id="size"><real id="width">48</real><real id="height">48</real></size><angle id="rotation">0</angle><color id="color"><real id="red">1</real><real id="green">1</real><real id="blue">1</real><real id="alpha">1</real></color><image id="image">obj_block_ropebridge</image><text id="tags"></text></attributes><behaviors><behavior id="id825612" class="AccelerateBehavior" enabled="true"><attributes><text id="name">Accelerate</text><text id="bundleName">Accelerate.behavior</text><angle id="direction">270</angle><index id="space">1</index><real id="acceleration">500</real></attributes></behavior><behavior enabled="true" id="id277695" class="RuleBehavior"><attributes><text id="name">Rule</text><text id="bundleName">Rule.behavior</text><real id="compoundConditionKind">1</real></attributes><conditions><condition id="id471159" eventType="overlaps or collides"><attributes><index id="conditionType">0</index></attributes><predicate type="collision"><attributes><text id="prototypeKey">id711075</text><text id="actorTag">earth</text><real id="mode">1</real></attributes></predicate></condition><condition id="id428865" eventType="overlaps or collides"><attributes><index id="conditionType">0</index></attributes><predicate type="collision"><attributes><text id="prototypeKey">id711075</text><text id="actorTag">walls</text><real id="mode">1</real></attributes></predicate></condition></conditions><behaviors><behavior id="id445606" class="CollideBehavior" enabled="true"><attributes><text id="name">Collide</text><text id="bundleName">Collide.behavior</text><text id="prototypeKey">id711075</text><text id="actorTag">earth</text><index id="mode">1</index></attributes></behavior><behavior id="id102866" class="CollideBehavior" enabled="true"><attributes><text id="name">Collide</text><text id="bundleName">Collide.behavior</text><text id="prototypeKey">id711075</text><text id="actorTag">walls</text><index id="mode">1</index></attributes></behavior></behaviors><elseBehaviors/></behavior></behaviors><aspects><graphics><attributes><boolean id="visible">true</boolean><enumeration id="blendingMode">0</enumeration><enumeration id="horizontalWrap">0</enumeration><enumeration id="verticalWrap">0</enumeration></attributes></graphics><motion><attributes><point id="linearVelocity"><real id="x">0</real><real id="y">0</real></point><real id="angularVelocity">0</real><real id="maxSpeed">0</real><boolean id="applyMaxSpeed">false</boolean></attributes></motion><physics><attributes><real id="density">1</real><real id="friction">10</real><real id="restitution">0.2</real><boolean id="fixedRotation">false</boolean><boolean id="movable">true</boolean><enumeration id="collisionShape">1</enumeration><real id="drag">0</real><real id="angularDrag">0</real></attributes></physics></aspects></actor>
