<?xml version="1.0" encoding="UTF-8"?>
<actor PGFVersion="0.17" id="id242097" GSCVersion="0.9.4"><attributes><text id="name">light0001</text><real id="time">0</real><point id="position"><real id="x">0</real><real id="y">0</real></point><size id="size"><real id="width">400</real><real id="height">700</real></size><angle id="rotation">0</angle><color id="color"><real id="red">1</real><real id="green">1</real><real id="blue">1</real><real id="alpha">1</real></color><image id="image">light0001</image><text id="tags"></text></attributes><behaviors><behavior id="id640566" class="AnimateBehavior" enabled="true"><attributes><text id="name">Animate</text><text id="bundleName">Animate.behavior</text><text id="images">light0001	light0002	light0003	light0004	light0005	light0006	light0007	light0008	light0009	light0010	light0011	light0012	light0013	light0014	light0015	light0016	light0017</text><index id="speed">17</index><boolean id="loop">false</boolean><boolean id="restoreActorImage">true</boolean></attributes></behavior><behavior id="id236600" class="TimerBehavior" enabled="true"><attributes><text id="name">Timer</text><text id="bundleName">Timer.behavior</text><index id="timerType">1</index><real id="interval">1</real><boolean id="runToCompletion">false</boolean></attributes><behaviors><behavior id="id931397" class="DestroyAction" enabled="true"><attributes><text id="name">Destroy</text><text id="bundleName">Destroy.behavior</text></attributes></behavior><behavior id="id941547" class="ResetSceneAction" enabled="true"><attributes><text id="name">Reset Scene</text><text id="bundleName">ResetScene.behavior</text></attributes></behavior></behaviors></behavior></behaviors><aspects><graphics><attributes><boolean id="visible">true</boolean><enumeration id="blendingMode">0</enumeration><enumeration id="horizontalWrap">0</enumeration><enumeration id="verticalWrap">0</enumeration></attributes></graphics><motion><attributes><point id="linearVelocity"><real id="x">0</real><real id="y">0</real></point><real id="angularVelocity">0</real><real id="maxSpeed">0</real><boolean id="applyMaxSpeed">false</boolean></attributes></motion><physics><attributes><real id="density">1</real><real id="friction">3</real><real id="restitution">1</real><boolean id="fixedRotation">false</boolean><boolean id="movable">true</boolean><enumeration id="collisionShape">0</enumeration><real id="drag">0</real><real id="angularDrag">0</real></attributes></physics></aspects></actor>
