<?xml version="1.0" encoding="UTF-8"?>
<game PGFVersion="0.16" GSCVersion="0.9.0" title="CoverFlow"><resolutionIndependence>0</resolutionIndependence><resolution>0</resolution><longDescription>Simple CoverFlow using interpolate and camera x position</longDescription><prototypes><actor id="id870803"/><actor id="id141716"/><actor id="id937640"/><actor id="id461567"/><actor id="id921672"/></prototypes><scenes><scene id="id221729"/><scene id="id269551"/></scenes><attributes><text id="name">default name</text><real id="time">0</real><size id="displaySize"><real id="width">480</real><real id="height">320</real></size><text id="actorTags"></text><real name="touchx" id="id920347">0</real><real name="releasex" id="id576600">0</real><integer name="stop" id="id940223">0</integer><integer name="level unlock" id="id494792">1</integer></attributes></game>
