<?xml version="1.0" encoding="UTF-8"?>
<actor PGFVersion="0.16" id="id314938" GSCVersion="0.9.0"><attributes><text id="name">controller</text><real id="time">0</real><point id="position"><real id="x">0</real><real id="y">0</real></point><size id="size"><real id="width">20</real><real id="height">20</real></size><angle id="rotation">0</angle><color id="color"><real id="red">1</real><real id="green">1</real><real id="blue">1</real><real id="alpha">1</real></color><text id="image"></text><text id="tags"></text><real name="startX" id="id844576">0</real><real name="moveCamera" id="id614358">0</real></attributes><behaviors><behavior id="id666214" class="NoteBehavior"><attributes><text id="name">Note</text><text id="bundleName">Note.behavior</text><text id="note">Look into the instance of this :)</text></attributes></behavior></behaviors><aspects><graphics><attributes><boolean id="visible">true</boolean><enumeration id="blendingMode">0</enumeration><enumeration id="horizontalWrap">0</enumeration><enumeration id="verticalWrap">0</enumeration></attributes></graphics><motion><attributes><point id="linearVelocity"><real id="x">0</real><real id="y">0</real></point><real id="angularVelocity">0</real><real id="maxSpeed">0</real><boolean id="applyMaxSpeed">false</boolean></attributes></motion><physics><attributes><real id="density">1</real><real id="friction">3</real><real id="restitution">1</real><boolean id="fixedRotation">false</boolean><boolean id="movable">true</boolean><enumeration id="collisionShape">0</enumeration><real id="drag">0</real><real id="angularDrag">0</real></attributes></physics></aspects></actor>
