<?xml version="1.0" encoding="UTF-8"?>
<actor PGFVersion="0.16" id="id546210" GSCVersion="0.9.0"><attributes><text id="name">level name</text><real id="time">0</real><point id="position"><real id="x">0</real><real id="y">0</real></point><size id="size"><real id="width">165</real><real id="height">43</real></size><angle id="rotation">0</angle><color id="color"><real id="red">1</real><real id="green">1</real><real id="blue">1</real><real id="alpha">1</real></color><text id="image">level name.png</text><text id="tags"></text></attributes><behaviors><behavior id="id410073" class="RuleBehavior"><attributes><text id="name">Rule</text><text id="bundleName">Rule.behavior</text><real id="compoundConditionKind">0</real></attributes><conditions><condition id="id453846" eventType="mouse button"><attributes><index id="conditionType">1</index><text id="subjectAttribute">self.attributes.position.x</text></attributes><predicate type="number"><attributes><text id="operator">&gt;</text><real id="RHS"><expression><reference keypath="game.attributes.id731831"/><string>+190</string></expression></real></attributes></predicate></condition><condition id="id263682" eventType="mouse button"><attributes><index id="conditionType">1</index><text id="subjectAttribute">self.attributes.position.x</text></attributes><predicate type="number"><attributes><text id="operator">&lt;</text><real id="RHS"><expression><reference keypath="game.attributes.id731831"/><string>+290</string></expression></real></attributes></predicate></condition></conditions><behaviors><behavior id="id708940" class="InterpolateBehavior"><attributes><text id="name">Interpolate</text><text id="bundleName">Interpolate.behavior</text><boolean id="runToCompletion">true</boolean><text id="targetAttribute">self.attributes.size.width</text><real id="finalValue"><expression><string>166</string></expression></real><real id="duration">0.2</real><index id="easing">0</index></attributes></behavior><behavior id="id929054" class="InterpolateBehavior"><attributes><text id="name">Interpolate</text><text id="bundleName">Interpolate.behavior</text><boolean id="runToCompletion">true</boolean><text id="targetAttribute">self.attributes.size.height</text><real id="finalValue"><expression><string>43</string></expression></real><real id="duration">0.2</real><index id="easing">0</index></attributes></behavior></behaviors><elseBehaviors><behavior id="id711592" class="InterpolateBehavior"><attributes><text id="name">Interpolate</text><text id="bundleName">Interpolate.behavior</text><boolean id="runToCompletion">true</boolean><text id="targetAttribute">self.attributes.size.width</text><real id="finalValue"><expression><string>0</string></expression></real><real id="duration">0.2</real><index id="easing">0</index></attributes></behavior><behavior id="id228166" class="InterpolateBehavior"><attributes><text id="name">Interpolate</text><text id="bundleName">Interpolate.behavior</text><boolean id="runToCompletion">true</boolean><text id="targetAttribute">self.attributes.size.height</text><real id="finalValue"><expression><string>0</string></expression></real><real id="duration">0.2</real><index id="easing">0</index></attributes></behavior></elseBehaviors></behavior></behaviors><aspects><graphics><attributes><boolean id="visible">true</boolean><enumeration id="blendingMode">0</enumeration><enumeration id="horizontalWrap">0</enumeration><enumeration id="verticalWrap">0</enumeration></attributes></graphics><motion><attributes><point id="linearVelocity"><real id="x">0</real><real id="y">0</real></point><real id="angularVelocity">0</real><real id="maxSpeed">0</real><boolean id="applyMaxSpeed">false</boolean></attributes></motion><physics><attributes><real id="density">1</real><real id="friction">3</real><real id="restitution">1</real><boolean id="fixedRotation">false</boolean><boolean id="movable">true</boolean><enumeration id="collisionShape">0</enumeration><real id="drag">0</real><real id="angularDrag">0</real></attributes></physics></aspects></actor>
