<?xml version="1.0" encoding="UTF-8"?>
<assets PGFVersion="0.17" GSCVersion="0.9.5"><sounds/><images><image name="bossbig000 copy"><file name="bossbig000 copy.png" size="3456"/></image><image name="bossbig001 copy"><file name="bossbig001 copy.png" size="3492"/></image><image name="bossbig002 copy"><file name="bossbig002 copy.png" size="3468"/></image><image name="bossbig003 copy"><file name="bossbig003 copy.png" size="3485"/></image><image name="bossbig004 copy"><file name="bossbig004 copy.png" size="3499"/></image><image name="bossbig005 copy"><file name="bossbig005 copy.png" size="3445"/></image><image name="bossbig006 copy"><file name="bossbig006 copy.png" size="3456"/></image><image name="bossbig007 copy"><file name="bossbig007 copy.png" size="3480"/></image><image name="bossbig008 copy"><file name="bossbig008 copy.png" size="3444"/></image><image name="bossbig009 copy"><file name="bossbig009 copy.png" size="3472"/></image><image name="bossbig010 copy"><file name="bossbig010 copy.png" size="3488"/></image><image name="bossbig011 copy"><file name="bossbig011 copy.png" size="3456"/></image><image name="boss00"><file name="boss00.png" size="3474"/></image><image name="boss01"><file name="boss01.png" size="3519"/></image><image name="boss02"><file name="boss02.png" size="3483"/></image><image name="boss03"><file name="boss03.png" size="3503"/></image><image name="boss04"><file name="boss04.png" size="3524"/></image><image name="boss05"><file name="boss05.png" size="3454"/></image><image name="boss06"><file name="boss06.png" size="3472"/></image><image name="boss07"><file name="boss07.png" size="3519"/></image><image name="boss08"><file name="boss08.png" size="3485"/></image><image name="boss09"><file name="boss09.png" size="3511"/></image><image name="boss10"><file name="boss10.png" size="3517"/></image><image name="boss11"><file name="boss11.png" size="3482"/></image></images><behaviors/></assets>
