<?xml version="1.0" encoding="UTF-8"?>
<game GSCVersion="0.9.5" PGFVersion="0.17" title="My Great Project"><resolutionIndependence>0</resolutionIndependence><instructions>Add game instructions here.</instructions><resolution>1</resolution><longDescription>A tabula rasa, a blank slate on which one may create a masterpiece.</longDescription><prototypes><actor id="id300744"/><actor id="id185685"/></prototypes><plugins><attributes id="kiip"><text id="appKey"></text><text id="appSecret"></text><text id="achievementIdentifiers"></text><text id="achievementNames"></text><text id="leaderboardIdentifiers"></text><text id="leaderboardNames"></text></attributes></plugins><scenes><scene id="id269551"/></scenes><attributes><text id="name">default name</text><real id="time">0</real><size id="displaySize"><real id="width">320</real><real id="height">480</real></size><text id="actorTags"></text></attributes></game>
