<?xml version="1.0" encoding="UTF-8"?>
<scene id="id269551" GSCVersion="0.9.1" PGFVersion="0.16"><layers><layer id="id112326"><actors><actor id="id512525" prototype="id533230"><attributes><point id="position"><real id="x">80.5517</real><real id="y">108.701</real></point><size id="size"><real id="width">207.147</real><real id="height">5</real></size><angle id="rotation">239.877</angle></attributes><aspects/></actor><actor id="id631277" prototype="id533230"><attributes><point id="position"><real id="x">132</real><real id="y">249</real></point><size id="size"><real id="width">88</real><real id="height">5</real></size><angle id="rotation">270</angle></attributes><aspects/></actor><actor id="id719925" prototype="id533230"><attributes><point id="position"><real id="x">161</real><real id="y">10</real></point><size id="size"><real id="width">248</real><real id="height">5</real></size><angle id="rotation">0</angle></attributes><aspects/></actor><actor id="id447488" prototype="id533230"><attributes><point id="position"><real id="x">236.492</real><real id="y">103.682</real></point><size id="size"><real id="width">208.164</real><real id="height">5</real></size><angle id="rotation">298.288</angle></attributes><aspects/></actor><actor id="id104719" prototype="id533230"><attributes><point id="position"><real id="x">185</real><real id="y">245</real></point><size id="size"><real id="width">102</real><real id="height">5</real></size><angle id="rotation">270</angle></attributes><aspects/></actor><actor id="id383399" prototype="id645023"><attributes><point id="position"><real id="x">157</real><real id="y">135</real></point><size id="size"><real id="width">116</real><real id="height">10</real></size><angle id="rotation">0</angle></attributes><aspects><graphics><attributes><boolean id="visible">false</boolean></attributes></graphics></aspects></actor><actor id="id608453" prototype="id901864"><attributes><point id="position"><real id="x">157.5</real><real id="y">67</real></point><size id="size"><real id="width">223</real><real id="height">101</real></size></attributes><aspects><graphics><attributes><boolean id="visible">false</boolean></attributes></graphics></aspects></actor><actor id="id935681" prototype="id556669"><attributes><point id="position"><real id="x">67</real><real id="y">387.276</real></point><size id="size"><real id="width">45</real><real id="height">46.5517</real></size></attributes><aspects/></actor><actor id="id192032" prototype="id686177"><attributes><point id="position"><real id="x">158.75</real><real id="y">157.45</real></point><size id="size"><real id="width">259.5</real><real id="height">305.901</real></size></attributes><aspects/></actor><actor id="id614427" prototype="id533230"><attributes><point id="position"><real id="x">63.5</real><real id="y">356.5</real></point></attributes><aspects><graphics><attributes><boolean id="visible">true</boolean></attributes></graphics></aspects></actor></actors><attributes><text id="name">Background</text><boolean id="scrollable">true</boolean></attributes></layer><layer id="id325670"><actors><actor id="id592548" prototype="id387678"><attributes><point id="position"><real id="x">228</real><real id="y">418.5</real></point><size id="size"><real id="width">165</real><real id="height">110</real></size></attributes><aspects/></actor></actors><attributes><text id="name">Layer 1</text><boolean id="scrollable">false</boolean></attributes></layer></layers><attributes><text id="name">Water</text><real id="time">0</real><size id="size"><real id="width">320</real><real id="height">480</real></size><boolean id="wrapX">false</boolean><boolean id="wrapY">false</boolean><point id="gravity"><real id="x">0</real><real id="y">0</real></point><color id="color"><real id="red">1</real><real id="green">1</real><real id="blue">1</real><real id="alpha">1</real></color><rect id="camera"><point id="origin"><real id="x">0</real><real id="y">0</real></point><size id="size"><real id="width">320</real><real id="height">480</real></size><size id="trackingArea"><real id="width">319</real><real id="height">480</real></size><real id="rotation">0</real></rect><attributes id="autorotate"><boolean id="landscapeLeft">false</boolean><boolean id="landscapeRight">false</boolean><boolean id="portrait">true</boolean><boolean id="portraitUpsideDown">true</boolean></attributes></attributes></scene>
