<?xml version="1.0" encoding="UTF-8"?>
<scene id="id433666" GSCVersion="0.9.1" PGFVersion="0.16"><layers><layer id="id112326"><actors><actor id="id839324" prototype="id533230"><attributes><point id="position"><real id="x">61</real><real id="y">357</real></point><size id="size"><real id="width">100</real><real id="height">15</real></size></attributes><aspects><graphics><attributes><boolean id="visible">true</boolean></attributes></graphics></aspects></actor><actor id="id683539" prototype="id479831"><attributes><point id="position"><real id="x">58</real><real id="y">32</real></point><size id="size"><real id="width">100</real><real id="height">15</real></size></attributes><aspects/></actor><actor id="id887287" prototype="id479831"><attributes><point id="position"><real id="x">219</real><real id="y">212</real></point><size id="size"><real id="width">100</real><real id="height">15</real></size></attributes><aspects/></actor><actor id="id728093" prototype="id230602"><attributes><point id="position"><real id="x">175</real><real id="y">245.5</real></point></attributes><aspects/></actor><actor id="id584831" prototype="id230602"><attributes><point id="position"><real id="x">216</real><real id="y">245.5</real></point><size id="size"><real id="width">20</real><real id="height">50</real></size></attributes><aspects/></actor><actor id="id340391" prototype="id230602"><attributes><point id="position"><real id="x">262</real><real id="y">244.5</real></point></attributes><aspects/></actor><actor id="id475998" prototype="id230602"><attributes><point id="position"><real id="x">14</real><real id="y">65.5</real></point><size id="size"><real id="width">20</real><real id="height">50</real></size></attributes><aspects/></actor><actor id="id197479" prototype="id230602"><attributes><point id="position"><real id="x">58</real><real id="y">64.5</real></point><size id="size"><real id="width">20</real><real id="height">50</real></size></attributes><aspects/></actor><actor id="id635120" prototype="id230602"><attributes><point id="position"><real id="x">101</real><real id="y">65.5</real></point></attributes><aspects/></actor><actor id="id380403" prototype="id831021"><attributes><point id="position"><real id="x">220</real><real id="y">269.5</real></point></attributes><aspects/></actor><actor id="id270160" prototype="id831021"><attributes><point id="position"><real id="x">58</real><real id="y">88.5</real></point></attributes><aspects/></actor><actor id="id961482" prototype="id556669"><attributes><point id="position"><real id="x">54.5</real><real id="y">389.5</real></point><size id="size"><real id="width">50</real><real id="height">50</real></size></attributes><aspects/></actor></actors><attributes><text id="name">Background</text><boolean id="scrollable">true</boolean></attributes></layer><layer id="id325670"><actors><actor id="id155112" prototype="id159082"><attributes><point id="position"><real id="x">227.5</real><real id="y">422.955</real></point><size id="size"><real id="width">159</real><real id="height">81.09</real></size></attributes><aspects/></actor></actors><attributes><text id="name">Layer 1</text><boolean id="scrollable">false</boolean></attributes></layer></layers><attributes><text id="name">Air</text><real id="time">0</real><size id="size"><real id="width">320</real><real id="height">480</real></size><boolean id="wrapX">false</boolean><boolean id="wrapY">false</boolean><point id="gravity"><real id="x">0</real><real id="y">0</real></point><color id="color"><real id="red">1</real><real id="green">1</real><real id="blue">1</real><real id="alpha">1</real></color><rect id="camera"><point id="origin"><real id="x">0</real><real id="y">0</real></point><size id="size"><real id="width">320</real><real id="height">480</real></size><size id="trackingArea"><real id="width">319</real><real id="height">480</real></size><real id="rotation">0</real></rect><attributes id="autorotate"><boolean id="landscapeLeft">false</boolean><boolean id="landscapeRight">false</boolean><boolean id="portrait">true</boolean><boolean id="portraitUpsideDown">true</boolean></attributes></attributes></scene>
