<?xml version="1.0" encoding="UTF-8"?>
<scene id="id221729" GSCVersion="0.9.0" PGFVersion="0.16"><layers><layer id="id578575"><actors><actor id="id847852" prototype="id921672"><attributes><point id="position"><real id="x">239</real><real id="y">159</real></point></attributes><aspects/><behaviors><behavior id="id758959" class="TimerBehavior"><attributes><text id="name">Timer</text><text id="bundleName">Timer.behavior</text><index id="timerType">1</index><real id="interval">2</real><boolean id="runToCompletion">false</boolean></attributes><behaviors><behavior id="id412616" class="ChangeSceneAction"><attributes><text id="name">Change Scene</text><text id="bundleName">ChangeScene.behavior</text><text id="sceneKey">id269551</text><boolean id="preserveCurrentScene">false</boolean></attributes></behavior></behaviors></behavior></behaviors></actor></actors><attributes><text id="name">Background</text><boolean id="scrollable">true</boolean></attributes></layer></layers><attributes><text id="name">Scene 1</text><real id="time">0</real><size id="size"><real id="width">480</real><real id="height">320</real></size><boolean id="wrapX">false</boolean><boolean id="wrapY">false</boolean><point id="gravity"><real id="x">0</real><real id="y">0</real></point><color id="color"><real id="red">0</real><real id="green">0</real><real id="blue">0</real><real id="alpha">1</real></color><rect id="camera"><point id="origin"><real id="x">0</real><real id="y">0</real></point><size id="size"><real id="width">480</real><real id="height">320</real></size><size id="trackingArea"><real id="width">400</real><real id="height">240</real></size><real id="rotation">0</real></rect><attributes id="autorotate"><boolean id="landscapeLeft">true</boolean><boolean id="landscapeRight">false</boolean><boolean id="portrait">false</boolean><boolean id="portraitUpsideDown">false</boolean></attributes></attributes></scene>
