<?xml version="1.0" encoding="UTF-8"?>
<scene id="id269551" GSCVersion="0.9.0" PGFVersion="0.16"><layers><layer id="id112326"><actors><actor id="id566165" prototype="id141716"><attributes><point id="position"><real id="x">239</real><real id="y">159.5</real></point><size id="size"><real id="width">38</real><real id="height">38</real></size><color id="color"><real id="red">0.0720187</real><real id="green">0.237261</real><real id="blue">1</real><real id="alpha">0</real></color></attributes><aspects/><behaviors><behavior id="id869861" class="ControlCameraBehavior"><attributes><text id="name">Control Camera</text><text id="bundleName">ControlCamera.behavior</text></attributes></behavior><behavior id="id863818" class="ConstrainAttributeBehavior"><attributes><text id="name">Constrain Attribute</text><text id="bundleName">ConstrainAttribute.behavior</text><text id="targetAttribute">self.aspects.motion.attributes.linearVelocity.x</text><text id="RHS"><expression><string>-</string><reference keypath="scene.layers.id456791.actors.id967196.aspects.motion.attributes.linearVelocity.x"/></expression></text></attributes></behavior><behavior id="id894344" class="RuleBehavior"><attributes><text id="name">Rule</text><text id="bundleName">Rule.behavior</text><real id="compoundConditionKind">0</real></attributes><conditions><condition id="id662577" eventType="touch"><attributes><index id="conditionType">1</index><text id="subjectAttribute">self.attributes.position.x</text></attributes><predicate type="number"><attributes><text id="operator">&lt;=</text><real id="RHS">240</real></attributes></predicate></condition><condition id="id215969" eventType="mouse button"><attributes><index id="conditionType">1</index><text id="subjectAttribute">self.aspects.motion.attributes.linearVelocity.x</text></attributes><predicate type="number"><attributes><text id="operator">&lt;</text><real id="RHS">0</real></attributes></predicate></condition></conditions><behaviors><behavior id="id700299" class="ChangeAttributeAction"><attributes><text id="name">Change Attribute</text><text id="bundleName">ChangeAttribute.behavior</text><text id="targetAttribute">scene.layers.id456791.actors.id967196.aspects.motion.attributes.linearVelocity.x</text><text id="RHS"><expression><string>-</string><reference keypath="scene.layers.id456791.actors.id967196.aspects.motion.attributes.linearVelocity.x"/></expression></text></attributes></behavior></behaviors><elseBehaviors/></behavior><behavior id="id570549" class="RuleBehavior"><attributes><text id="name">Rule</text><text id="bundleName">Rule.behavior</text><real id="compoundConditionKind">0</real></attributes><conditions><condition id="id662577" eventType="touch"><attributes><index id="conditionType">1</index><text id="subjectAttribute">self.attributes.position.x</text></attributes><predicate type="number"><attributes><text id="operator">&gt;=</text><real id="RHS"><expression><string>960-240</string></expression></real></attributes></predicate></condition><condition id="id215969" eventType="mouse button"><attributes><index id="conditionType">1</index><text id="subjectAttribute">self.aspects.motion.attributes.linearVelocity.x</text></attributes><predicate type="number"><attributes><text id="operator">&gt;</text><real id="RHS">0</real></attributes></predicate></condition></conditions><behaviors><behavior id="id700299" class="ChangeAttributeAction"><attributes><text id="name">Change Attribute</text><text id="bundleName">ChangeAttribute.behavior</text><text id="targetAttribute">scene.layers.id456791.actors.id967196.aspects.motion.attributes.linearVelocity.x</text><text id="RHS"><expression><string>-</string><reference keypath="scene.layers.id456791.actors.id967196.aspects.motion.attributes.linearVelocity.x"/><string>*0.3</string></expression></text></attributes></behavior></behaviors><elseBehaviors/></behavior><behavior id="id331163" class="ConstrainAttributeBehavior"><attributes><text id="name">Constrain Attribute</text><text id="bundleName">ConstrainAttribute.behavior</text><text id="targetAttribute">self.attributes.position.x</text><text id="RHS"><expression><string>max(</string><reference keypath="self.attributes.position.x"/><string>,240)</string></expression></text></attributes></behavior><behavior id="id860573" class="ConstrainAttributeBehavior"><attributes><text id="name">Constrain Attribute</text><text id="bundleName">ConstrainAttribute.behavior</text><text id="targetAttribute">self.attributes.position.x</text><text id="RHS"><expression><string>min(</string><reference keypath="self.attributes.position.x"/><string>,960-240)</string></expression></text></attributes></behavior></behaviors></actor></actors><attributes><text id="name">Background</text><boolean id="scrollable">true</boolean></attributes></layer><layer id="id456791"><actors><actor id="id967196" prototype="id870803"><attributes><point id="position"><real id="x">240</real><real id="y">239</real></point><size id="size"><real id="width">36</real><real id="height">33</real></size><color id="color"><real id="red">1</real><real id="green">1</real><real id="blue">1</real><real id="alpha">0</real></color></attributes><aspects><physics><attributes><real id="density">0</real><real id="friction">0</real><real id="restitution">0</real></attributes></physics></aspects><behaviors><behavior id="id919213" class="RuleBehavior"><attributes><text id="name">Rule</text><text id="bundleName">Rule.behavior</text><real id="compoundConditionKind">0</real></attributes><conditions><condition id="id353978" eventType="mouse button"><attributes><index id="conditionType">0</index></attributes><predicate mouseState="down" type="mouse"><attributes/></predicate></condition></conditions><behaviors><behavior id="id414718" class="ChangeAttributeAction"><attributes><text id="name">Change Attribute</text><text id="bundleName">ChangeAttribute.behavior</text><text id="targetAttribute">self.attributes.position.x</text><text id="RHS"><expression><reference keypath="game.devices.mouse.position.x"/></expression></text></attributes></behavior><behavior id="id191459" class="ConstrainAttributeBehavior"><attributes><text id="name">Constrain Attribute</text><text id="bundleName">ConstrainAttribute.behavior</text><text id="targetAttribute">self.aspects.motion.attributes.linearVelocity.x</text><text id="RHS"><expression><string>10*(</string><reference keypath="game.devices.mouse.position.x"/><string>-</string><reference keypath="self.attributes.position.x"/><string>)</string></expression></text></attributes></behavior></behaviors><elseBehaviors><behavior id="id693757" class="ConstrainAttributeBehavior"><attributes><text id="name">Constrain Attribute</text><text id="bundleName">ConstrainAttribute.behavior</text><text id="targetAttribute">self.aspects.motion.attributes.linearVelocity.x</text><text id="RHS"><expression><reference keypath="self.aspects.motion.attributes.linearVelocity.x"/><string>*0.95</string></expression></text></attributes></behavior></elseBehaviors></behavior><behavior id="id774834" class="RuleBehavior"><attributes><text id="name">Rule</text><text id="bundleName">Rule.behavior</text><real id="compoundConditionKind">0</real></attributes><conditions><condition id="id386474" eventType="mouse button"><attributes><index id="conditionType">1</index><text id="subjectAttribute">game.attributes.id940223</text></attributes><predicate type="number"><attributes><text id="operator">=</text><real id="RHS">1</real></attributes></predicate></condition></conditions><behaviors><behavior id="id247401" class="ChangeAttributeAction"><attributes><text id="name">Change Attribute</text><text id="bundleName">ChangeAttribute.behavior</text><text id="targetAttribute">self.aspects.motion.attributes.linearVelocity.x</text><text id="RHS">0</text></attributes></behavior></behaviors><elseBehaviors/></behavior></behaviors></actor><actor id="id983683" prototype="id461567"><attributes><point id="position"><real id="x">240</real><real id="y">157.5</real></point></attributes><aspects/></actor></actors><attributes><text id="name">drager</text><boolean id="scrollable">false</boolean></attributes></layer><layer id="id489472"><actors><actor id="id853481" prototype="id937640"><attributes><point id="position"><real id="x">240</real><real id="y">160</real></point><size id="size"><real id="width">64</real><real id="height">64</real></size><angle id="rotation">0</angle></attributes><aspects/><behaviors><behavior id="id854891" class="RuleBehavior"><attributes><text id="name">Rule</text><text id="bundleName">Rule.behavior</text><real id="compoundConditionKind">0</real></attributes><conditions><condition id="id110964" eventType="overlaps or collides"><attributes><index id="conditionType">1</index><text id="subjectAttribute">scene.attributes.camera.origin.x</text></attributes><predicate type="number"><attributes><text id="operator">&gt;</text><real id="RHS">-64</real></attributes></predicate></condition><condition id="id241966" eventType="mouse button"><attributes><index id="conditionType">1</index><text id="subjectAttribute">scene.attributes.camera.origin.x</text></attributes><predicate type="number"><attributes><text id="operator">&lt;</text><real id="RHS">20</real></attributes></predicate></condition></conditions><behaviors><behavior id="id539379" class="ConstrainAttributeBehavior"><attributes><text id="name">Constrain Attribute</text><text id="bundleName">ConstrainAttribute.behavior</text><text id="targetAttribute">self.attributes.id831034</text><text id="RHS">true</text></attributes></behavior></behaviors><elseBehaviors><behavior id="id733486" class="ConstrainAttributeBehavior"><attributes><text id="name">Constrain Attribute</text><text id="bundleName">ConstrainAttribute.behavior</text><text id="targetAttribute">self.attributes.id831034</text><text id="RHS">false</text></attributes></behavior></elseBehaviors></behavior><behavior id="id565686" class="RuleBehavior"><attributes><text id="name">Rule</text><text id="bundleName">Rule.behavior</text><real id="compoundConditionKind">0</real></attributes><conditions><condition id="id690043" eventType="mouse button"><attributes><index id="conditionType">1</index><text id="subjectAttribute">self.attributes.id831034</text></attributes><predicate type="boolean"><attributes><index id="RHS">1</index></attributes></predicate></condition></conditions><behaviors><behavior id="id903648" class="InterpolateBehavior"><attributes><text id="name">Interpolate</text><text id="bundleName">Interpolate.behavior</text><boolean id="runToCompletion">true</boolean><text id="targetAttribute">self.attributes.size.width</text><real id="finalValue">128</real><real id="duration">0.5</real><index id="easing">0</index></attributes></behavior><behavior id="id649299" class="InterpolateBehavior"><attributes><text id="name">Interpolate</text><text id="bundleName">Interpolate.behavior</text><boolean id="runToCompletion">true</boolean><text id="targetAttribute">self.attributes.size.height</text><real id="finalValue">128</real><real id="duration">0.5</real><index id="easing">0</index></attributes></behavior></behaviors><elseBehaviors><behavior id="id958727" class="RuleBehavior"><attributes><text id="name">Rule</text><text id="bundleName">Rule.behavior</text><real id="compoundConditionKind">0</real></attributes><conditions><condition id="id690043" eventType="mouse button"><attributes><index id="conditionType">1</index><text id="subjectAttribute">self.attributes.id831034</text></attributes><predicate type="boolean"><attributes><index id="RHS">0</index></attributes></predicate></condition></conditions><behaviors><behavior id="id903648" class="InterpolateBehavior"><attributes><text id="name">Interpolate</text><text id="bundleName">Interpolate.behavior</text><boolean id="runToCompletion">true</boolean><text id="targetAttribute">self.attributes.size.width</text><real id="finalValue">64</real><real id="duration">0.5</real><index id="easing">0</index></attributes></behavior><behavior id="id649299" class="InterpolateBehavior"><attributes><text id="name">Interpolate</text><text id="bundleName">Interpolate.behavior</text><boolean id="runToCompletion">true</boolean><text id="targetAttribute">self.attributes.size.height</text><real id="finalValue">64</real><real id="duration">0.5</real><index id="easing">0</index></attributes></behavior></behaviors><elseBehaviors/></behavior></elseBehaviors></behavior><behavior id="id216036" class="RuleBehavior"><attributes><text id="name">Rule</text><text id="bundleName">Rule.behavior</text><real id="compoundConditionKind">0</real></attributes><conditions><condition id="id741793" eventType="mouse button"><attributes><index id="conditionType">1</index><text id="subjectAttribute">self.attributes.size.height</text></attributes><predicate type="number"><attributes><text id="operator">=</text><real id="RHS">128</real></attributes></predicate></condition></conditions><behaviors><behavior id="id917978" class="ChangeAttributeAction"><attributes><text id="name">Change Attribute</text><text id="bundleName">ChangeAttribute.behavior</text><text id="targetAttribute">game.attributes.id940223</text><text id="RHS">1</text></attributes></behavior></behaviors><elseBehaviors><behavior id="id358712" class="ChangeAttributeAction"><attributes><text id="name">Change Attribute</text><text id="bundleName">ChangeAttribute.behavior</text><text id="targetAttribute">game.attributes.id940223</text><text id="RHS">0</text></attributes></behavior></elseBehaviors></behavior><behavior id="id181276" class="RuleBehavior"><attributes><text id="name">Rule</text><text id="bundleName">Rule.behavior</text><real id="compoundConditionKind">0</real></attributes><conditions><condition id="id434204" eventType="mouse button"><attributes><index id="conditionType">1</index><text id="subjectAttribute">self.attributes.id831034</text></attributes><predicate type="boolean"><attributes><index id="RHS">1</index></attributes></predicate></condition></conditions><behaviors><behavior id="id821074" class="TimerBehavior"><attributes><text id="name">Timer</text><text id="bundleName">Timer.behavior</text><index id="timerType">2</index><real id="interval">0.2</real><boolean id="runToCompletion">false</boolean></attributes><behaviors><behavior id="id692095" class="ConstrainAttributeBehavior"><attributes><text id="name">Constrain Attribute</text><text id="bundleName">ConstrainAttribute.behavior</text><text id="targetAttribute">scene.layers.id456791.actors.id967196.aspects.motion.attributes.linearVelocity.x</text><text id="RHS">0</text></attributes></behavior></behaviors></behavior></behaviors><elseBehaviors/></behavior><behavior id="id875961" class="RuleBehavior"><attributes><text id="name">Rule</text><text id="bundleName">Rule.behavior</text><real id="compoundConditionKind">0</real></attributes><conditions><condition id="id334751" eventType="mouse button"><attributes><index id="conditionType">1</index><text id="subjectAttribute">game.attributes.id494792</text></attributes><predicate type="number"><attributes><text id="operator">&gt;=</text><real id="RHS">1</real></attributes></predicate></condition></conditions><behaviors><behavior id="id686869" class="ChangeImageAction"><attributes><text id="name">Change Image</text><text id="bundleName">ChangeImage.behavior</text><text id="image">test 3.png</text></attributes></behavior></behaviors><elseBehaviors/></behavior></behaviors></actor><actor id="id758739" prototype="id937640"><attributes><point id="position"><real id="x">430</real><real id="y">160</real></point><size id="size"><real id="width">64</real><real id="height">64</real></size></attributes><aspects/><behaviors><behavior id="id730923" class="RuleBehavior"><attributes><text name="Name" id="name">Rule</text><text name="Bundle Name" id="bundleName">Rule.behavior</text><real name="Compound Condition Kind" id="compoundConditionKind">0</real></attributes><conditions><condition id="id110964" eventType="overlaps or collides"><attributes><index name="Condition Type" id="conditionType">1</index><text name="Subject Attribute" id="subjectAttribute">scene.attributes.camera.origin.x</text></attributes><predicate type="number"><attributes><text id="operator">&gt;</text><real id="RHS">170</real></attributes></predicate></condition><condition id="id241966" eventType="mouse button"><attributes><index id="conditionType">1</index><text id="subjectAttribute">scene.attributes.camera.origin.x</text></attributes><predicate type="number"><attributes><text id="operator">&lt;</text><real id="RHS">210</real></attributes></predicate></condition></conditions><behaviors><behavior id="id539379" class="ConstrainAttributeBehavior"><attributes><text name="Name" id="name">Constrain Attribute</text><text name="Bundle Name" id="bundleName">ConstrainAttribute.behavior</text><text name="Target Attribute" id="targetAttribute">self.attributes.id831034</text><text name="RHS" id="RHS">true</text></attributes></behavior></behaviors><elseBehaviors><behavior id="id733486" class="ConstrainAttributeBehavior"><attributes><text name="Name" id="name">Constrain Attribute</text><text name="Bundle Name" id="bundleName">ConstrainAttribute.behavior</text><text name="Target Attribute" id="targetAttribute">self.attributes.id831034</text><text name="RHS" id="RHS">false</text></attributes></behavior></elseBehaviors></behavior><behavior id="id565686" class="RuleBehavior"><attributes><text id="name">Rule</text><text id="bundleName">Rule.behavior</text><real id="compoundConditionKind">0</real></attributes><conditions><condition id="id690043" eventType="mouse button"><attributes><index id="conditionType">1</index><text id="subjectAttribute">self.attributes.id831034</text></attributes><predicate type="boolean"><attributes><index id="RHS">1</index></attributes></predicate></condition></conditions><behaviors><behavior id="id903648" class="InterpolateBehavior"><attributes><text id="name">Interpolate</text><text id="bundleName">Interpolate.behavior</text><boolean id="runToCompletion">true</boolean><text id="targetAttribute">self.attributes.size.width</text><real id="finalValue">128</real><real id="duration">0.5</real><index id="easing">0</index></attributes></behavior><behavior id="id649299" class="InterpolateBehavior"><attributes><text id="name">Interpolate</text><text id="bundleName">Interpolate.behavior</text><boolean id="runToCompletion">true</boolean><text id="targetAttribute">self.attributes.size.height</text><real id="finalValue">128</real><real id="duration">0.5</real><index id="easing">0</index></attributes></behavior></behaviors><elseBehaviors><behavior id="id958727" class="RuleBehavior"><attributes><text id="name">Rule</text><text id="bundleName">Rule.behavior</text><real id="compoundConditionKind">0</real></attributes><conditions><condition id="id690043" eventType="mouse button"><attributes><index id="conditionType">1</index><text id="subjectAttribute">self.attributes.id831034</text></attributes><predicate type="boolean"><attributes><index id="RHS">0</index></attributes></predicate></condition></conditions><behaviors><behavior id="id903648" class="InterpolateBehavior"><attributes><text id="name">Interpolate</text><text id="bundleName">Interpolate.behavior</text><boolean id="runToCompletion">true</boolean><text id="targetAttribute">self.attributes.size.width</text><real id="finalValue">64</real><real id="duration">0.5</real><index id="easing">0</index></attributes></behavior><behavior id="id649299" class="InterpolateBehavior"><attributes><text id="name">Interpolate</text><text id="bundleName">Interpolate.behavior</text><boolean id="runToCompletion">true</boolean><text id="targetAttribute">self.attributes.size.height</text><real id="finalValue">64</real><real id="duration">0.5</real><index id="easing">0</index></attributes></behavior></behaviors><elseBehaviors/></behavior></elseBehaviors></behavior><behavior id="id822368" class="RuleBehavior"><attributes><text id="name">Rule</text><text id="bundleName">Rule.behavior</text><real id="compoundConditionKind">0</real></attributes><conditions><condition id="id772887" eventType="mouse button"><attributes><index id="conditionType">1</index><text id="subjectAttribute">self.attributes.id831034</text></attributes><predicate type="boolean"><attributes><index id="RHS">1</index></attributes></predicate></condition></conditions><behaviors><behavior id="id997493" class="TimerBehavior"><attributes><text id="name">Timer</text><text id="bundleName">Timer.behavior</text><index id="timerType">2</index><real id="interval">0.2</real><boolean id="runToCompletion">false</boolean></attributes><behaviors><behavior id="id271183" class="ConstrainAttributeBehavior"><attributes><text id="name">Constrain Attribute</text><text id="bundleName">ConstrainAttribute.behavior</text><text id="targetAttribute">scene.layers.id456791.actors.id967196.aspects.motion.attributes.linearVelocity.x</text><text id="RHS">0</text></attributes></behavior></behaviors></behavior></behaviors><elseBehaviors/></behavior><behavior id="id520206" class="RuleBehavior"><attributes><text id="name">Rule</text><text id="bundleName">Rule.behavior</text><real id="compoundConditionKind">0</real></attributes><conditions><condition id="id515191" eventType="mouse button"><attributes><index id="conditionType">1</index><text id="subjectAttribute">game.attributes.id494792</text></attributes><predicate type="number"><attributes><text id="operator">&gt;=</text><real id="RHS">2</real></attributes></predicate></condition></conditions><behaviors><behavior id="id207007" class="ChangeImageAction"><attributes><text id="name">Change Image</text><text id="bundleName">ChangeImage.behavior</text><text id="image">test 3.png</text></attributes></behavior></behaviors><elseBehaviors/></behavior></behaviors></actor><actor id="id140088" prototype="id937640"><attributes><point id="position"><real id="x">620</real><real id="y">160</real></point><size id="size"><real id="width">64</real><real id="height">64</real></size></attributes><aspects/><behaviors><behavior id="id973200" class="RuleBehavior"><attributes><text name="Name" id="name">Rule</text><text name="Bundle Name" id="bundleName">Rule.behavior</text><real name="Compound Condition Kind" id="compoundConditionKind">0</real></attributes><conditions><condition id="id110964" eventType="overlaps or collides"><attributes><index name="Condition Type" id="conditionType">1</index><text name="Subject Attribute" id="subjectAttribute">scene.attributes.camera.origin.x</text></attributes><predicate type="number"><attributes><text id="operator">&gt;</text><real id="RHS">340</real></attributes></predicate></condition></conditions><behaviors><behavior id="id539379" class="ConstrainAttributeBehavior"><attributes><text name="Name" id="name">Constrain Attribute</text><text name="Bundle Name" id="bundleName">ConstrainAttribute.behavior</text><text name="Target Attribute" id="targetAttribute">self.attributes.id831034</text><text name="RHS" id="RHS">true</text></attributes></behavior></behaviors><elseBehaviors><behavior id="id733486" class="ConstrainAttributeBehavior"><attributes><text name="Name" id="name">Constrain Attribute</text><text name="Bundle Name" id="bundleName">ConstrainAttribute.behavior</text><text name="Target Attribute" id="targetAttribute">self.attributes.id831034</text><text name="RHS" id="RHS">false</text></attributes></behavior></elseBehaviors></behavior><behavior id="id565686" class="RuleBehavior"><attributes><text id="name">Rule</text><text id="bundleName">Rule.behavior</text><real id="compoundConditionKind">0</real></attributes><conditions><condition id="id690043" eventType="mouse button"><attributes><index id="conditionType">1</index><text id="subjectAttribute">self.attributes.id831034</text></attributes><predicate type="boolean"><attributes><index id="RHS">1</index></attributes></predicate></condition></conditions><behaviors><behavior id="id903648" class="InterpolateBehavior"><attributes><text id="name">Interpolate</text><text id="bundleName">Interpolate.behavior</text><boolean id="runToCompletion">true</boolean><text id="targetAttribute">self.attributes.size.width</text><real id="finalValue">128</real><real id="duration">0.5</real><index id="easing">0</index></attributes></behavior><behavior id="id649299" class="InterpolateBehavior"><attributes><text id="name">Interpolate</text><text id="bundleName">Interpolate.behavior</text><boolean id="runToCompletion">true</boolean><text id="targetAttribute">self.attributes.size.height</text><real id="finalValue">128</real><real id="duration">0.5</real><index id="easing">0</index></attributes></behavior></behaviors><elseBehaviors><behavior id="id958727" class="RuleBehavior"><attributes><text id="name">Rule</text><text id="bundleName">Rule.behavior</text><real id="compoundConditionKind">0</real></attributes><conditions><condition id="id690043" eventType="mouse button"><attributes><index id="conditionType">1</index><text id="subjectAttribute">self.attributes.id831034</text></attributes><predicate type="boolean"><attributes><index id="RHS">0</index></attributes></predicate></condition></conditions><behaviors><behavior id="id903648" class="InterpolateBehavior"><attributes><text id="name">Interpolate</text><text id="bundleName">Interpolate.behavior</text><boolean id="runToCompletion">true</boolean><text id="targetAttribute">self.attributes.size.width</text><real id="finalValue">64</real><real id="duration">0.5</real><index id="easing">0</index></attributes></behavior><behavior id="id649299" class="InterpolateBehavior"><attributes><text id="name">Interpolate</text><text id="bundleName">Interpolate.behavior</text><boolean id="runToCompletion">true</boolean><text id="targetAttribute">self.attributes.size.height</text><real id="finalValue">64</real><real id="duration">0.5</real><index id="easing">0</index></attributes></behavior></behaviors><elseBehaviors/></behavior></elseBehaviors></behavior><behavior id="id847423" class="RuleBehavior"><attributes><text id="name">Rule</text><text id="bundleName">Rule.behavior</text><real id="compoundConditionKind">0</real></attributes><conditions><condition id="id822368" eventType="mouse button"><attributes><index id="conditionType">1</index><text id="subjectAttribute">self.attributes.id831034</text></attributes><predicate type="boolean"><attributes><index id="RHS">1</index></attributes></predicate></condition></conditions><behaviors><behavior id="id151052" class="TimerBehavior"><attributes><text id="name">Timer</text><text id="bundleName">Timer.behavior</text><index id="timerType">2</index><real id="interval">0.5</real><boolean id="runToCompletion">false</boolean></attributes><behaviors><behavior id="id432627" class="ConstrainAttributeBehavior"><attributes><text id="name">Constrain Attribute</text><text id="bundleName">ConstrainAttribute.behavior</text><text id="targetAttribute">scene.layers.id456791.actors.id967196.aspects.motion.attributes.linearVelocity.x</text><text id="RHS">0</text></attributes></behavior></behaviors></behavior></behaviors><elseBehaviors/></behavior><behavior id="id584818" class="RuleBehavior"><attributes><text id="name">Rule</text><text id="bundleName">Rule.behavior</text><real id="compoundConditionKind">0</real></attributes><conditions><condition id="id378430" eventType="mouse button"><attributes><index id="conditionType">1</index><text id="subjectAttribute">game.attributes.id494792</text></attributes><predicate type="number"><attributes><text id="operator">&gt;=</text><real id="RHS">3</real></attributes></predicate></condition></conditions><behaviors><behavior id="id738784" class="ChangeImageAction"><attributes><text id="name">Change Image</text><text id="bundleName">ChangeImage.behavior</text><text id="image">test 3.png</text></attributes></behavior></behaviors><elseBehaviors/></behavior></behaviors></actor></actors><attributes><text id="name">level blocks</text><boolean id="scrollable">true</boolean></attributes></layer></layers><attributes><text id="name">Initial Scene</text><real id="time">0</real><size id="size"><real id="width">1500</real><real id="height">320</real></size><boolean id="wrapX">true</boolean><boolean id="wrapY">true</boolean><point id="gravity"><real id="x">0</real><real id="y">0</real></point><color id="color"><real id="red">0.0992151</real><real id="green">0.160183</real><real id="blue">0.195652</real><real id="alpha">1</real></color><rect id="camera"><point id="origin"><real id="x">0</real><real id="y">0</real></point><size id="size"><real id="width">480</real><real id="height">320</real></size><size id="trackingArea"><real id="width">0</real><real id="height">0</real></size><real id="rotation">0</real></rect><attributes id="autorotate"><boolean id="landscapeLeft">true</boolean><boolean id="landscapeRight">false</boolean><boolean id="portrait">false</boolean><boolean id="portraitUpsideDown">false</boolean></attributes></attributes></scene>
