<?xml version="1.0" encoding="UTF-8"?>
<scene id="id269551" GSCVersion="0.9.2" PGFVersion="0.16"><layers><layer id="id112326"><actors><actor id="id197892" prototype="id967947"><attributes><point id="position"><real id="x">241.5</real><real id="y">160</real></point><size id="size"><real id="width">487</real><real id="height">320</real></size><text id="image">1 BG.png</text></attributes><aspects/></actor><actor id="id780712" prototype="id455369"><attributes><point id="position"><real id="x">48</real><real id="y">271</real></point><size id="size"><real id="width">24</real><real id="height">24</real></size><angle id="rotation">0</angle></attributes><aspects/></actor><actor id="id616148" prototype="id441446"><attributes><point id="position"><real id="x">338</real><real id="y">271</real></point><size id="size"><real id="width">24</real><real id="height">24</real></size><angle id="rotation">0</angle></attributes><aspects/></actor><actor id="id454128" prototype="id545491"><attributes><point id="position"><real id="x">337</real><real id="y">207</real></point><size id="size"><real id="width">24</real><real id="height">24</real></size></attributes><aspects/></actor><actor id="id470006" prototype="id111494"><attributes><point id="position"><real id="x">244</real><real id="y">204</real></point><size id="size"><real id="width">24</real><real id="height">24</real></size></attributes><aspects/></actor><actor id="id144934" prototype="id844104"><attributes><point id="position"><real id="x">234</real><real id="y">147</real></point><size id="size"><real id="width">24</real><real id="height">24</real></size></attributes><aspects/></actor><actor id="id292259" prototype="id955940"><attributes><point id="position"><real id="x">174</real><real id="y">144</real></point><size id="size"><real id="width">24</real><real id="height">24</real></size></attributes><aspects/></actor><actor id="id775893" prototype="id152946"><attributes><point id="position"><real id="x">170</real><real id="y">205</real></point><size id="size"><real id="width">24</real><real id="height">24</real></size></attributes><aspects/></actor><actor id="id434458" prototype="id210480"><attributes><point id="position"><real id="x">50</real><real id="y">202</real></point><size id="size"><real id="width">24</real><real id="height">24</real></size></attributes><aspects/></actor><actor id="id329601" prototype="id738819"><attributes><point id="position"><real id="x">52</real><real id="y">81</real></point><size id="size"><real id="width">24</real><real id="height">24</real></size></attributes><aspects/></actor><actor id="id239188" prototype="id909599"><attributes><point id="position"><real id="x">299</real><real id="y">81</real></point><size id="size"><real id="width">24</real><real id="height">24</real></size></attributes><aspects/></actor><actor id="id618921" prototype="id459894"><attributes><point id="position"><real id="x">306</real><real id="y">141</real></point><size id="size"><real id="width">24</real><real id="height">24</real></size><angle id="rotation">0</angle></attributes><aspects/></actor><actor id="id639380" prototype="id713934"><attributes><point id="position"><real id="x">468</real><real id="y">143</real></point><size id="size"><real id="width">24</real><real id="height">24</real></size><angle id="rotation">0</angle></attributes><aspects/></actor><actor id="id117228" prototype="id265424"><attributes><point id="position"><real id="x">241</real><real id="y">160.5</real></point><size id="size"><real id="width">484</real><real id="height">321</real></size><text id="image">40x40grid.png</text></attributes><aspects/></actor></actors><attributes><text id="name">Background</text><boolean id="scrollable">false</boolean></attributes></layer><layer id="id272005"><actors><actor id="id577581" prototype="id951548"><attributes><point id="position"><real id="x">47</real><real id="y">291</real></point><size id="size"><real id="width">15</real><real id="height">60</real></size></attributes><aspects/></actor><actor id="id926328" prototype="id951548"><attributes><point id="position"><real id="x">194</real><real id="y">271</real></point><size id="size"><real id="width">314</real><real id="height">15</real></size><angle id="rotation">0</angle></attributes><aspects/></actor><actor id="id910132" prototype="id951548"><attributes><point id="position"><real id="x">338</real><real id="y">241.5</real></point><size id="size"><real id="width">15</real><real id="height">67</real></size></attributes><aspects/></actor><actor id="id181810" prototype="id951548"><attributes><point id="position"><real id="x">288.5</real><real id="y">206</real></point><size id="size"><real id="width">111</real><real id="height">15</real></size><angle id="rotation">0</angle></attributes><aspects/></actor><actor id="id584000" prototype="id951548"><attributes><point id="position"><real id="x">238.59</real><real id="y">173.773</real></point><size id="size"><real id="width">15</real><real id="height">67</real></size><angle id="rotation">351.87</angle></attributes><aspects/></actor><actor id="id737448" prototype="id951548"><attributes><point id="position"><real id="x">208</real><real id="y">145</real></point><size id="size"><real id="width">66</real><real id="height">15</real></size><angle id="rotation">0</angle></attributes><aspects/></actor><actor id="id496841" prototype="id951548"><attributes><point id="position"><real id="x">173.714</real><real id="y">175.343</real></point><size id="size"><real id="width">15</real><real id="height">81</real></size><angle id="rotation">11.3099</angle></attributes><aspects/></actor><actor id="id733882" prototype="id951548"><attributes><point id="position"><real id="x">108.5</real><real id="y">203</real></point><size id="size"><real id="width">143</real><real id="height">15</real></size><angle id="rotation">0</angle></attributes><aspects/></actor><actor id="id422526" prototype="id951548"><attributes><point id="position"><real id="x">49</real><real id="y">134</real></point><size id="size"><real id="width">15</real><real id="height">130</real></size><angle id="rotation">0</angle></attributes><aspects/></actor><actor id="id173901" prototype="id951548"><attributes><point id="position"><real id="x">176.5</real><real id="y">79</real></point><size id="size"><real id="width">269</real><real id="height">15</real></size><angle id="rotation">0</angle></attributes><aspects/></actor><actor id="id823854" prototype="id951548"><attributes><point id="position"><real id="x">303.532</real><real id="y">110.797</real></point><size id="size"><real id="width">15</real><real id="height">78</real></size><angle id="rotation">355.426</angle></attributes><aspects/></actor><actor id="id667513" prototype="id951548"><attributes><point id="position"><real id="x">387.5</real><real id="y">141</real></point><size id="size"><real id="width">187</real><real id="height">15</real></size><angle id="rotation">0</angle></attributes><aspects/></actor><actor id="id679715" prototype="id951548"><attributes><point id="position"><real id="x">369.807</real><real id="y">53.1722</real></point><size id="size"><real id="width">88.3385</real><real id="height">86.8175</real></size><angle id="rotation">59.5345</angle></attributes><aspects/></actor><actor id="id405936" prototype="id175660"><attributes><point id="position"><real id="x">45.5</real><real id="y">337</real></point></attributes><aspects/></actor><actor id="id277565" prototype="id175660"><attributes><point id="position"><real id="x">44.5</real><real id="y">373</real></point><size id="size"><real id="width">25</real><real id="height">40</real></size><angle id="rotation">0</angle></attributes><aspects/></actor><actor id="id920402" prototype="id175660"><attributes><point id="position"><real id="x">43.5</real><real id="y">407</real></point><size id="size"><real id="width">25</real><real id="height">40</real></size><angle id="rotation">0</angle></attributes><aspects/></actor><actor id="id975712" prototype="id175660"><attributes><point id="position"><real id="x">43.5</real><real id="y">448</real></point><size id="size"><real id="width">25</real><real id="height">40</real></size><angle id="rotation">0</angle></attributes><aspects/></actor><actor id="id457703" prototype="id175660"><attributes><point id="position"><real id="x">44.5</real><real id="y">489</real></point><size id="size"><real id="width">25</real><real id="height">40</real></size><angle id="rotation">0</angle></attributes><aspects/></actor></actors><attributes><text id="name">Layer 1</text><boolean id="scrollable">false</boolean></attributes></layer><layer id="id311253"><actors><actor id="id698393" prototype="id614215"><attributes><point id="position"><real id="x">476.5</real><real id="y">289</real></point><size id="size"><real id="width">51</real><real id="height">39</real></size><angle id="rotation">0</angle></attributes><aspects/><behaviors><behavior id="id187000" class="RuleBehavior"><attributes><text id="name">Rule</text><text id="bundleName">Rule.behavior</text><real id="compoundConditionKind">0</real></attributes><conditions><condition id="id722192" eventType="touch"><attributes><index id="conditionType">0</index></attributes><predicate type="touch" conditionType="pressed"><attributes/></predicate></condition></conditions><behaviors><behavior id="id572218" class="ChangeAttributeAction"><attributes><text id="name">Change Attribute</text><text id="bundleName">ChangeAttribute.behavior</text><text id="targetAttribute">game.attributes.id710508</text><text id="RHS">1</text></attributes></behavior></behaviors><elseBehaviors/></behavior><behavior id="id739007" class="RuleBehavior"><attributes><text id="name">Popin</text><text id="bundleName">Rule.behavior</text><real id="compoundConditionKind">0</real></attributes><conditions><condition id="id360584" eventType="touch"><attributes><index id="conditionType">1</index><text id="subjectAttribute">game.attributes.id710508</text></attributes><predicate type="number"><attributes><text id="operator">=</text><real id="RHS">1</real></attributes></predicate></condition></conditions><behaviors><behavior id="id380654" class="MoveToBehavior"><attributes><text id="name">Move To</text><text id="bundleName">MoveTo.behavior</text><boolean id="runToCompletion">false</boolean><point id="position"><real id="x">355</real><real id="y">289</real></point><index id="space">1</index><real id="speed">300</real></attributes></behavior></behaviors><elseBehaviors><behavior id="id643703" class="RuleBehavior"><attributes><text id="name">Popout</text><text id="bundleName">Rule.behavior</text><real id="compoundConditionKind">0</real></attributes><conditions><condition id="id421345" eventType="touch"><attributes><index id="conditionType">1</index><text id="subjectAttribute">game.attributes.id710508</text></attributes><predicate type="number"><attributes><text id="operator">=</text><real id="RHS">0</real></attributes></predicate></condition></conditions><behaviors><behavior id="id680489" class="MoveToBehavior"><attributes><text id="name">Move To</text><text id="bundleName">MoveTo.behavior</text><boolean id="runToCompletion">false</boolean><point id="position"><real id="x">476.5</real><real id="y">289</real></point><index id="space">1</index><real id="speed">300</real></attributes></behavior></behaviors><elseBehaviors/></behavior></elseBehaviors></behavior></behaviors></actor><actor id="id432221" prototype="id136700"><attributes><point id="position"><real id="x">549</real><real id="y">160.5</real></point><size id="size"><real id="width">128</real><real id="height">321</real></size><text id="image">popin1.png</text></attributes><aspects/><behaviors><behavior id="id796425" class="RuleBehavior"><attributes><text id="name">Popin</text><text id="bundleName">Rule.behavior</text><real id="compoundConditionKind">0</real></attributes><conditions><condition id="id360584" eventType="touch"><attributes><index id="conditionType">1</index><text id="subjectAttribute">game.attributes.id710508</text></attributes><predicate type="number"><attributes><text id="operator">=</text><real id="RHS">1</real></attributes></predicate></condition></conditions><behaviors><behavior id="id380654" class="MoveToBehavior"><attributes><text id="name">Move To</text><text id="bundleName">MoveTo.behavior</text><boolean id="runToCompletion">false</boolean><point id="position"><real id="x">417.5</real><real id="y">160</real></point><index id="space">1</index><real id="speed">300</real></attributes></behavior></behaviors><elseBehaviors><behavior id="id643703" class="RuleBehavior"><attributes><text id="name">Popout</text><text id="bundleName">Rule.behavior</text><real id="compoundConditionKind">0</real></attributes><conditions><condition id="id421345" eventType="touch"><attributes><index id="conditionType">1</index><text id="subjectAttribute">game.attributes.id710508</text></attributes><predicate type="number"><attributes><text id="operator">=</text><real id="RHS">0</real></attributes></predicate></condition></conditions><behaviors><behavior id="id680489" class="MoveToBehavior"><attributes><text id="name">Move To</text><text id="bundleName">MoveTo.behavior</text><boolean id="runToCompletion">false</boolean><point id="position"><real id="x">547.5</real><real id="y">160</real></point><index id="space">1</index><real id="speed">300</real></attributes></behavior></behaviors><elseBehaviors/></behavior></elseBehaviors></behavior><behavior id="id574261" class="RuleBehavior"><attributes><text id="name">Close menu bar if weapon bar is open</text><text id="bundleName">Rule.behavior</text><real id="compoundConditionKind">0</real></attributes><conditions><condition id="id398992" eventType="touch"><attributes><index id="conditionType">1</index><text id="subjectAttribute">game.attributes.id937887</text></attributes><predicate type="number"><attributes><text id="operator">=</text><real id="RHS">1</real></attributes></predicate></condition></conditions><behaviors><behavior id="id645246" class="ChangeAttributeAction"><attributes><text id="name">Change Attribute</text><text id="bundleName">ChangeAttribute.behavior</text><text id="targetAttribute">game.attributes.id710508</text><text id="RHS">0</text></attributes></behavior></behaviors><elseBehaviors/></behavior></behaviors></actor><actor id="id284963" prototype="id582003"><attributes><point id="position"><real id="x">501</real><real id="y">305</real></point><size id="size"><real id="width">24</real><real id="height">24</real></size><angle id="rotation">0</angle><text id="image">close.png</text></attributes><aspects/><behaviors><behavior id="id483898" class="RuleBehavior"><attributes><text id="name">When Popout button is pressed</text><text id="bundleName">Rule.behavior</text><real id="compoundConditionKind">0</real></attributes><conditions><condition id="id722192" eventType="touch"><attributes><index id="conditionType">0</index></attributes><predicate type="touch" conditionType="pressed"><attributes/></predicate></condition></conditions><behaviors><behavior id="id572218" class="ChangeAttributeAction"><attributes><text id="name">Change Attribute</text><text id="bundleName">ChangeAttribute.behavior</text><text id="targetAttribute">game.attributes.id710508</text><text id="RHS">0</text></attributes></behavior></behaviors><elseBehaviors/></behavior><behavior id="id660744" class="RuleBehavior"><attributes><text id="name">Pipin Back Button</text><text id="bundleName">Rule.behavior</text><real id="compoundConditionKind">0</real></attributes><conditions><condition id="id132481" eventType="touch"><attributes><index id="conditionType">1</index><text id="subjectAttribute">game.attributes.id710508</text></attributes><predicate type="number"><attributes><text id="operator">=</text><real id="RHS">1</real></attributes></predicate></condition></conditions><behaviors><behavior id="id302739" class="MoveToBehavior"><attributes><text id="name">Move To</text><text id="bundleName">MoveTo.behavior</text><boolean id="runToCompletion">false</boolean><point id="position"><real id="x">370</real><real id="y">305</real></point><index id="space">1</index><real id="speed">300</real></attributes></behavior></behaviors><elseBehaviors><behavior id="id312686" class="RuleBehavior"><attributes><text id="name">Popout button</text><text id="bundleName">Rule.behavior</text><real id="compoundConditionKind">0</real></attributes><conditions><condition id="id135318" eventType="touch"><attributes><index id="conditionType">1</index><text id="subjectAttribute">game.attributes.id710508</text></attributes><predicate type="number"><attributes><text id="operator">=</text><real id="RHS">0</real></attributes></predicate></condition></conditions><behaviors><behavior id="id822277" class="MoveToBehavior"><attributes><text id="name">Move To</text><text id="bundleName">MoveTo.behavior</text><boolean id="runToCompletion">false</boolean><point id="position"><real id="x">501</real><real id="y">305</real></point><index id="space">1</index><real id="speed">300</real></attributes></behavior></behaviors><elseBehaviors/></behavior></elseBehaviors></behavior></behaviors></actor><actor id="id733052" prototype="id699793"><attributes><point id="position"><real id="x">550.5</real><real id="y">263</real></point><size id="size"><real id="width">129</real><real id="height">42</real></size></attributes><aspects><graphics><attributes><boolean id="visible">false</boolean></attributes></graphics></aspects><behaviors><behavior id="id891745" class="RuleBehavior"><attributes><text id="name">Start Wave - no errors</text><text id="bundleName">Rule.behavior</text><real id="compoundConditionKind">0</real></attributes><conditions><condition id="id408757" eventType="touch"><attributes><index id="conditionType">0</index></attributes><predicate type="touch" conditionType="pressed"><attributes/></predicate></condition><condition id="id780135" eventType="touch"><attributes><index id="conditionType">1</index><text id="subjectAttribute">game.attributes.id435150</text></attributes><predicate type="number"><attributes><text id="operator">=</text><real id="RHS">0</real></attributes></predicate></condition></conditions><behaviors><behavior id="id435264" class="ChangeAttributeAction"><attributes><text id="name">remove grid when game starts</text><text id="bundleName">ChangeAttribute.behavior</text><text id="targetAttribute">game.attributes.id812085</text><text id="RHS">0</text></attributes></behavior><behavior id="id251745" class="ChangeAttributeAction"><attributes><text id="name">Close popin after start is selected</text><text id="bundleName">ChangeAttribute.behavior</text><text id="targetAttribute">game.attributes.id710508</text><text id="RHS">0</text></attributes></behavior><behavior id="id942270" class="ChangeAttributeAction"><attributes><text id="name">Start Wave</text><text id="bundleName">ChangeAttribute.behavior</text><text id="targetAttribute">game.attributes.id429934</text><text id="RHS">1</text></attributes></behavior></behaviors><elseBehaviors><behavior id="id570093" class="RuleBehavior"><attributes><text id="name">Rule</text><text id="bundleName">Rule.behavior</text><real id="compoundConditionKind">0</real></attributes><conditions><condition id="id235224" eventType="touch"><attributes><index id="conditionType">1</index><text id="subjectAttribute">game.attributes.id435150</text></attributes><predicate type="number"><attributes><text id="operator">=</text><real id="RHS">1</real></attributes></predicate></condition></conditions><behaviors><behavior id="id284577" class="ChangeAttributeAction"><attributes><text id="name">No Start wave because of error</text><text id="bundleName">ChangeAttribute.behavior</text><text id="targetAttribute">game.attributes.id429934</text><text id="RHS">0</text></attributes></behavior></behaviors><elseBehaviors/></behavior></elseBehaviors></behavior><behavior id="id429552" class="RuleBehavior"><attributes><text id="name">Pipin Start Button</text><text id="bundleName">Rule.behavior</text><real id="compoundConditionKind">0</real></attributes><conditions><condition id="id132481" eventType="touch"><attributes><index id="conditionType">1</index><text id="subjectAttribute">game.attributes.id710508</text></attributes><predicate type="number"><attributes><text id="operator">=</text><real id="RHS">1</real></attributes></predicate></condition></conditions><behaviors><behavior id="id302739" class="MoveToBehavior"><attributes><text id="name">Move To</text><text id="bundleName">MoveTo.behavior</text><boolean id="runToCompletion">false</boolean><point id="position"><real id="x">418.5</real><real id="y">263</real></point><index id="space">1</index><real id="speed">300</real></attributes></behavior></behaviors><elseBehaviors><behavior id="id312686" class="RuleBehavior"><attributes><text id="name">Popout Start Button</text><text id="bundleName">Rule.behavior</text><real id="compoundConditionKind">0</real></attributes><conditions><condition id="id135318" eventType="touch"><attributes><index id="conditionType">1</index><text id="subjectAttribute">game.attributes.id710508</text></attributes><predicate type="number"><attributes><text id="operator">=</text><real id="RHS">0</real></attributes></predicate></condition></conditions><behaviors><behavior id="id822277" class="MoveToBehavior"><attributes><text id="name">Move To</text><text id="bundleName">MoveTo.behavior</text><boolean id="runToCompletion">false</boolean><point id="position"><real id="x">550.5</real><real id="y">263</real></point><index id="space">1</index><real id="speed">300</real></attributes></behavior></behaviors><elseBehaviors/></behavior></elseBehaviors></behavior></behaviors></actor><actor id="id267494" prototype="id408153"><attributes><point id="position"><real id="x">550.5</real><real id="y">211</real></point><size id="size"><real id="width">129</real><real id="height">42</real></size><angle id="rotation">0</angle></attributes><aspects><graphics><attributes><boolean id="visible">false</boolean></attributes></graphics></aspects><behaviors><behavior id="id546828" class="RuleBehavior"><attributes><text id="name">Rule</text><text id="bundleName">Rule.behavior</text><real id="compoundConditionKind">0</real></attributes><conditions><condition id="id633697" eventType="touch"><attributes><index id="conditionType">0</index></attributes><predicate type="touch" conditionType="pressed"><attributes/></predicate></condition></conditions><behaviors><behavior id="id801898" class="ResetGameAction"><attributes><text id="name">Reset Game</text><text id="bundleName">ResetGame.behavior</text></attributes></behavior></behaviors><elseBehaviors/></behavior><behavior id="id575375" class="RuleBehavior"><attributes><text id="name">Pipin Restart Button</text><text id="bundleName">Rule.behavior</text><real id="compoundConditionKind">0</real></attributes><conditions><condition id="id132481" eventType="touch"><attributes><index id="conditionType">1</index><text id="subjectAttribute">game.attributes.id710508</text></attributes><predicate type="number"><attributes><text id="operator">=</text><real id="RHS">1</real></attributes></predicate></condition></conditions><behaviors><behavior id="id302739" class="MoveToBehavior"><attributes><text id="name">Move To</text><text id="bundleName">MoveTo.behavior</text><boolean id="runToCompletion">false</boolean><point id="position"><real id="x">418.5</real><real id="y">211</real></point><index id="space">1</index><real id="speed">300</real></attributes></behavior></behaviors><elseBehaviors><behavior id="id312686" class="RuleBehavior"><attributes><text id="name">Popout Restart Button</text><text id="bundleName">Rule.behavior</text><real id="compoundConditionKind">0</real></attributes><conditions><condition id="id135318" eventType="touch"><attributes><index id="conditionType">1</index><text id="subjectAttribute">game.attributes.id710508</text></attributes><predicate type="number"><attributes><text id="operator">=</text><real id="RHS">0</real></attributes></predicate></condition></conditions><behaviors><behavior id="id822277" class="MoveToBehavior"><attributes><text id="name">Move To</text><text id="bundleName">MoveTo.behavior</text><boolean id="runToCompletion">false</boolean><point id="position"><real id="x">550.5</real><real id="y">211</real></point><index id="space">1</index><real id="speed">300</real></attributes></behavior></behaviors><elseBehaviors/></behavior></elseBehaviors></behavior></behaviors></actor><actor id="id953931" prototype="id887116"><attributes><point id="position"><real id="x">-75</real><real id="y">292</real></point><size id="size"><real id="width">146</real><real id="height">42</real></size></attributes><aspects/><behaviors><behavior id="id709015" class="TimerBehavior"><attributes><text id="name">Timer</text><text id="bundleName">Timer.behavior</text><index id="timerType">0</index><real id="interval"><expression><string>60</string></expression></real><boolean id="runToCompletion">false</boolean></attributes><behaviors><behavior id="id223926" class="TimerBehavior"><attributes><text id="name">Timer</text><text id="bundleName">Timer.behavior</text><index id="timerType">2</index><real id="interval">5</real><boolean id="runToCompletion">false</boolean></attributes><behaviors><behavior id="id104515" class="MoveToBehavior"><attributes><text id="name">Popin Wave Display</text><text id="bundleName">MoveTo.behavior</text><boolean id="runToCompletion">true</boolean><point id="position"><real id="x">71</real><real id="y">292</real></point><index id="space">1</index><real id="speed">300</real></attributes></behavior></behaviors></behavior></behaviors></behavior><behavior id="id892650" class="TimerBehavior"><attributes><text id="name">Timer</text><text id="bundleName">Timer.behavior</text><index id="timerType">0</index><real id="interval"><expression><string>65</string></expression></real><boolean id="runToCompletion">false</boolean></attributes><behaviors><behavior id="id380183" class="MoveToBehavior"><attributes><text id="name">Popin Wave Display</text><text id="bundleName">MoveTo.behavior</text><boolean id="runToCompletion">true</boolean><point id="position"><real id="x">-75</real><real id="y">292</real></point><index id="space">1</index><real id="speed">300</real></attributes></behavior></behaviors></behavior></behaviors></actor><actor id="id865205" prototype="id180641"><attributes><point id="position"><real id="x">31.5</real><real id="y">27.5</real></point><size id="size"><real id="width">59</real><real id="height">53</real></size></attributes><aspects/></actor><actor id="id882524" prototype="id310868"><attributes><point id="position"><real id="x">241</real><real id="y">-31</real></point><size id="size"><real id="width">480</real><real id="height">60</real></size></attributes><aspects/><behaviors><behavior id="id274245" class="RuleBehavior"><attributes><text id="name">Popin</text><text id="bundleName">Rule.behavior</text><real id="compoundConditionKind">0</real></attributes><conditions><condition id="id360584" eventType="touch"><attributes><index id="conditionType">1</index><text id="subjectAttribute">game.attributes.id937887</text></attributes><predicate type="number"><attributes><text id="operator">=</text><real id="RHS">1</real></attributes></predicate></condition></conditions><behaviors><behavior id="id380654" class="MoveToBehavior"><attributes><text id="name">Move To</text><text id="bundleName">MoveTo.behavior</text><boolean id="runToCompletion">false</boolean><point id="position"><real id="x">241</real><real id="y">30</real></point><index id="space">1</index><real id="speed">300</real></attributes></behavior></behaviors><elseBehaviors><behavior id="id643703" class="RuleBehavior"><attributes><text id="name">Popout</text><text id="bundleName">Rule.behavior</text><real id="compoundConditionKind">0</real></attributes><conditions><condition id="id421345" eventType="touch"><attributes><index id="conditionType">1</index><text id="subjectAttribute">game.attributes.id937887</text></attributes><predicate type="number"><attributes><text id="operator">=</text><real id="RHS">0</real></attributes></predicate></condition></conditions><behaviors><behavior id="id680489" class="MoveToBehavior"><attributes><text id="name">Move To</text><text id="bundleName">MoveTo.behavior</text><boolean id="runToCompletion">false</boolean><point id="position"><real id="x">241</real><real id="y">-32</real></point><index id="space">1</index><real id="speed">300</real></attributes></behavior></behaviors><elseBehaviors/></behavior></elseBehaviors></behavior><behavior id="id519699" class="RuleBehavior"><attributes><text id="name">Close weapon bar if menu bar is open</text><text id="bundleName">Rule.behavior</text><real id="compoundConditionKind">0</real></attributes><conditions><condition id="id458375" eventType="touch"><attributes><index id="conditionType">1</index><text id="subjectAttribute">game.attributes.id710508</text></attributes><predicate type="number"><attributes><text id="operator">=</text><real id="RHS">1</real></attributes></predicate></condition></conditions><behaviors><behavior id="id687183" class="ChangeAttributeAction"><attributes><text id="name">Change Attribute</text><text id="bundleName">ChangeAttribute.behavior</text><text id="targetAttribute">game.attributes.id937887</text><text id="RHS">0</text></attributes></behavior></behaviors><elseBehaviors/></behavior></behaviors></actor><actor id="id546030" prototype="id751207"><attributes><point id="position"><real id="x">90.5</real><real id="y">-45</real></point><size id="size"><real id="width">49</real><real id="height">50</real></size><angle id="rotation">0</angle><text id="image">tank-cannon.png</text></attributes><aspects/><behaviors><behavior id="id941355" class="RuleBehavior"><attributes><text id="name">If no help is on</text><text id="bundleName">Rule.behavior</text><real id="compoundConditionKind">0</real></attributes><conditions><condition id="id740618" eventType="touch"><attributes><index id="conditionType">0</index></attributes><predicate type="touch" conditionType="released"><attributes/></predicate></condition></conditions><behaviors><behavior id="id789424" class="ChangeAttributeAction"><attributes><text id="name">Close popin after mg selected</text><text id="bundleName">ChangeAttribute.behavior</text><text id="targetAttribute">game.attributes.id937887</text><text id="RHS">0</text></attributes></behavior><behavior id="id584320" class="ChangeAttributeAction"><attributes><text id="name">Change Attribute</text><text id="bundleName">ChangeAttribute.behavior</text><text id="targetAttribute">game.attributes.id224799</text><text id="RHS">1</text></attributes></behavior><behavior id="id299458" class="ChangeAttributeAction"><attributes><text id="name">Change Attribute</text><text id="bundleName">ChangeAttribute.behavior</text><text id="targetAttribute">game.attributes.id637656</text><text id="RHS">true</text></attributes></behavior></behaviors><elseBehaviors/></behavior><behavior id="id694741" class="RuleBehavior"><attributes><text id="name">Pipin MG Button</text><text id="bundleName">Rule.behavior</text><real id="compoundConditionKind">0</real></attributes><conditions><condition id="id132481" eventType="touch"><attributes><index id="conditionType">1</index><text id="subjectAttribute">game.attributes.id937887</text></attributes><predicate type="number"><attributes><text id="operator">=</text><real id="RHS">1</real></attributes></predicate></condition></conditions><behaviors><behavior id="id302739" class="MoveToBehavior"><attributes><text id="name">Move To</text><text id="bundleName">MoveTo.behavior</text><boolean id="runToCompletion">false</boolean><point id="position"><real id="x">86</real><real id="y">19</real></point><index id="space">1</index><real id="speed">300</real></attributes></behavior></behaviors><elseBehaviors><behavior id="id312686" class="RuleBehavior"><attributes><text id="name">Popout MG Button</text><text id="bundleName">Rule.behavior</text><real id="compoundConditionKind">0</real></attributes><conditions><condition id="id135318" eventType="touch"><attributes><index id="conditionType">1</index><text id="subjectAttribute">game.attributes.id937887</text></attributes><predicate type="number"><attributes><text id="operator">=</text><real id="RHS">0</real></attributes></predicate></condition></conditions><behaviors><behavior id="id822277" class="MoveToBehavior"><attributes><text id="name">Move To</text><text id="bundleName">MoveTo.behavior</text><boolean id="runToCompletion">false</boolean><point id="position"><real id="x">86</real><real id="y">-50</real></point><index id="space">1</index><real id="speed">300</real></attributes></behavior></behaviors><elseBehaviors/></behavior></elseBehaviors></behavior><behavior id="id907968" class="RuleBehavior"><attributes><text id="name">turn on grid if off when selecting weapon</text><text id="bundleName">Rule.behavior</text><real id="compoundConditionKind">0</real></attributes><conditions><condition id="id993568" eventType="touch"><attributes><index id="conditionType">0</index></attributes><predicate type="touch" conditionType="pressed"><attributes/></predicate></condition></conditions><behaviors><behavior id="id423976" class="ChangeAttributeAction"><attributes><text id="name">Change Attribute</text><text id="bundleName">ChangeAttribute.behavior</text><text id="targetAttribute">game.attributes.id812085</text><text id="RHS">1</text></attributes></behavior></behaviors><elseBehaviors/></behavior></behaviors></actor><actor id="id149405" prototype="id709524"><attributes><point id="position"><real id="x">190.5</real><real id="y">-50</real></point><size id="size"><real id="width">40</real><real id="height">40</real></size><angle id="rotation">0</angle></attributes><aspects/><behaviors><behavior id="id282132" class="RuleBehavior"><attributes><text id="name">Rule</text><text id="bundleName">Rule.behavior</text><real id="compoundConditionKind">0</real></attributes><conditions><condition id="id740618" eventType="touch"><attributes><index id="conditionType">0</index></attributes><predicate type="touch" conditionType="released"><attributes/></predicate></condition></conditions><behaviors><behavior id="id857420" class="ChangeAttributeAction"><attributes><text id="name">Close popin after mines are selected</text><text id="bundleName">ChangeAttribute.behavior</text><text id="targetAttribute">game.attributes.id937887</text><text id="RHS">0</text></attributes></behavior><behavior id="id612226" class="ChangeAttributeAction"><attributes><text id="name">Change Attribute</text><text id="bundleName">ChangeAttribute.behavior</text><text id="targetAttribute">game.attributes.id529739</text><text id="RHS">1</text></attributes></behavior><behavior id="id299458" class="ChangeAttributeAction"><attributes><text id="name">Change Attribute</text><text id="bundleName">ChangeAttribute.behavior</text><text id="targetAttribute">game.attributes.id637656</text><text id="RHS">true</text></attributes></behavior></behaviors><elseBehaviors/></behavior><behavior id="id904889" class="RuleBehavior"><attributes><text id="name">Pipin Mine Button</text><text id="bundleName">Rule.behavior</text><real id="compoundConditionKind">0</real></attributes><conditions><condition id="id132481" eventType="touch"><attributes><index id="conditionType">1</index><text id="subjectAttribute">game.attributes.id937887</text></attributes><predicate type="number"><attributes><text id="operator">=</text><real id="RHS">1</real></attributes></predicate></condition></conditions><behaviors><behavior id="id302739" class="MoveToBehavior"><attributes><text id="name">Move To</text><text id="bundleName">MoveTo.behavior</text><boolean id="runToCompletion">false</boolean><point id="position"><real id="x">190.5</real><real id="y">26</real></point><index id="space">1</index><real id="speed">300</real></attributes></behavior></behaviors><elseBehaviors><behavior id="id312686" class="RuleBehavior"><attributes><text id="name">Popout Mine Button</text><text id="bundleName">Rule.behavior</text><real id="compoundConditionKind">0</real></attributes><conditions><condition id="id135318" eventType="touch"><attributes><index id="conditionType">1</index><text id="subjectAttribute">game.attributes.id937887</text></attributes><predicate type="number"><attributes><text id="operator">=</text><real id="RHS">0</real></attributes></predicate></condition></conditions><behaviors><behavior id="id822277" class="MoveToBehavior"><attributes><text id="name">Move To</text><text id="bundleName">MoveTo.behavior</text><boolean id="runToCompletion">false</boolean><point id="position"><real id="x">190.5</real><real id="y">-50</real></point><index id="space">1</index><real id="speed">300</real></attributes></behavior></behaviors><elseBehaviors/></behavior></elseBehaviors></behavior></behaviors></actor><actor id="id662240" prototype="id828851"><attributes><point id="position"><real id="x">396.5</real><real id="y">-50</real></point><size id="size"><real id="width">40</real><real id="height">40</real></size><angle id="rotation">0</angle></attributes><aspects/><behaviors><behavior id="id243187" class="RuleBehavior"><attributes><text id="name">Rule</text><text id="bundleName">Rule.behavior</text><real id="compoundConditionKind">0</real></attributes><conditions><condition id="id567974" eventType="touch"><attributes><index id="conditionType">0</index></attributes><predicate type="touch" conditionType="pressed"><attributes/></predicate></condition></conditions><behaviors><behavior id="id470890" class="ChangeAttributeAction"><attributes><text id="name">Close popin after airstrike is selected</text><text id="bundleName">ChangeAttribute.behavior</text><text id="targetAttribute">game.attributes.id937887</text><text id="RHS">0</text></attributes></behavior><behavior id="id438981" class="ChangeAttributeAction"><attributes><text id="name">Change Attribute</text><text id="bundleName">ChangeAttribute.behavior</text><text id="targetAttribute">game.attributes.id840917</text><text id="RHS">1</text></attributes></behavior><behavior id="id490877" class="PlaySoundAction"><attributes><text id="name">Play Sound</text><text id="bundleName">PlaySound.behavior</text><text id="soundName">FX - Air Raid Siren.ogg</text><boolean id="loop">false</boolean><boolean id="runToCompletion">true</boolean><boolean id="positional">false</boolean><boolean id="dopplerShift">false</boolean><real id="volume">1</real><real id="pitch">1</real></attributes></behavior><behavior id="id644337" class="SpawnAction"><attributes><text id="name">Spawn Actor</text><text id="bundleName">Spawn.behavior</text><text id="prototypeKey">id921999</text><angle id="direction">0</angle><index id="directionSpace">0</index><real id="x">209</real><real id="y">-152.75</real><index id="positionSpace">1</index><index id="layerOrder">2</index></attributes></behavior></behaviors><elseBehaviors/></behavior><behavior id="id189239" class="RuleBehavior"><attributes><text id="name">Pipin airstrike Button</text><text id="bundleName">Rule.behavior</text><real id="compoundConditionKind">0</real></attributes><conditions><condition id="id132481" eventType="touch"><attributes><index id="conditionType">1</index><text id="subjectAttribute">game.attributes.id937887</text></attributes><predicate type="number"><attributes><text id="operator">=</text><real id="RHS">1</real></attributes></predicate></condition></conditions><behaviors><behavior id="id302739" class="MoveToBehavior"><attributes><text id="name">Move To</text><text id="bundleName">MoveTo.behavior</text><boolean id="runToCompletion">false</boolean><point id="position"><real id="x">395.5</real><real id="y">25</real></point><index id="space">1</index><real id="speed">300</real></attributes></behavior></behaviors><elseBehaviors><behavior id="id312686" class="RuleBehavior"><attributes><text id="name">Popout airstrike Button</text><text id="bundleName">Rule.behavior</text><real id="compoundConditionKind">0</real></attributes><conditions><condition id="id135318" eventType="touch"><attributes><index id="conditionType">1</index><text id="subjectAttribute">game.attributes.id937887</text></attributes><predicate type="number"><attributes><text id="operator">=</text><real id="RHS">0</real></attributes></predicate></condition></conditions><behaviors><behavior id="id822277" class="MoveToBehavior"><attributes><text id="name">Move To</text><text id="bundleName">MoveTo.behavior</text><boolean id="runToCompletion">false</boolean><point id="position"><real id="x">396.5</real><real id="y">-50</real></point><index id="space">1</index><real id="speed">300</real></attributes></behavior></behaviors><elseBehaviors/></behavior></elseBehaviors></behavior></behaviors></actor><actor id="id269737" prototype="id738971"><attributes><point id="position"><real id="x">293</real><real id="y">-50</real></point><size id="size"><real id="width">30</real><real id="height">40</real></size><angle id="rotation">0</angle></attributes><aspects/><behaviors><behavior id="id112824" class="RuleBehavior"><attributes><text id="name">Rule</text><text id="bundleName">Rule.behavior</text><real id="compoundConditionKind">0</real></attributes><conditions><condition id="id740618" eventType="touch"><attributes><index id="conditionType">0</index></attributes><predicate type="touch" conditionType="released"><attributes/></predicate></condition></conditions><behaviors><behavior id="id857420" class="ChangeAttributeAction"><attributes><text id="name">Close popin after mines are selected</text><text id="bundleName">ChangeAttribute.behavior</text><text id="targetAttribute">game.attributes.id937887</text><text id="RHS">0</text></attributes></behavior><behavior id="id612226" class="ChangeAttributeAction"><attributes><text id="name">Change Attribute</text><text id="bundleName">ChangeAttribute.behavior</text><text id="targetAttribute">game.attributes.id889517</text><text id="RHS">1</text></attributes></behavior><behavior id="id299458" class="ChangeAttributeAction"><attributes><text id="name">Change Attribute</text><text id="bundleName">ChangeAttribute.behavior</text><text id="targetAttribute">game.attributes.id637656</text><text id="RHS">true</text></attributes></behavior></behaviors><elseBehaviors/></behavior><behavior id="id542780" class="RuleBehavior"><attributes><text id="name">Pipin Mine Button</text><text id="bundleName">Rule.behavior</text><real id="compoundConditionKind">0</real></attributes><conditions><condition id="id132481" eventType="touch"><attributes><index id="conditionType">1</index><text id="subjectAttribute">game.attributes.id937887</text></attributes><predicate type="number"><attributes><text id="operator">=</text><real id="RHS">1</real></attributes></predicate></condition></conditions><behaviors><behavior id="id302739" class="MoveToBehavior"><attributes><text id="name">Move To</text><text id="bundleName">MoveTo.behavior</text><boolean id="runToCompletion">false</boolean><point id="position"><real id="x">293</real><real id="y">26</real></point><index id="space">1</index><real id="speed">300</real></attributes></behavior></behaviors><elseBehaviors><behavior id="id312686" class="RuleBehavior"><attributes><text id="name">Popout Mine Button</text><text id="bundleName">Rule.behavior</text><real id="compoundConditionKind">0</real></attributes><conditions><condition id="id135318" eventType="touch"><attributes><index id="conditionType">1</index><text id="subjectAttribute">game.attributes.id937887</text></attributes><predicate type="number"><attributes><text id="operator">=</text><real id="RHS">0</real></attributes></predicate></condition></conditions><behaviors><behavior id="id822277" class="MoveToBehavior"><attributes><text id="name">Move To</text><text id="bundleName">MoveTo.behavior</text><boolean id="runToCompletion">false</boolean><point id="position"><real id="x">293</real><real id="y">-50</real></point><index id="space">1</index><real id="speed">300</real></attributes></behavior></behaviors><elseBehaviors/></behavior></elseBehaviors></behavior></behaviors></actor><actor id="id921266" prototype="id922191"><attributes><point id="position"><real id="x">242</real><real id="y">-24</real></point><size id="size"><real id="width">24</real><real id="height">24</real></size><angle id="rotation">0</angle><color id="color"><real id="red">0.739796</real><real id="green">0.70501</real><real id="blue">0.69693</real><real id="alpha">1</real></color></attributes><aspects/><behaviors><behavior id="id483898" class="RuleBehavior"><attributes><text id="name">When Popout button is pressed</text><text id="bundleName">Rule.behavior</text><real id="compoundConditionKind">0</real></attributes><conditions><condition id="id722192" eventType="touch"><attributes><index id="conditionType">0</index></attributes><predicate type="touch" conditionType="pressed"><attributes/></predicate></condition></conditions><behaviors><behavior id="id572218" class="ChangeAttributeAction"><attributes><text id="name">Change Attribute</text><text id="bundleName">ChangeAttribute.behavior</text><text id="targetAttribute">game.attributes.id937887</text><text id="RHS">0</text></attributes></behavior></behaviors><elseBehaviors/></behavior><behavior id="id660744" class="RuleBehavior"><attributes><text id="name">Popin Back Button</text><text id="bundleName">Rule.behavior</text><real id="compoundConditionKind">0</real></attributes><conditions><condition id="id132481" eventType="touch"><attributes><index id="conditionType">1</index><text id="subjectAttribute">game.attributes.id937887</text></attributes><predicate type="number"><attributes><text id="operator">=</text><real id="RHS">1</real></attributes></predicate></condition></conditions><behaviors><behavior id="id302739" class="MoveToBehavior"><attributes><text id="name">Move To</text><text id="bundleName">MoveTo.behavior</text><boolean id="runToCompletion">false</boolean><point id="position"><real id="x">242</real><real id="y">60</real></point><index id="space">1</index><real id="speed">300</real></attributes></behavior></behaviors><elseBehaviors><behavior id="id312686" class="RuleBehavior"><attributes><text id="name">Popout button</text><text id="bundleName">Rule.behavior</text><real id="compoundConditionKind">0</real></attributes><conditions><condition id="id135318" eventType="touch"><attributes><index id="conditionType">1</index><text id="subjectAttribute">game.attributes.id937887</text></attributes><predicate type="number"><attributes><text id="operator">=</text><real id="RHS">0</real></attributes></predicate></condition></conditions><behaviors><behavior id="id822277" class="MoveToBehavior"><attributes><text id="name">Move To</text><text id="bundleName">MoveTo.behavior</text><boolean id="runToCompletion">false</boolean><point id="position"><real id="x">242</real><real id="y">-24</real></point><index id="space">1</index><real id="speed">300</real></attributes></behavior></behaviors><elseBehaviors/></behavior></elseBehaviors></behavior></behaviors></actor><actor id="id989884" prototype="id951256"><attributes><point id="position"><real id="x">-62</real><real id="y">248</real></point><size id="size"><real id="width">114</real><real id="height">51</real></size><angle id="rotation">0</angle></attributes><aspects/><behaviors><behavior id="id361595" class="RuleBehavior"><attributes><text id="name">Rule</text><text id="bundleName">Rule.behavior</text><real id="compoundConditionKind">0</real></attributes><conditions><condition id="id479546" eventType="touch"><attributes><index id="conditionType">1</index><text id="subjectAttribute">game.attributes.id840917</text></attributes><predicate type="number"><attributes><text id="operator">=</text><real id="RHS">1</real></attributes></predicate></condition></conditions><behaviors><behavior id="id883199" class="MoveToBehavior"><attributes><text id="name">Popin Wave Display</text><text id="bundleName">MoveTo.behavior</text><boolean id="runToCompletion">true</boolean><point id="position"><real id="x">71</real><real id="y">248</real></point><index id="space">1</index><real id="speed">300</real></attributes></behavior></behaviors><elseBehaviors/></behavior><behavior id="id713495" class="TimerBehavior"><attributes><text id="name">Timer</text><text id="bundleName">Timer.behavior</text><index id="timerType">1</index><real id="interval"><expression><string>10</string></expression></real><boolean id="runToCompletion">false</boolean></attributes><behaviors><behavior id="id837186" class="MoveToBehavior"><attributes><text id="name">Popin Wave Display</text><text id="bundleName">MoveTo.behavior</text><boolean id="runToCompletion">true</boolean><point id="position"><real id="x">-62</real><real id="y">248</real></point><index id="space">1</index><real id="speed">300</real></attributes></behavior><behavior id="id299544" class="ChangeAttributeAction"><attributes><text id="name">Change Attribute</text><text id="bundleName">ChangeAttribute.behavior</text><text id="targetAttribute">game.attributes.id840917</text><text id="RHS">0</text></attributes></behavior></behaviors></behavior></behaviors></actor><actor id="id459860" prototype="id201861"><attributes><point id="position"><real id="x">724</real><real id="y">32</real></point><size id="size"><real id="width">480</real><real id="height">60</real></size><angle id="rotation">0</angle></attributes><aspects/></actor></actors><attributes><text id="name">Layer 1</text><boolean id="scrollable">true</boolean></attributes></layer></layers><attributes><text id="name">Initial Scene</text><real id="time">0</real><size id="size"><real id="width">960</real><real id="height">640</real></size><boolean id="wrapX">false</boolean><boolean id="wrapY">false</boolean><point id="gravity"><real id="x">0</real><real id="y">0</real></point><color id="color"><real id="red">0</real><real id="green">0</real><real id="blue">0</real><real id="alpha">1</real></color><rect id="camera"><point id="origin"><real id="x">0</real><real id="y">0</real></point><size id="size"><real id="width">480</real><real id="height">320</real></size><size id="trackingArea"><real id="width">400</real><real id="height">260</real></size><real id="rotation">0</real></rect><attributes id="autorotate"><boolean id="landscapeLeft">true</boolean><boolean id="landscapeRight">false</boolean><boolean id="portrait">false</boolean><boolean id="portraitUpsideDown">false</boolean></attributes></attributes></scene>
