<?xml version="1.0" encoding="UTF-8"?>
<scene id="id598169" GSCVersion="0.9.5" PGFVersion="0.17"><layers><layer id="id220230"><actors><actor id="id318032" prototype="id139918"><attributes><point id="position"><real id="x">159.5</real><real id="y">239</real></point></attributes><aspects/></actor><actor id="id157475" prototype="id983940"><attributes><point id="position"><real id="x">161</real><real id="y">458</real></point><size id="size"><real id="width">320</real><real id="height">47</real></size></attributes><aspects/></actor></actors><attributes><text id="name">background</text><boolean id="scrollable">true</boolean></attributes></layer><layer id="id519085"><actors><actor id="id272666" prototype="id908033"><attributes><point id="position"><real id="x">-23.5</real><real id="y">507</real></point><size id="size"><real id="width">46</real><real id="height">44</real></size><color id="color"><real id="red">0</real><real id="green">1</real><real id="blue">0</real><real id="alpha">1</real></color></attributes><aspects/></actor></actors><attributes><text id="name">stars</text><boolean id="scrollable">true</boolean></attributes></layer><layer id="id773677"><actors><actor id="id541609" prototype="id378184"><attributes><point id="position"><real id="x">160.5</real><real id="y">70</real></point><size id="size"><real id="width">320</real><real id="height">38</real></size></attributes><aspects/></actor><actor id="id402362" prototype="id253225"><attributes><point id="position"><real id="x">161.5</real><real id="y">98</real></point><size id="size"><real id="width">38</real><real id="height">38</real></size><angle id="rotation">0</angle></attributes><aspects/></actor><actor id="id598995" prototype="id746763"><attributes><point id="position"><real id="x">-22</real><real id="y">215</real></point><size id="size"><real id="width">43</real><real id="height">432</real></size></attributes><aspects/></actor><actor id="id418571" prototype="id746763"><attributes><point id="position"><real id="x">336</real><real id="y">240</real></point><size id="size"><real id="width">43</real><real id="height">482</real></size></attributes><aspects/></actor><actor id="id201879" prototype="id746763"><attributes><point id="position"><real id="x">159</real><real id="y">-20.5</real></point><size id="size"><real id="width">409</real><real id="height">45</real></size></attributes><aspects/></actor><actor id="id548700" prototype="id273191"><attributes><point id="position"><real id="x">92.5</real><real id="y">465</real></point><size id="size"><real id="width">12</real><real id="height">14</real></size><integer name="Div" id="id410046">1e+06</integer></attributes><aspects/></actor><actor id="id546608" prototype="id273191"><attributes><point id="position"><real id="x">106.5</real><real id="y">465</real></point><size id="size"><real id="width">12</real><real id="height">14</real></size><integer name="Div" id="id410046">100000</integer></attributes><aspects/></actor><actor id="id711558" prototype="id273191"><attributes><point id="position"><real id="x">120.5</real><real id="y">465</real></point><size id="size"><real id="width">12</real><real id="height">14</real></size><integer name="Div" id="id410046">10000</integer></attributes><aspects/></actor><actor id="id883329" prototype="id273191"><attributes><point id="position"><real id="x">138.5</real><real id="y">465</real></point><size id="size"><real id="width">12</real><real id="height">14</real></size><integer name="Div" id="id410046">1000</integer></attributes><aspects/></actor><actor id="id269828" prototype="id273191"><attributes><point id="position"><real id="x">152.5</real><real id="y">465</real></point><size id="size"><real id="width">12</real><real id="height">14</real></size><integer name="Div" id="id410046">100</integer></attributes><aspects/></actor><actor id="id188476" prototype="id273191"><attributes><point id="position"><real id="x">166.5</real><real id="y">465</real></point><size id="size"><real id="width">12</real><real id="height">14</real></size></attributes><aspects/></actor><actor id="id249645" prototype="id273191"><attributes><point id="position"><real id="x">92.5</real><real id="y">446</real></point><size id="size"><real id="width">12</real><real id="height">14</real></size></attributes><aspects/><behaviors><behavior id="id393526" class="TimerBehavior" enabled="true"><attributes><text id="name">Timer</text><text id="bundleName">Timer.behavior</text><index id="timerType">0</index><real id="interval">1</real><boolean id="runToCompletion">true</boolean></attributes><behaviors><behavior id="id503564" class="ChangeAttributeAction" enabled="true"><attributes><text id="name">Change Attribute</text><text id="bundleName">ChangeAttribute.behavior</text><text id="targetAttribute">self.attributes.image</text><text id="RHS"><expression><string>floor((</string><reference keypath="game.attributes.id352185"/><string>%</string><reference keypath="self.attributes.id410046"/><string>)/(</string><reference keypath="self.attributes.id410046"/><string>/10))..&quot;.png&quot;</string></expression></text></attributes></behavior></behaviors></behavior></behaviors></actor><actor id="id482699" prototype="id489648"><attributes><point id="position"><real id="x">271</real><real id="y">456.875</real></point><size id="size"><real id="width">27</real><real id="height">27.25</real></size></attributes><aspects/></actor><actor id="id557811" prototype="id997208"><attributes><point id="position"><real id="x">165</real><real id="y">33.5</real></point></attributes><aspects/></actor><actor id="id426522" prototype="id958031"><attributes><point id="position"><real id="x">55</real><real id="y">465.5</real></point><size id="size"><real id="width">54</real><real id="height">12</real></size></attributes><aspects/></actor><actor id="id716591" prototype="id333515"><attributes><point id="position"><real id="x">55</real><real id="y">445.5</real></point><size id="size"><real id="width">54</real><real id="height">12</real></size></attributes><aspects/></actor><actor id="id579104" prototype="id123458"><attributes><point id="position"><real id="x">238</real><real id="y">31.5</real></point></attributes><aspects/></actor><actor id="id876889" prototype="id144484"><attributes><point id="position"><real id="x">159</real><real id="y">290</real></point><size id="size"><real id="width">485</real><real id="height">128</real></size></attributes><aspects/></actor><actor id="id408454" prototype="id272195"><attributes><point id="position"><real id="x">161.5</real><real id="y">239</real></point><size id="size"><real id="width">320</real><real id="height">480</real></size></attributes><aspects/></actor><actor id="id612582" prototype="id189991"><attributes><point id="position"><real id="x">78</real><real id="y">31.5</real></point></attributes><aspects/></actor></actors><attributes><text id="name">hud</text><boolean id="scrollable">true</boolean></attributes></layer></layers><attributes><text id="name">gameplay</text><real id="time">0</real><size id="size"><real id="width">320</real><real id="height">480</real></size><boolean id="wrapX">false</boolean><boolean id="wrapY">false</boolean><point id="gravity"><real id="x">0</real><real id="y">0</real></point><color id="color"><real id="red">0</real><real id="green">0</real><real id="blue">0</real><real id="alpha">1</real></color><rect id="camera"><point id="origin"><real id="x">0</real><real id="y">0</real></point><size id="size"><real id="width">320</real><real id="height">480</real></size><size id="trackingArea"><real id="width">240</real><real id="height">400</real></size><real id="rotation">0</real></rect><attributes id="autorotate"><boolean id="landscapeLeft">false</boolean><boolean id="landscapeRight">false</boolean><boolean id="portrait">true</boolean><boolean id="portraitUpsideDown">true</boolean></attributes></attributes></scene>
