<?xml version="1.0" encoding="UTF-8"?>
<scene id="id426986" GSCVersion="0.9.5" PGFVersion="0.17"><layers><layer id="id112326"><actors><actor id="id589514" prototype="id622561"><attributes><point id="position"><real id="x">161</real><real id="y">241</real></point><size id="size"><real id="width">320</real><real id="height">480</real></size></attributes><aspects/></actor><actor id="id812709" prototype="id172099"><attributes><point id="position"><real id="x">162</real><real id="y">239.5</real></point><size id="size"><real id="width">320</real><real id="height">480</real></size></attributes><aspects/></actor><actor id="id658777" prototype="id497217"><attributes><point id="position"><real id="x">160</real><real id="y">43.5</real></point><size id="size"><real id="width">24</real><real id="height">76</real></size></attributes><aspects/></actor><actor id="id888801" prototype="id273191"><attributes><point id="position"><real id="x">121</real><real id="y">295.5</real></point><size id="size"><real id="width">12</real><real id="height">14</real></size><integer name="Div" id="id410046">1e+06</integer></attributes><aspects/></actor><actor id="id897350" prototype="id823108"><attributes><point id="position"><real id="x">161</real><real id="y">239.5</real></point><size id="size"><real id="width">320</real><real id="height">480</real></size></attributes><aspects/></actor><actor id="id170792" prototype="id467524"><attributes><point id="position"><real id="x">77</real><real id="y">48.5</real></point><size id="size"><real id="width">118</real><real id="height">64</real></size></attributes><aspects/></actor><actor id="id721397" prototype="id353093"><attributes><point id="position"><real id="x">281</real><real id="y">35.5</real></point><size id="size"><real id="width">32</real><real id="height">32</real></size></attributes><aspects/></actor><actor id="id146533" prototype="id488205"><attributes><point id="position"><real id="x">86.5</real><real id="y">36</real></point><size id="size"><real id="width">33</real><real id="height">29</real></size></attributes><aspects/></actor></actors><attributes><text id="name">Background</text><boolean id="scrollable">false</boolean></attributes></layer><layer id="id449527"><actors><actor id="id389424" prototype="id958031"><attributes><point id="position"><real id="x">162</real><real id="y">321.5</real></point><size id="size"><real id="width">54</real><real id="height">12</real></size></attributes><aspects/></actor><actor id="id166851" prototype="id273191"><attributes><point id="position"><real id="x">137</real><real id="y">295.5</real></point><size id="size"><real id="width">12</real><real id="height">14</real></size><integer name="Div" id="id410046">100000</integer></attributes><aspects/></actor><actor id="id504791" prototype="id273191"><attributes><point id="position"><real id="x">153</real><real id="y">295.5</real></point><size id="size"><real id="width">12</real><real id="height">14</real></size><integer name="Div" id="id410046">10000</integer></attributes><aspects/></actor><actor id="id177055" prototype="id273191"><attributes><point id="position"><real id="x">173</real><real id="y">295.5</real></point><size id="size"><real id="width">12</real><real id="height">14</real></size><integer name="Div" id="id410046">1000</integer></attributes><aspects/></actor><actor id="id403485" prototype="id273191"><attributes><point id="position"><real id="x">189</real><real id="y">295.5</real></point><size id="size"><real id="width">12</real><real id="height">14</real></size><integer name="Div" id="id410046">100</integer></attributes><aspects/></actor><actor id="id854696" prototype="id273191"><attributes><point id="position"><real id="x">204</real><real id="y">295.5</real></point><size id="size"><real id="width">12</real><real id="height">14</real></size></attributes><aspects/></actor></actors><attributes><text id="name">GameCenter</text><boolean id="scrollable">false</boolean></attributes></layer></layers><attributes><text id="name">GameCenter</text><real id="time">0</real><size id="size"><real id="width">320</real><real id="height">480</real></size><boolean id="wrapX">false</boolean><boolean id="wrapY">false</boolean><point id="gravity"><real id="x">0</real><real id="y">0</real></point><color id="color"><real id="red">0</real><real id="green">0</real><real id="blue">0</real><real id="alpha">1</real></color><rect id="camera"><point id="origin"><real id="x">0</real><real id="y">0</real></point><size id="size"><real id="width">320</real><real id="height">480</real></size><size id="trackingArea"><real id="width">240</real><real id="height">400</real></size><real id="rotation">0</real></rect><attributes id="autorotate"><boolean id="landscapeLeft">false</boolean><boolean id="landscapeRight">false</boolean><boolean id="portrait">true</boolean><boolean id="portraitUpsideDown">false</boolean></attributes></attributes></scene>
