<?xml version="1.0" encoding="UTF-8"?>
<scene id="id269551" GSCVersion="0.8.9" PGFVersion="0.16"><layers><layer id="id112326"><actors><actor id="id275711" prototype="id480777"><attributes><point id="position"><real id="x">241</real><real id="y">159.5</real></point></attributes><aspects/></actor><actor id="id910003" prototype="id738714"><attributes><point id="position"><real id="x">50</real><real id="y">160</real></point></attributes><aspects/></actor><actor id="id445168" prototype="id373860"><attributes><point id="position"><real id="x">431</real><real id="y">160</real></point></attributes><aspects/></actor></actors><attributes><text id="name">Background</text><boolean id="scrollable">true</boolean></attributes></layer></layers><attributes><text id="name">Initial Scene</text><real id="time">0</real><size id="size"><real id="width">480</real><real id="height">320</real></size><boolean id="wrapX">false</boolean><boolean id="wrapY">false</boolean><point id="gravity"><real id="x">0</real><real id="y">0</real></point><color id="color"><real id="red">0</real><real id="green">0</real><real id="blue">0</real><real id="alpha">1</real></color><rect id="camera"><point id="origin"><real id="x">0</real><real id="y">0</real></point><size id="size"><real id="width">480</real><real id="height">320</real></size><size id="trackingArea"><real id="width">400</real><real id="height">260</real></size><real id="rotation">0</real></rect><attributes id="autorotate"><boolean id="landscapeLeft">true</boolean><boolean id="landscapeRight">true</boolean><boolean id="portrait">false</boolean><boolean id="portraitUpsideDown">false</boolean></attributes></attributes></scene>
