<?xml version="1.0" encoding="UTF-8"?>
<scene id="id441975" GSCVersion="0.9.89" PGFVersion="0.17"><layers><layer id="id251028"><actors><actor id="id241052" prototype="id888199"><attributes><point id="position"><real id="x">723.711</real><real id="y">773.914</real></point><size id="size"><real id="width">64</real><real id="height">48</real></size></attributes><aspects/></actor><actor id="id396368" prototype="id888199"><attributes><point id="position"><real id="x">369.375</real><real id="y">710.266</real></point><size id="size"><real id="width">64</real><real id="height">48</real></size></attributes><aspects/></actor><actor id="id507200" prototype="id783990"><attributes><point id="position"><real id="x">981.949</real><real id="y">735.098</real></point></attributes><aspects/></actor><actor id="id766200" prototype="id399309"><attributes><point id="position"><real id="x">1293.86</real><real id="y">804.293</real></point><size id="size"><real id="width">96</real><real id="height">48</real></size></attributes><aspects/></actor><actor id="id307173" prototype="id888199"><attributes><point id="position"><real id="x">2052.35</real><real id="y">860.254</real></point><size id="size"><real id="width">64</real><real id="height">48</real></size></attributes><aspects/></actor></actors><attributes><text id="name">Clouds</text><boolean id="scrollable">true</boolean></attributes></layer><layer id="id752835"><actors><actor id="id380566" prototype="id897308"><attributes><point id="position"><real id="x">145.766</real><real id="y">500.68</real></point><size id="size"><real id="width">160</real><real id="height">70</real></size></attributes><aspects/></actor><actor id="id903438" prototype="id558163"><attributes><point id="position"><real id="x">482.043</real><real id="y">481.129</real></point><size id="size"><real id="width">96</real><real id="height">32</real></size></attributes><aspects/></actor><actor id="id114069" prototype="id785179"><attributes><point id="position"><real id="x">592.977</real><real id="y">483.828</real></point><size id="size"><real id="width">96</real><real id="height">38</real></size></attributes><aspects/></actor><actor id="id203621" prototype="id583143"><attributes><point id="position"><real id="x">988.078</real><real id="y">497.094</real></point><size id="size"><real id="width">64</real><real id="height">64</real></size></attributes><aspects/></actor><actor id="id179353" prototype="id500108"><attributes><point id="position"><real id="x">854.496</real><real id="y">480.887</real></point><size id="size"><real id="width">64</real><real id="height">32</real></size></attributes><aspects/></actor><actor id="id899781" prototype="id583143"><attributes><point id="position"><real id="x">1313.5</real><real id="y">507.998</real></point><size id="size"><real id="width">64</real><real id="height">85.5898</real></size></attributes><aspects/></actor><actor id="id306002" prototype="id558163"><attributes><point id="position"><real id="x">1442.54</real><real id="y">479.301</real></point></attributes><aspects/></actor><actor id="id943908" prototype="id583143"><attributes><point id="position"><real id="x">1574.38</real><real id="y">531.471</real></point><size id="size"><real id="width">64</real><real id="height">133.496</real></size></attributes><aspects/></actor><actor id="id853624" prototype="id897308"><attributes><point id="position"><real id="x">1683.08</real><real id="y">499.219</real></point><size id="size"><real id="width">160</real><real id="height">70</real></size></attributes><aspects/></actor><actor id="id879844" prototype="id583143"><attributes><point id="position"><real id="x">2080.55</real><real id="y">529.609</real></point><size id="size"><real id="width">64</real><real id="height">131.016</real></size></attributes><aspects/></actor><actor id="id465235" prototype="id360763"><attributes><point id="position"><real id="x">2195.21</real><real id="y">480.176</real></point></attributes><aspects/></actor><actor id="id560322" prototype="id785179"><attributes><point id="position"><real id="x">2321.54</real><real id="y">483.879</real></point></attributes><aspects/></actor><actor id="id596319" prototype="id368374"><attributes><point id="position"><real id="x">2303.7</real><real id="y">142.75</real></point><size id="size"><real id="width">4608.27</real><real id="height">389.656</real></size></attributes><aspects/></actor><actor id="id930270" prototype="id481534"><attributes><point id="position"><real id="x">3838.26</real><real id="y">400.34</real></point><size id="size"><real id="width">1540.97</real><real id="height">128.164</real></size></attributes><aspects><graphics><attributes><enumeration id="verticalWrap">2</enumeration></attributes></graphics></aspects></actor></actors><attributes><text id="name">Background</text><boolean id="scrollable">true</boolean></attributes></layer><layer id="id478598"><actors><actor id="id675407" prototype="id481534"><attributes><point id="position"><real id="x">1218.35</real><real id="y">401.608</real></point><size id="size"><real id="width">2432.27</real><real id="height">128.746</real></size></attributes><aspects><graphics><attributes><enumeration id="verticalWrap">2</enumeration></attributes></graphics></aspects></actor><actor id="id913863" prototype="id289382"><attributes><point id="position"><real id="x">2464.02</real><real id="y">353.094</real></point><size id="size"><real id="width">62.1801</real><real id="height">31.5078</real></size><angle id="rotation">0</angle></attributes><aspects><graphics><attributes><boolean id="visible">true</boolean></attributes></graphics></aspects></actor><actor id="id220816" prototype="id481534"><attributes><point id="position"><real id="x">2734.84</real><real id="y">401.059</real></point><size id="size"><real id="width">478.484</real><real id="height">128.422</real></size></attributes><aspects><graphics><attributes><enumeration id="verticalWrap">2</enumeration></attributes></graphics></aspects></actor><actor id="id137933" prototype="id289382"><attributes><point id="position"><real id="x">3019.76</real><real id="y">353.73</real></point><size id="size"><real id="width">94.2461</real><real id="height">33.6797</real></size></attributes><aspects><graphics><attributes><boolean id="visible">true</boolean></attributes></graphics></aspects></actor></actors><attributes><text id="name">Ground</text><boolean id="scrollable">true</boolean></attributes></layer><layer id="id805393"><actors><actor id="id632483" prototype="id587752"><attributes><point id="position"><real id="x">561.449</real><real id="y">575.957</real></point><size id="size"><real id="width">32</real><real id="height">32</real></size></attributes><aspects/></actor><actor id="id755315" prototype="id926215"><attributes><point id="position"><real id="x">721.801</real><real id="y">580.289</real></point><size id="size"><real id="width">32</real><real id="height">32</real></size></attributes><aspects/></actor><actor id="id588344" prototype="id587752"><attributes><point id="position"><real id="x">817.48</real><real id="y">580.406</real></point><size id="size"><real id="width">32</real><real id="height">32</real></size><angle id="rotation">0</angle></attributes><aspects/></actor><actor id="id687390" prototype="id926215"><attributes><point id="position"><real id="x">785.402</real><real id="y">580.055</real></point><size id="size"><real id="width">32</real><real id="height">32</real></size></attributes><aspects/></actor><actor id="id760457" prototype="id926215"><attributes><point id="position"><real id="x">849.988</real><real id="y">580.379</real></point><size id="size"><real id="width">32</real><real id="height">32</real></size></attributes><aspects/></actor><actor id="id117026" prototype="id587752"><attributes><point id="position"><real id="x">784.621</real><real id="y">673.317</real></point><size id="size"><real id="width">32</real><real id="height">32</real></size></attributes><aspects/></actor><actor id="id661120" prototype="id697934"><attributes><point id="position"><real id="x">2290.36</real><real id="y">609.648</real></point><size id="size"><real id="width">32</real><real id="height">32</real></size></attributes><aspects/><behaviors><behavior id="id332645" class="ChangeAttributeAction" enabled="true"><attributes><text id="name">Change Attribute</text><text id="bundleName">ChangeAttribute.behavior</text><text id="targetAttribute">game.attributes.id727229</text><text id="RHS"><expression><reference keypath="self.attributes.position.x"/></expression></text></attributes></behavior><behavior id="id884311" class="ChangeAttributeAction" enabled="true"><attributes><text id="name">Change Attribute</text><text id="bundleName">ChangeAttribute.behavior</text><text id="targetAttribute">game.attributes.id549580</text><text id="RHS"><expression><reference keypath="self.attributes.position.y"/></expression></text></attributes></behavior><behavior id="id602306" class="AnimateBehavior" enabled="true"><attributes><text id="name">Animate</text><text id="bundleName">Animate.behavior</text><text id="images">Question Block-1	Question Block-2	Question Block-3</text><index id="speed">3</index><boolean id="loop">true</boolean><boolean id="restoreActorImage">false</boolean></attributes></behavior><behavior enabled="true" id="id483053" class="RuleBehavior"><attributes><text id="name">Rule</text><text id="bundleName">Rule.behavior</text><real id="compoundConditionKind">0</real></attributes><conditions><condition id="id757626" pluginPredicateTypeIndex="0" eventType="overlaps or collides"><attributes><index id="conditionType">0</index></attributes><predicate type="collision"><attributes><text id="prototypeKey">id374861</text><text id="actorTag">Ground</text><real id="mode">0</real></attributes></predicate></condition></conditions><behaviors><behavior id="id695535" class="InterpolateBehavior" enabled="true"><attributes><text id="name">Interpolate</text><text id="bundleName">Interpolate.behavior</text><boolean id="runToCompletion">true</boolean><text id="targetAttribute">self.attributes.position.y</text><real id="finalValue"><expression><reference keypath="self.attributes.position.y"/><string>+3</string></expression></real><real id="duration">0.1</real><index id="easing">0</index></attributes></behavior><behavior id="id278325" class="TimerBehavior" enabled="true"><attributes><text id="name">Timer</text><text id="bundleName">Timer.behavior</text><index id="timerType">1</index><real id="interval">0.2</real><boolean id="runToCompletion">true</boolean></attributes><behaviors><behavior id="id751824" class="InterpolateBehavior" enabled="true"><attributes><text id="name">Interpolate</text><text id="bundleName">Interpolate.behavior</text><boolean id="runToCompletion">true</boolean><text id="targetAttribute">self.attributes.position.y</text><real id="finalValue"><expression><reference keypath="game.attributes.id549580"/></expression></real><real id="duration">0.1</real><index id="easing">0</index></attributes></behavior></behaviors></behavior><behavior id="id282452" class="TimerBehavior" enabled="true"><attributes><text id="name">Timer</text><text id="bundleName">Timer.behavior</text><index id="timerType">1</index><real id="interval">0.6</real><boolean id="runToCompletion">true</boolean></attributes><behaviors><behavior id="id766922" class="SpawnAction" enabled="true"><attributes><text id="name">Spawn Actor</text><text id="bundleName">Spawn.behavior</text><text id="prototypeKey">id787527</text><angle id="direction">0</angle><index id="directionSpace">0</index><real id="x">0</real><real id="y">0</real><index id="positionSpace">0</index><index id="layerOrder">0</index></attributes></behavior><behavior id="id359996" class="TimerBehavior" enabled="true"><attributes><text id="name">Timer</text><text id="bundleName">Timer.behavior</text><index id="timerType">1</index><real id="interval">0.7</real><boolean id="runToCompletion">true</boolean></attributes><behaviors><behavior id="id273088" class="SpawnAction" enabled="true"><attributes><text id="name">Spawn Actor</text><text id="bundleName">Spawn.behavior</text><text id="prototypeKey">id981701</text><angle id="direction">0</angle><index id="directionSpace">1</index><real id="x"><expression><reference keypath="game.attributes.id727229"/></expression></real><real id="y"><expression><reference keypath="game.attributes.id549580"/></expression></real><index id="positionSpace">1</index><index id="layerOrder">1</index></attributes></behavior><behavior id="id505527" class="DestroyAction" enabled="true"><attributes><text id="name">Destroy</text><text id="bundleName">Destroy.behavior</text></attributes></behavior></behaviors></behavior></behaviors></behavior></behaviors><elseBehaviors/></behavior></behaviors></actor></actors><attributes><text id="name">Blocks</text><boolean id="scrollable">true</boolean></attributes></layer><layer id="id989151"><actors><actor id="id523399" prototype="id374861"><attributes><point id="position"><real id="x">156.242</real><real id="y">480.438</real></point><size id="size"><real id="width">26</real><real id="height">32</real></size></attributes><aspects/></actor><actor id="id665971" prototype="id697934"><attributes><point id="position"><real id="x">753.363</real><real id="y">580.824</real></point><size id="size"><real id="width">32</real><real id="height">32</real></size></attributes><aspects/></actor></actors><attributes><text id="name">Mario</text><boolean id="scrollable">true</boolean></attributes></layer><layer id="id297745"><actors><actor id="id847126" prototype="id324969"><attributes><point id="position"><real id="x">384.969</real><real id="y">167.501</real></point><size id="size"><real id="width">769.164</real><real id="height">335.223</real></size></attributes><aspects/></actor><actor id="id305457" prototype="id107145"><attributes><point id="position"><real id="x">708.89</real><real id="y">17.8084</real></point><size id="size"><real id="width">113.086</real><real id="height">35.1874</real></size></attributes><aspects><graphics><attributes><boolean id="visible">false</boolean></attributes></graphics><physics><attributes><boolean id="movable">false</boolean></attributes></physics></aspects><behaviors><behavior enabled="true" id="id487303" class="RuleBehavior"><attributes><text id="name">Rule</text><text id="bundleName">Rule.behavior</text><real id="compoundConditionKind">0</real></attributes><conditions><condition id="id926899" pluginPredicateTypeIndex="0" eventType="touch"><attributes><index id="conditionType">0</index></attributes><predicate type="touch" conditionType="pressed"><attributes/></predicate></condition></conditions><behaviors><behavior id="id459986" class="PauseMusicAction" enabled="true"><attributes><text id="name">Pause Music</text><text id="bundleName">PauseMusic.behavior</text></attributes></behavior><behavior id="id694393" class="TimerBehavior" enabled="true"><attributes><text id="name">Timer</text><text id="bundleName">Timer.behavior</text><index id="timerType">1</index><real id="interval">0.5</real><boolean id="runToCompletion">true</boolean></attributes><behaviors><behavior id="id947531" class="PlaySoundAction" enabled="true"><attributes><text name="Name" id="name">Play Sound</text><text name="Bundle Name" id="bundleName">PlaySound.behavior</text><sound name="Sound Name" id="soundName">Pause</sound><boolean name="Loop" id="loop">false</boolean><boolean name="Run To Completion" id="runToCompletion">true</boolean><boolean name="Positional" id="positional">false</boolean><boolean name="Doppler Shift" id="dopplerShift">false</boolean><real name="Volume" id="volume">1</real><real name="Pitch" id="pitch">1</real></attributes></behavior></behaviors></behavior><behavior id="id813869" class="TimerBehavior" enabled="true"><attributes><text id="name">Timer</text><text id="bundleName">Timer.behavior</text><index id="timerType">1</index><real id="interval">0.9</real><boolean id="runToCompletion">true</boolean></attributes><behaviors><behavior id="id373496" class="PauseGameAction" enabled="true"><attributes><text name="Name" id="name">Pause Game</text><text name="Bundle Name" id="bundleName">PauseGame.behavior</text><text name="Scene Key" id="sceneKey">id253722</text></attributes></behavior></behaviors></behavior></behaviors><elseBehaviors/></behavior></behaviors></actor><actor id="id198857" prototype="id593200"><attributes><point id="position"><real id="x">-26.3418</real><real id="y">1000.98</real></point><size id="size"><real id="width">50.457</real><real id="height">46.7188</real></size></attributes><aspects/></actor><actor id="id394887" prototype="id955806"><attributes><point id="position"><real id="x">69.0918</real><real id="y">13.4805</real></point><size id="size"><real id="width">46.6602</real><real id="height">24</real></size></attributes><aspects/></actor><actor id="id180714" prototype="id928437"><attributes><point id="position"><real id="x">677.984</real><real id="y">175.017</real></point><size id="size"><real id="width">143.102</real><real id="height">245.09</real></size></attributes><aspects/></actor><actor id="id317700" prototype="id216501"><attributes><point id="position"><real id="x">271.066</real><real id="y">168.596</real></point><size id="size"><real id="width">98.3672</real><real id="height">82.2773</real></size></attributes><aspects/></actor><actor id="id371757" prototype="id491920"><attributes><point id="position"><real id="x">80.2305</real><real id="y">169.465</real></point><size id="size"><real id="width">96.8516</real><real id="height">83.6328</real></size></attributes><aspects/></actor></actors><attributes><text id="name">Controllers</text><boolean id="scrollable">false</boolean></attributes></layer><layer id="id849654"><actors><actor id="id490964" prototype="id970509"><attributes><point id="position"><real id="x">385.123</real><real id="y">680.719</real></point><size id="size"><real id="width">493.059</real><real id="height">523.68</real></size><color id="color"><real id="alpha">0</real></color></attributes><aspects><graphics><attributes><boolean id="visible">true</boolean></attributes></graphics></aspects></actor><actor id="id483142" prototype="id498209"><attributes><point id="position"><real id="x">384.016</real><real id="y">680.641</real></point><size id="size"><real id="width">768</real><real id="height">689.117</real></size></attributes><aspects/></actor></actors><attributes><text id="name">Layer 1</text><boolean id="scrollable">false</boolean></attributes></layer></layers><attributes><text id="name">1</text><real id="time">0</real><size id="size"><real id="width">4608</real><real id="height">1024</real></size><boolean id="wrapX">false</boolean><boolean id="wrapY">false</boolean><point id="gravity"><real id="x">0</real><real id="y">0</real></point><color id="color"><real id="red">0.519628</real><real id="green">0.792587</real><real id="blue">1</real><real id="alpha">1</real></color><rect id="camera"><point id="origin"><real id="x">0</real><real id="y">0</real></point><size id="size"><real id="width">768</real><real id="height">1024</real></size><size id="trackingArea"><real id="width">97.8672</real><real id="height">82.4922</real></size><real id="rotation">0</real></rect><attributes id="autorotate"><boolean id="landscapeLeft">false</boolean><boolean id="portrait">true</boolean><boolean id="landscapeRight">false</boolean><boolean id="portraitUpsideDown">true</boolean></attributes></attributes></scene>
