<?xml version="1.0" encoding="UTF-8"?>
<scene id="id253722" GSCVersion="0.9.89" PGFVersion="0.17"><layers><layer id="id255300"><actors><actor id="id529399" prototype="id324969"><attributes><point id="position"><real id="x">384.297</real><real id="y">167.597</real></point><size id="size"><real id="width">769.164</real><real id="height">335.223</real></size><angle id="rotation">0</angle><image id="image">joypad_nes1</image></attributes><aspects/><behaviors><behavior enabled="true" id="id247968" class="RuleBehavior"><attributes><text id="name">0 Nes</text><text id="bundleName">Rule.behavior</text><real id="compoundConditionKind">0</real></attributes><conditions><condition id="id820116" pluginPredicateTypeIndex="0" eventType="mouse button"><attributes><index id="conditionType">1</index><text id="subjectAttribute">game.attributes.id419030</text></attributes><predicate type="number"><attributes><text id="operator">=</text><real id="RHS">0</real></attributes></predicate></condition></conditions><behaviors><behavior id="id454983" class="ChangeImageAction" enabled="true"><attributes><text id="name">Change Image</text><text id="bundleName">ChangeImage.behavior</text><image id="image">joypad_nes1</image></attributes></behavior></behaviors><elseBehaviors/></behavior><behavior enabled="true" id="id424058" class="RuleBehavior"><attributes><text id="name">1 FC</text><text id="bundleName">Rule.behavior</text><real id="compoundConditionKind">0</real></attributes><conditions><condition id="id820116" pluginPredicateTypeIndex="0" eventType="mouse button"><attributes><index id="conditionType">1</index><text id="subjectAttribute">game.attributes.id419030</text></attributes><predicate type="number"><attributes><text id="operator">=</text><real id="RHS">1</real></attributes></predicate></condition></conditions><behaviors><behavior id="id454983" class="ChangeImageAction" enabled="true"><attributes><text id="name">Change Image</text><text id="bundleName">ChangeImage.behavior</text><image id="image">joypad_famicom1</image></attributes></behavior></behaviors><elseBehaviors/></behavior><behavior enabled="true" id="id449858" class="RuleBehavior"><attributes><text id="name">2 GB</text><text id="bundleName">Rule.behavior</text><real id="compoundConditionKind">0</real></attributes><conditions><condition id="id820116" pluginPredicateTypeIndex="0" eventType="mouse button"><attributes><index id="conditionType">1</index><text id="subjectAttribute">game.attributes.id419030</text></attributes><predicate type="number"><attributes><text id="operator">=</text><real id="RHS">2</real></attributes></predicate></condition></conditions><behaviors><behavior id="id454983" class="ChangeImageAction" enabled="true"><attributes><text id="name">Change Image</text><text id="bundleName">ChangeImage.behavior</text><image id="image">joypad_gb1</image></attributes></behavior></behaviors><elseBehaviors/></behavior><behavior enabled="true" id="id356107" class="RuleBehavior"><attributes><text id="name">4 Reset</text><text id="bundleName">Rule.behavior</text><real id="compoundConditionKind">0</real></attributes><conditions><condition id="id820116" pluginPredicateTypeIndex="0" eventType="mouse button"><attributes><index id="conditionType">1</index><text id="subjectAttribute">game.attributes.id419030</text></attributes><predicate type="number"><attributes><text id="operator">=</text><real id="RHS">3</real></attributes></predicate></condition></conditions><behaviors><behavior id="id453836" class="ChangeAttributeAction" enabled="true"><attributes><text id="name">Change Attribute</text><text id="bundleName">ChangeAttribute.behavior</text><text id="targetAttribute">game.attributes.id419030</text><text id="RHS">0</text></attributes></behavior></behaviors><elseBehaviors/></behavior></behaviors></actor><actor id="id537082" prototype="id107145"><attributes><point id="position"><real id="x">710.177</real><real id="y">16.1564</real></point><size id="size"><real id="width">115.48</real><real id="height">31.2188</real></size></attributes><aspects><graphics><attributes><boolean id="visible">false</boolean></attributes></graphics><physics><attributes><boolean id="movable">false</boolean></attributes></physics></aspects><behaviors><behavior enabled="true" id="id487303" class="RuleBehavior"><attributes><text id="name">Rule</text><text id="bundleName">Rule.behavior</text><real id="compoundConditionKind">0</real></attributes><conditions><condition id="id926899" pluginPredicateTypeIndex="0" eventType="touch"><attributes><index id="conditionType">0</index></attributes><predicate type="touch" conditionType="pressed"><attributes/></predicate></condition></conditions><behaviors><behavior id="id449903" class="PlaySoundAction" enabled="true"><attributes><text id="name">Play Sound</text><text id="bundleName">PlaySound.behavior</text><sound id="soundName">Pause</sound><boolean id="loop">false</boolean><boolean id="runToCompletion">true</boolean><boolean id="positional">false</boolean><boolean id="dopplerShift">false</boolean><real id="volume">1</real><real id="pitch">1</real></attributes></behavior><behavior id="id783256" class="PlayMusicAction" enabled="true"><attributes><text id="name">Play Music</text><text id="bundleName">PlayMusic.behavior</text><music id="musicName"></music><boolean id="loop">true</boolean></attributes></behavior><behavior id="id798560" class="UnpauseGameAction" enabled="true"><attributes><text id="name">Unpause Game</text><text id="bundleName">UnpauseGame.behavior</text></attributes></behavior></behaviors><elseBehaviors/></behavior></behaviors></actor><actor id="id687871" prototype="id890067"><attributes><point id="position"><real id="x">383.936</real><real id="y">689.641</real></point><size id="size"><real id="width">766.59</real><real id="height">706.123</real></size><color id="color"><real id="red">0</real><real id="green">0</real><real id="blue">0</real><real id="alpha">0.61</real></color></attributes><aspects/></actor><actor id="id624838" prototype="id498209"><attributes><point id="position"><real id="x">384.812</real><real id="y">680.465</real></point><size id="size"><real id="width">768</real><real id="height">689.844</real></size></attributes><aspects/></actor></actors><attributes><text id="name">Background</text><boolean id="scrollable">true</boolean></attributes></layer></layers><attributes><text id="name">Pause</text><real id="time">0</real><size id="size"><real id="width">768</real><real id="height">1024</real></size><boolean id="wrapX">false</boolean><boolean id="wrapY">false</boolean><point id="gravity"><real id="x">0</real><real id="y">0</real></point><color id="color"><real id="red">0</real><real id="green">0</real><real id="blue">0</real><real id="alpha">1</real></color><rect id="camera"><point id="origin"><real id="x">0</real><real id="y">0</real></point><size id="size"><real id="width">768</real><real id="height">1024</real></size><size id="trackingArea"><real id="width">688</real><real id="height">944</real></size><real id="rotation">0</real></rect><attributes id="autorotate"><boolean id="landscapeLeft">false</boolean><boolean id="portrait">true</boolean><boolean id="landscapeRight">false</boolean><boolean id="portraitUpsideDown">false</boolean></attributes></attributes></scene>
