<?xml version="1.0" encoding="UTF-8"?>
<game PGFVersion="0.16" GSCVersion="0.8.9" title="Good Vs Evil"><resolutionIndependence>0</resolutionIndependence><instructions>Add game instructions here.</instructions><resolution>3</resolution><longDescription>A tabula rasa, a blank slate on which one may create a masterpiece.</longDescription><prototypes><actor id="id480777"/><actor id="id826288"/><actor id="id258262"/><actor id="id240061"/><actor id="id738714"/><actor id="id373860"/></prototypes><scenes><scene id="id269551"/></scenes><attributes><text id="name">default name</text><real id="time">0</real><size id="displaySize"><real id="width">1024</real><real id="height">768</real></size><text id="actorTags"></text><integer name="Heaven" id="id950317">0</integer><integer name="Hell" id="id284070">0</integer><integer name="Button Left" id="id507673">0</integer><integer name="Button Right" id="id172785">0</integer></attributes></game>
