<?xml version="1.0" encoding="UTF-8"?>
<game PGFVersion="0.16" GSCVersion="0.9.1" title="Water and Air"><resolutionIndependence>0</resolutionIndependence><instructions>Add game instructions here.</instructions><resolution>1</resolution><longDescription>This shows you how to add a water and air effect</longDescription><prototypes><actor id="id556669"/><actor id="id230602"/><actor id="id479831"/><actor id="id533230"/><actor id="id597913"/><actor id="id367594"/><actor id="id901864"/><actor id="id831021"/><actor id="id686177"/><actor id="id387678"/><actor id="id645023"/><actor id="id159082"/></prototypes><scenes><scene id="id269551"/><scene id="id433666"/></scenes><attributes><text id="name">default name</text><real id="time">0</real><size id="displaySize"><real id="width">320</real><real id="height">480</real></size><text id="actorTags">platforms	spring	warp 1	warp 2</text><integer name="Button Left" id="id262802">0</integer><integer name="Button Right" id="id317961">0</integer><integer name="gameSpeed" id="id195894">100</integer><real name="warp1x" id="id424741">0</real><real name="warp1y" id="id425806">0</real><real name="warp2x" id="id324578">0</real><real name="warp2y" id="id883611">0</real><real name="CharacterY" id="id127688">0</real><boolean name="RestartGame" id="id429835">false</boolean><boolean name="ShowRestartGame" id="id175813">false</boolean><boolean name="tilt" id="id831764">false</boolean><integer name="Saw Blade On Off" id="id952962">1</integer><integer name="Falling Block Fell" id="id437526">0</integer></attributes></game>
