<?xml version="1.0" encoding="UTF-8"?>
<assets><sounds><file name="Farm Showdown!.m4a"/><file name="FarmFinal.m4a"/><file name="Yeehaaw Yell-4080-Free-Loops.com.ogg"/><file name="yahoo.ogg"/><file name="yipee.ogg"/><file name="click2.ogg"/><file name="gate-closing.ogg"/><file name="title screen.m4a"/><file name="UFO Exit.ogg"/><file name="UFO Landing.ogg"/><file name="farm background.ogg"/><file name="Pig Oinking.ogg"/><file name="Pig Snort.ogg"/><file name="farmer_instructions.m4a"/><file name="Electric Shock Zap.ogg"/></sounds><images><file name="jean_victor_balin_arrow_blue_down.png"/><file name="ecloud_sideways_finger.png"/><file name="yyycatch_chick.png"/><file name="bloodsong_Chicken-RoundCartoon.png"/><file name="lemmling_Cartoon_cow.png"/><file name="bloodsong_Pig-RoundCartoon.png"/><file name="Anonymous_rooster.png"/><file name="lemmling_Cartoon_sheep.png"/><file name="horse03.png"/><file name="brennino_baby_rabbit.png"/><file name="StudioFibonacci_Cartoon_llama.png"/><file name="lemmling_Cartoon_dog.png"/><file name="rg1024_Grass_texture.png"/><file name="rg1024_grass.png"/><file name="cooltext456915076.png"/><file name="cooltext456915236.png"/><file name="cooltext456915497.png"/><file name="cooltext456915830.png"/><file name="bike_chain.png"/><file name="cooltext456921520.png"/><file name="cooltext456921443.png"/><file name="cooltext457174630.png"/><file name="cooltext457174710.png"/><file name="cooltext457174782.png"/><file name="cooltext457174875.png"/><file name="cooltext457174922.png"/><file name="cooltext457175064.png"/><file name="cooltext457175036.png"/><file name="cooltext457174997.png"/><file name="cooltext457174964.png"/><file name="grace_landscape.png"/><file name="cooltext457302336.png"/><file name="cooltext457302420.png"/><file name="cooltext457302973.png"/><file name="cooltext457302979.png"/><file name="cooltext457304242.png"/><file name="cooltext457304228.png"/><file name="cooltext457304260.png"/><file name="cooltext457957786.png"/><file name="cooltext457958295.png"/><file name="cooltext458028355.png"/><file name="kablam_glossy_heart.png"/><file name="carlitos_Cartoon_Landscape.png"/><file name="Anonymous_Button_Blue.png"/><file name="sample_6280.png"/><file name="MainBox1.png"/><file name="].png"/><file name="cooltext458511210.png"/><file name="popup.png"/><file name="cooltext458529308.png"/><file name="cooltext458529572.png"/><file name="cooltext458529483.png"/><file name="chelseafan528_Grassy_Scene.png"/><file name="farm-fence.png"/><file name="ryanlerch_grassy_horizon_(gradient).png"/><file name="cooltext458710233.png"/><file name="cooltext458710773.png"/><file name="cooltext458711845.png"/><file name="cooltext458711810.png"/><file name="cooltext458711994.png"/><file name="apple-touch-icon11.png"/><file name="cooltext459047852.png"/><file name="cooltext459047791.png"/><file name="cooltext459047591.png"/><file name="cooltext459047633.png"/><file name="cloud1.png"/><file name="cloud2.png"/><file name="cloud3.png"/><file name="ufo.png"/><file name="start screen.png"/><file name="intro_pig.png"/><file name="ufo_game.png"/><file name="ufo1.png"/><file name="level_1_bg.png"/><file name="duck1.png"/><file name="duck2.png"/><file name="level_2_bg.png"/><file name="level_3_bg.png"/><file name="game_over.png"/><file name="cow.png"/><file name="pig.png"/><file name="farmer1.png"/><file name="sheep.png"/><file name="farmer_inst.png"/><file name="level_4_bg.png"/><file name="mouse.png"/><file name="virus.png"/><file name="alien.png"/><file name="electric_rods.png"/><file name="electric_rods1.png"/><file name="electric_rods2.png"/><file name="electric_rods3.png"/><file name="electric_rods4.png"/></images><behaviors/><actors/></assets>
