<?xml version="1.0" encoding="UTF-8"?>
<game PGFVersion="0.16" title="Farmyard Abduction" GSCVersion="0.9.0"><resolutionIndependence>0</resolutionIndependence><resolution>3</resolution><attributes><text id="name">default name</text><real id="time">0</real><size id="displaySize"><real id="width">1024</real><real id="height">768</real></size><text id="actorTags">GroundActor</text><integer name="Game Timer" id="id471447">5</integer><integer name="Game Score" id="id604320">0</integer><integer name="Trigger Right" id="id888818">0</integer><integer name="Trigger Left" id="id774785">0</integer><integer name="Sound/score" id="id271467">1</integer><boolean name="Game Pause" id="id226806">false</boolean><integer name="Lives" id="id683308">5</integer><boolean name="Invincible" id="id974771">false</boolean><integer name="Up" id="id335373">0</integer><integer name="Down" id="id523415">0</integer><integer name="IntitX" id="id893907">0</integer><integer name="InitY" id="id799734">0</integer><boolean name="game pause" id="id631481">false</boolean></attributes><prototypes><actor id="id366168"/><actor id="id899104"/><actor id="id175383"/><actor id="id577795"/><actor id="id890542"/><actor id="id904105"/><actor id="id735496"/><actor id="id328311"/><actor id="id527846"/><actor id="id491135"/><actor id="id338767"/><actor id="id823693"/><actor id="id225745"/><actor id="id304773"/><actor id="id136280"/><actor id="id277687"/><actor id="id194260"/><actor id="id536945"/><actor id="id641989"/><actor id="id253136"/><actor id="id852129"/><actor id="id430774"/><actor id="id872846"/><actor id="id452667"/><actor id="id153105"/><actor id="id350881"/><actor id="id262034"/><actor id="id540905"/><actor id="id730834"/><actor id="id781487"/><actor id="id370800"/><actor id="id790615"/><actor id="id455235"/><actor id="id131702"/><actor id="id392559"/><actor id="id721186"/><actor id="id587152"/><actor id="id522512"/><actor id="id248370"/><actor id="id730407"/><actor id="id332939"/><actor id="id640466"/><actor id="id117309"/><actor id="id744064"/><actor id="id783629"/><actor id="id600968"/><actor id="id630880"/><actor id="id716475"/><actor id="id460893"/><actor id="id710884"/><actor id="id371650"/><actor id="id992653"/><actor id="id248812"/><actor id="id704257"/><actor id="id182073"/><actor id="id273611"/><actor id="id239452"/><actor id="id604712"/><actor id="id860594"/><actor id="id736446"/><actor id="id744649"/><actor id="id657913"/><actor id="id382649"/><actor id="id190411"/><actor id="id889190"/><actor id="id158633"/><actor id="id226217"/><actor id="id242871"/><actor id="id863219"/><actor id="id202767"/><actor id="id247370"/><actor id="id815863"/><actor id="id935379"/><actor id="id783236"/><actor id="id651633"/><actor id="id571795"/><actor id="id947581"/><actor id="id577490"/><actor id="id304577"/><actor id="id252851"/><actor id="id940890"/><actor id="id193469"/><actor id="id612148"/><actor id="id256931"/><actor id="id174733"/><actor id="id261482"/><actor id="id954488"/><actor id="id229625"/><actor id="id605870"/><actor id="id870873"/><actor id="id920507"/><actor id="id174026"/><actor id="id210979"/><actor id="id110545"/><actor id="id743025"/><actor id="id334772"/><actor id="id849118"/></prototypes><scenes><scene id="id353096"/><scene id="id856318"/><scene id="id763621"/><scene id="id870390"/></scenes></game>
