<?xml version="1.0" encoding="UTF-8"?>
<scene id="id269551" GSCVersion="0.9.4" PGFVersion="0.17"><layers><layer id="id112326"><actors><actor id="id861342" prototype="id711075"><attributes><point id="position"><real id="x">515</real><real id="y">337.5</real></point><size id="size"><real id="width">1024</real><real id="height">967</real></size></attributes><aspects/></actor><actor id="id321872" prototype="id445972"><attributes><point id="position"><real id="x">-20</real><real id="y">384</real></point><size id="size"><real id="width">40</real><real id="height">768</real></size></attributes><aspects/></actor><actor id="id688667" prototype="id445972"><attributes><point id="position"><real id="x">493</real><real id="y">-18</real></point><size id="size"><real id="width">1066</real><real id="height">34</real></size></attributes><aspects/></actor><actor id="id940975" prototype="id445972"><attributes><point id="position"><real id="x">1043.5</real><real id="y">367</real></point><size id="size"><real id="width">37</real><real id="height">802</real></size></attributes><aspects/></actor><actor id="id336380" prototype="id691117"><attributes><point id="position"><real id="x">11</real><real id="y">81</real></point></attributes><aspects/></actor><actor id="id445319" prototype="id691117"><attributes><point id="position"><real id="x">11</real><real id="y">101</real></point></attributes><aspects/></actor><actor id="id881386" prototype="id691117"><attributes><point id="position"><real id="x">27</real><real id="y">91</real></point></attributes><aspects/></actor><actor id="id531859" prototype="id691117"><attributes><point id="position"><real id="x">46</real><real id="y">94</real></point></attributes><aspects/></actor><actor id="id455229" prototype="id691117"><attributes><point id="position"><real id="x">32</real><real id="y">110</real></point></attributes><aspects/></actor><actor id="id875548" prototype="id691117"><attributes><point id="position"><real id="x">14</real><real id="y">121</real></point></attributes><aspects/></actor><actor id="id828248" prototype="id691117"><attributes><point id="position"><real id="x">66</real><real id="y">89</real></point></attributes><aspects/></actor><actor id="id355748" prototype="id691117"><attributes><point id="position"><real id="x">82</real><real id="y">77</real></point></attributes><aspects/></actor><actor id="id823276" prototype="id691117"><attributes><point id="position"><real id="x">100</real><real id="y">85</real></point></attributes><aspects/></actor><actor id="id776356" prototype="id691117"><attributes><point id="position"><real id="x">167</real><real id="y">72</real></point></attributes><aspects/></actor><actor id="id846017" prototype="id691117"><attributes><point id="position"><real id="x">152</real><real id="y">86</real></point></attributes><aspects/></actor><actor id="id524095" prototype="id691117"><attributes><point id="position"><real id="x">134</real><real id="y">92</real></point></attributes><aspects/></actor><actor id="id698037" prototype="id691117"><attributes><point id="position"><real id="x">117</real><real id="y">93</real></point></attributes><aspects/></actor><actor id="id817017" prototype="id691117"><attributes><point id="position"><real id="x">83</real><real id="y">15</real></point></attributes><aspects/></actor><actor id="id776034" prototype="id691117"><attributes><point id="position"><real id="x">83</real><real id="y">97</real></point></attributes><aspects/></actor><actor id="id933665" prototype="id691117"><attributes><point id="position"><real id="x">181</real><real id="y">86</real></point></attributes><aspects/></actor><actor id="id684961" prototype="id691117"><attributes><point id="position"><real id="x">202</real><real id="y">90</real></point></attributes><aspects/></actor><actor id="id665821" prototype="id691117"><attributes><point id="position"><real id="x">223</real><real id="y">88</real></point></attributes><aspects/></actor><actor id="id445810" prototype="id691117"><attributes><point id="position"><real id="x">242</real><real id="y">76</real></point></attributes><aspects/></actor><actor id="id907464" prototype="id691117"><attributes><point id="position"><real id="x">261</real><real id="y">85</real></point></attributes><aspects/></actor><actor id="id840528" prototype="id691117"><attributes><point id="position"><real id="x">14</real><real id="y">14</real></point></attributes><aspects/></actor><actor id="id998707" prototype="id691117"><attributes><point id="position"><real id="x">167</real><real id="y">15</real></point></attributes><aspects/></actor><actor id="id278151" prototype="id691117"><attributes><point id="position"><real id="x">328</real><real id="y">69</real></point></attributes><aspects/></actor><actor id="id700853" prototype="id691117"><attributes><point id="position"><real id="x">314</real><real id="y">84</real></point></attributes><aspects/></actor><actor id="id341379" prototype="id691117"><attributes><point id="position"><real id="x">290</real><real id="y">91</real></point></attributes><aspects/></actor><actor id="id542631" prototype="id691117"><attributes><point id="position"><real id="x">337</real><real id="y">85</real></point></attributes><aspects/></actor><actor id="id503483" prototype="id691117"><attributes><point id="position"><real id="x">247</real><real id="y">13</real></point></attributes><aspects/></actor><actor id="id206181" prototype="id691117"><attributes><point id="position"><real id="x">327</real><real id="y">15</real></point></attributes><aspects/></actor><actor id="id754288" prototype="id691117"><attributes><point id="position"><real id="x">359</real><real id="y">89</real></point></attributes><aspects/></actor><actor id="id373178" prototype="id691117"><attributes><point id="position"><real id="x">381</real><real id="y">90</real></point></attributes><aspects/></actor><actor id="id928695" prototype="id691117"><attributes><point id="position"><real id="x">408</real><real id="y">70</real></point></attributes><aspects/></actor><actor id="id305520" prototype="id691117"><attributes><point id="position"><real id="x">403</real><real id="y">91</real></point></attributes><aspects/></actor><actor id="id305157" prototype="id691117"><attributes><point id="position"><real id="x">424</real><real id="y">93</real></point></attributes><aspects/></actor><actor id="id895562" prototype="id691117"><attributes><point id="position"><real id="x">407</real><real id="y">16</real></point></attributes><aspects/></actor><actor id="id193607" prototype="id691117"><attributes><point id="position"><real id="x">444</real><real id="y">96</real></point></attributes><aspects/></actor><actor id="id990610" prototype="id691117"><attributes><point id="position"><real id="x">464</real><real id="y">96</real></point></attributes><aspects/></actor><actor id="id417777" prototype="id691117"><attributes><point id="position"><real id="x">480</real><real id="y">79</real></point></attributes><aspects/></actor><actor id="id796825" prototype="id691117"><attributes><point id="position"><real id="x">485</real><real id="y">99</real></point></attributes><aspects/></actor><actor id="id455219" prototype="id691117"><attributes><point id="position"><real id="x">507</real><real id="y">100</real></point></attributes><aspects/></actor><actor id="id886914" prototype="id691117"><attributes><point id="position"><real id="x">526</real><real id="y">91</real></point></attributes><aspects/></actor><actor id="id328139" prototype="id691117"><attributes><point id="position"><real id="x">487</real><real id="y">15</real></point></attributes><aspects/></actor><actor id="id352093" prototype="id691117"><attributes><point id="position"><real id="x">550</real><real id="y">86</real></point></attributes><aspects/></actor><actor id="id966686" prototype="id691117"><attributes><point id="position"><real id="x">539</real><real id="y">105</real></point></attributes><aspects/></actor><actor id="id757599" prototype="id691117"><attributes><point id="position"><real id="x">567</real><real id="y">73</real></point></attributes><aspects/></actor><actor id="id754140" prototype="id691117"><attributes><point id="position"><real id="x">560</real><real id="y">105</real></point></attributes><aspects/></actor><actor id="id276274" prototype="id691117"><attributes><point id="position"><real id="x">583</real><real id="y">86</real></point></attributes><aspects/></actor><actor id="id978897" prototype="id691117"><attributes><point id="position"><real id="x">581</real><real id="y">105</real></point></attributes><aspects/></actor><actor id="id849266" prototype="id691117"><attributes><point id="position"><real id="x">567</real><real id="y">15</real></point></attributes><aspects/></actor><actor id="id359626" prototype="id691117"><attributes><point id="position"><real id="x">601</real><real id="y">105</real></point></attributes><aspects/></actor><actor id="id455374" prototype="id691117"><attributes><point id="position"><real id="x">620</real><real id="y">104</real></point></attributes><aspects/></actor><actor id="id816256" prototype="id691117"><attributes><point id="position"><real id="x">647</real><real id="y">72</real></point></attributes><aspects/></actor><actor id="id348961" prototype="id691117"><attributes><point id="position"><real id="x">642</real><real id="y">103</real></point></attributes><aspects/></actor><actor id="id126655" prototype="id691117"><attributes><point id="position"><real id="x">613</real><real id="y">88</real></point></attributes><aspects/></actor><actor id="id515443" prototype="id691117"><attributes><point id="position"><real id="x">497</real><real id="y">75</real></point></attributes><aspects/></actor><actor id="id294644" prototype="id691117"><attributes><point id="position"><real id="x">522</real><real id="y">103</real></point></attributes><aspects/></actor><actor id="id386440" prototype="id691117"><attributes><point id="position"><real id="x">647</real><real id="y">15</real></point></attributes><aspects/></actor><actor id="id251992" prototype="id691117"><attributes><point id="position"><real id="x">663</real><real id="y">103</real></point></attributes><aspects/></actor><actor id="id508169" prototype="id691117"><attributes><point id="position"><real id="x">619</real><real id="y">62</real></point></attributes><aspects/></actor><actor id="id606237" prototype="id691117"><attributes><point id="position"><real id="x">685</real><real id="y">104</real></point></attributes><aspects/></actor><actor id="id173479" prototype="id691117"><attributes><point id="position"><real id="x">705</real><real id="y">104</real></point></attributes><aspects/></actor><actor id="id361961" prototype="id691117"><attributes><point id="position"><real id="x">714</real><real id="y">82</real></point></attributes><aspects/></actor><actor id="id674498" prototype="id691117"><attributes><point id="position"><real id="x">727</real><real id="y">104</real></point></attributes><aspects/></actor><actor id="id842831" prototype="id691117"><attributes><point id="position"><real id="x">745</real><real id="y">103</real></point></attributes><aspects/></actor><actor id="id153026" prototype="id691117"><attributes><point id="position"><real id="x">732</real><real id="y">76</real></point></attributes><aspects/></actor><actor id="id638413" prototype="id691117"><attributes><point id="position"><real id="x">727</real><real id="y">16</real></point></attributes><aspects/></actor><actor id="id289898" prototype="id691117"><attributes><point id="position"><real id="x">767</real><real id="y">101</real></point></attributes><aspects/></actor><actor id="id844192" prototype="id691117"><attributes><point id="position"><real id="x">788</real><real id="y">99</real></point></attributes><aspects/></actor><actor id="id614059" prototype="id691117"><attributes><point id="position"><real id="x">807</real><real id="y">70</real></point></attributes><aspects/></actor><actor id="id100028" prototype="id691117"><attributes><point id="position"><real id="x">814</real><real id="y">96</real></point></attributes><aspects/></actor><actor id="id426063" prototype="id691117"><attributes><point id="position"><real id="x">833</real><real id="y">95</real></point></attributes><aspects/></actor><actor id="id560525" prototype="id691117"><attributes><point id="position"><real id="x">854</real><real id="y">93</real></point></attributes><aspects/></actor><actor id="id154696" prototype="id691117"><attributes><point id="position"><real id="x">872</real><real id="y">89</real></point></attributes><aspects/></actor><actor id="id679467" prototype="id691117"><attributes><point id="position"><real id="x">893</real><real id="y">87</real></point></attributes><aspects/></actor><actor id="id531674" prototype="id691117"><attributes><point id="position"><real id="x">915</real><real id="y">83</real></point></attributes><aspects/></actor><actor id="id735296" prototype="id691117"><attributes><point id="position"><real id="x">806</real><real id="y">15</real></point></attributes><aspects/></actor><actor id="id368622" prototype="id691117"><attributes><point id="position"><real id="x">887</real><real id="y">15</real></point></attributes><aspects/></actor><actor id="id797459" prototype="id691117"><attributes><point id="position"><real id="x">937</real><real id="y">80</real></point></attributes><aspects/></actor><actor id="id815810" prototype="id691117"><attributes><point id="position"><real id="x">959</real><real id="y">76</real></point></attributes><aspects/></actor><actor id="id793581" prototype="id691117"><attributes><point id="position"><real id="x">980</real><real id="y">72</real></point></attributes><aspects/></actor><actor id="id841538" prototype="id691117"><attributes><point id="position"><real id="x">999</real><real id="y">67</real></point></attributes><aspects/></actor><actor id="id690863" prototype="id691117"><attributes><point id="position"><real id="x">1013</real><real id="y">61</real></point></attributes><aspects/></actor><actor id="id180012" prototype="id691117"><attributes><point id="position"><real id="x">30</real><real id="y">123</real></point></attributes><aspects/></actor><actor id="id439535" prototype="id691117"><attributes><point id="position"><real id="x">55</real><real id="y">114</real></point></attributes><aspects/></actor><actor id="id306589" prototype="id691117"><attributes><point id="position"><real id="x">68</real><real id="y">111</real></point></attributes><aspects/></actor><actor id="id209210" prototype="id691117"><attributes><point id="position"><real id="x">99</real><real id="y">105</real></point><size id="size"><real id="width">30</real><real id="height">30</real></size></attributes><aspects/></actor><actor id="id102884" prototype="id691117"><attributes><point id="position"><real id="x">165</real><real id="y">96</real></point></attributes><aspects/></actor><actor id="id225540" prototype="id691117"><attributes><point id="position"><real id="x">142</real><real id="y">100</real></point></attributes><aspects/></actor><actor id="id446596" prototype="id691117"><attributes><point id="position"><real id="x">119</real><real id="y">102</real></point></attributes><aspects/></actor><actor id="id634275" prototype="id691117"><attributes><point id="position"><real id="x">82</real><real id="y">108</real></point></attributes><aspects/></actor><actor id="id243863" prototype="id691117"><attributes><point id="position"><real id="x">187</real><real id="y">95</real></point></attributes><aspects/></actor><actor id="id128007" prototype="id691117"><attributes><point id="position"><real id="x">212</real><real id="y">95</real></point></attributes><aspects/></actor><actor id="id642066" prototype="id691117"><attributes><point id="position"><real id="x">231</real><real id="y">96</real></point></attributes><aspects/></actor><actor id="id405017" prototype="id691117"><attributes><point id="position"><real id="x">247</real><real id="y">97</real></point></attributes><aspects/></actor><actor id="id438101" prototype="id691117"><attributes><point id="position"><real id="x">265</real><real id="y">98</real></point></attributes><aspects/></actor><actor id="id357577" prototype="id691117"><attributes><point id="position"><real id="x">284</real><real id="y">99</real></point></attributes><aspects/></actor><actor id="id663045" prototype="id691117"><attributes><point id="position"><real id="x">301</real><real id="y">101</real></point></attributes><aspects/></actor><actor id="id647970" prototype="id691117"><attributes><point id="position"><real id="x">318</real><real id="y">102</real></point></attributes><aspects/></actor><actor id="id302264" prototype="id691117"><attributes><point id="position"><real id="x">18</real><real id="y">64</real></point></attributes><aspects/></actor><actor id="id263427" prototype="id691117"><attributes><point id="position"><real id="x">39</real><real id="y">69</real></point></attributes><aspects/></actor><actor id="id877284" prototype="id691117"><attributes><point id="position"><real id="x">15</real><real id="y">45</real></point></attributes><aspects/></actor><actor id="id187203" prototype="id691117"><attributes><point id="position"><real id="x">39</real><real id="y">17</real></point></attributes><aspects/></actor><actor id="id877502" prototype="id691117"><attributes><point id="position"><real id="x">342</real><real id="y">95</real></point></attributes><aspects/></actor><actor id="id456626" prototype="id691117"><attributes><point id="position"><real id="x">39</real><real id="y">44</real></point></attributes><aspects/></actor><actor id="id964930" prototype="id691117"><attributes><point id="position"><real id="x">65</real><real id="y">18</real></point></attributes><aspects/></actor><actor id="id736243" prototype="id691117"><attributes><point id="position"><real id="x">62</real><real id="y">45</real></point></attributes><aspects/></actor><actor id="id665910" prototype="id691117"><attributes><point id="position"><real id="x">68</real><real id="y">67</real></point></attributes><aspects/></actor><actor id="id538051" prototype="id691117"><attributes><point id="position"><real id="x">55</real><real id="y">33</real></point></attributes><aspects/></actor><actor id="id709053" prototype="id691117"><attributes><point id="position"><real id="x">57</real><real id="y">65</real></point></attributes><aspects/></actor><actor id="id919681" prototype="id691117"><attributes><point id="position"><real id="x">49</real><real id="y">88</real></point></attributes><aspects/></actor><actor id="id845178" prototype="id691117"><attributes><point id="position"><real id="x">1008</real><real id="y">41</real></point></attributes><aspects/></actor><actor id="id650060" prototype="id691117"><attributes><point id="position"><real id="x">1009</real><real id="y">24</real></point></attributes><aspects/></actor><actor id="id683443" prototype="id691117"><attributes><point id="position"><real id="x">1007</real><real id="y">16</real></point></attributes><aspects/></actor><actor id="id989832" prototype="id691117"><attributes><point id="position"><real id="x">875</real><real id="y">65</real></point></attributes><aspects/></actor><actor id="id959695" prototype="id691117"><attributes><point id="position"><real id="x">899</real><real id="y">63</real></point></attributes><aspects/></actor><actor id="id290890" prototype="id691117"><attributes><point id="position"><real id="x">923</real><real id="y">63</real></point></attributes><aspects/></actor><actor id="id736250" prototype="id691117"><attributes><point id="position"><real id="x">947</real><real id="y">54</real></point></attributes><aspects/></actor><actor id="id641901" prototype="id691117"><attributes><point id="position"><real id="x">968</real><real id="y">53</real></point></attributes><aspects/></actor><actor id="id432312" prototype="id691117"><attributes><point id="position"><real id="x">983</real><real id="y">47</real></point></attributes><aspects/></actor><actor id="id509241" prototype="id691117"><attributes><point id="position"><real id="x">986</real><real id="y">26</real></point></attributes><aspects/></actor><actor id="id151031" prototype="id691117"><attributes><point id="position"><real id="x">965</real><real id="y">29</real></point></attributes><aspects/></actor><actor id="id201192" prototype="id691117"><attributes><point id="position"><real id="x">942</real><real id="y">36</real></point></attributes><aspects/></actor><actor id="id890036" prototype="id691117"><attributes><point id="position"><real id="x">978</real><real id="y">15</real></point><size id="size"><real id="width">30</real><real id="height">30</real></size></attributes><aspects/></actor><actor id="id882407" prototype="id691117"><attributes><point id="position"><real id="x">997</real><real id="y">15</real></point></attributes><aspects/></actor><actor id="id503979" prototype="id691117"><attributes><point id="position"><real id="x">953</real><real id="y">15</real></point></attributes><aspects/></actor><actor id="id853687" prototype="id691117"><attributes><point id="position"><real id="x">929</real><real id="y">40</real></point></attributes><aspects/></actor><actor id="id481075" prototype="id691117"><attributes><point id="position"><real id="x">906</real><real id="y">44</real></point></attributes><aspects/></actor><actor id="id543696" prototype="id691117"><attributes><point id="position"><real id="x">930</real><real id="y">19</real></point></attributes><aspects/></actor><actor id="id685152" prototype="id691117"><attributes><point id="position"><real id="x">913</real><real id="y">23</real></point></attributes><aspects/></actor><actor id="id271514" prototype="id691117"><attributes><point id="position"><real id="x">906</real><real id="y">15</real></point></attributes><aspects/></actor><actor id="id817521" prototype="id691117"><attributes><point id="position"><real id="x">886</real><real id="y">37</real></point></attributes><aspects/></actor><actor id="id173294" prototype="id691117"><attributes><point id="position"><real id="x">899</real><real id="y">30</real></point></attributes><aspects/></actor><actor id="id857372" prototype="id691117"><attributes><point id="position"><real id="x">879</real><real id="y">59</real></point><size id="size"><real id="width">32</real><real id="height">30</real></size></attributes><aspects/></actor><actor id="id113250" prototype="id691117"><attributes><point id="position"><real id="x">859</real><real id="y">66</real></point></attributes><aspects/></actor><actor id="id885309" prototype="id691117"><attributes><point id="position"><real id="x">843</real><real id="y">73</real></point><size id="size"><real id="width">30</real><real id="height">30</real></size></attributes><aspects/></actor><actor id="id565371" prototype="id691117"><attributes><point id="position"><real id="x">822</real><real id="y">77</real></point></attributes><aspects/></actor><actor id="id476525" prototype="id691117"><attributes><point id="position"><real id="x">840</real><real id="y">52</real></point></attributes><aspects/></actor><actor id="id893433" prototype="id691117"><attributes><point id="position"><real id="x">863</real><real id="y">41</real></point></attributes><aspects/></actor><actor id="id864420" prototype="id691117"><attributes><point id="position"><real id="x">867</real><real id="y">20</real></point></attributes><aspects/></actor><actor id="id574317" prototype="id691117"><attributes><point id="position"><real id="x">848</real><real id="y">30</real></point></attributes><aspects/></actor><actor id="id261956" prototype="id691117"><attributes><point id="position"><real id="x">795</real><real id="y">78</real></point></attributes><aspects/></actor><actor id="id425739" prototype="id691117"><attributes><point id="position"><real id="x">781</real><real id="y">81</real></point></attributes><aspects/></actor><actor id="id761573" prototype="id691117"><attributes><point id="position"><real id="x">764</real><real id="y">82</real></point></attributes><aspects/></actor><actor id="id728146" prototype="id691117"><attributes><point id="position"><real id="x">743</real><real id="y">82</real></point></attributes><aspects/></actor><actor id="id392670" prototype="id691117"><attributes><point id="position"><real id="x">821</real><real id="y">57</real></point></attributes><aspects/></actor><actor id="id985879" prototype="id691117"><attributes><point id="position"><real id="x">827</real><real id="y">34</real></point></attributes><aspects/></actor><actor id="id696459" prototype="id691117"><attributes><point id="position"><real id="x">806</real><real id="y">37</real></point></attributes><aspects/></actor><actor id="id407142" prototype="id691117"><attributes><point id="position"><real id="x">793</real><real id="y">56</real></point></attributes><aspects/></actor><actor id="id246028" prototype="id691117"><attributes><point id="position"><real id="x">774</real><real id="y">61</real></point></attributes><aspects/></actor><actor id="id513021" prototype="id691117"><attributes><point id="position"><real id="x">755</real><real id="y">64</real></point></attributes><aspects/></actor><actor id="id984461" prototype="id691117"><attributes><point id="position"><real id="x">693</real><real id="y">84</real></point></attributes><aspects/></actor><actor id="id733665" prototype="id691117"><attributes><point id="position"><real id="x">672</real><real id="y">80</real></point></attributes><aspects/></actor><actor id="id279765" prototype="id691117"><attributes><point id="position"><real id="x">652</real><real id="y">82</real></point></attributes><aspects/></actor><actor id="id939725" prototype="id691117"><attributes><point id="position"><real id="x">628</real><real id="y">83</real></point></attributes><aspects/></actor><actor id="id786967" prototype="id691117"><attributes><point id="position"><real id="x">835</real><real id="y">15</real></point></attributes><aspects/></actor><actor id="id200736" prototype="id691117"><attributes><point id="position"><real id="x">784</real><real id="y">36</real></point></attributes><aspects/></actor><actor id="id371895" prototype="id691117"><attributes><point id="position"><real id="x">763</real><real id="y">40</real></point></attributes><aspects/></actor><actor id="id258347" prototype="id691117"><attributes><point id="position"><real id="x">744</real><real id="y">48</real></point></attributes><aspects/></actor><actor id="id831994" prototype="id691117"><attributes><point id="position"><real id="x">728</real><real id="y">56</real></point></attributes><aspects/></actor><actor id="id901175" prototype="id691117"><attributes><point id="position"><real id="x">705</real><real id="y">61</real></point></attributes><aspects/></actor><actor id="id320976" prototype="id691117"><attributes><point id="position"><real id="x">681</real><real id="y">60</real></point></attributes><aspects/></actor><actor id="id906902" prototype="id691117"><attributes><point id="position"><real id="x">694</real><real id="y">42</real></point></attributes><aspects/></actor><actor id="id789423" prototype="id691117"><attributes><point id="position"><real id="x">660</real><real id="y">58</real></point></attributes><aspects/></actor><actor id="id172374" prototype="id691117"><attributes><point id="position"><real id="x">715</real><real id="y">61</real></point></attributes><aspects/></actor><actor id="id881951" prototype="id691117"><attributes><point id="position"><real id="x">718</real><real id="y">35</real></point></attributes><aspects/></actor><actor id="id612330" prototype="id691117"><attributes><point id="position"><real id="x">733</real><real id="y">29</real></point></attributes><aspects/></actor><actor id="id912869" prototype="id691117"><attributes><point id="position"><real id="x">753</real><real id="y">18</real></point></attributes><aspects/></actor><actor id="id590458" prototype="id691117"><attributes><point id="position"><real id="x">769</real><real id="y">22</real></point></attributes><aspects/></actor><actor id="id362197" prototype="id691117"><attributes><point id="position"><real id="x">774</real><real id="y">17</real></point></attributes><aspects/></actor><actor id="id644554" prototype="id691117"><attributes><point id="position"><real id="x">790</real><real id="y">17</real></point></attributes><aspects/></actor><actor id="id317980" prototype="id691117"><attributes><point id="position"><real id="x">816</real><real id="y">17</real></point></attributes><aspects/></actor><actor id="id651209" prototype="id691117"><attributes><point id="position"><real id="x">856</real><real id="y">17</real></point></attributes><aspects/></actor><actor id="id930660" prototype="id691117"><attributes><point id="position"><real id="x">708</real><real id="y">17</real></point></attributes><aspects/></actor><actor id="id930894" prototype="id691117"><attributes><point id="position"><real id="x">687</real><real id="y">17</real></point></attributes><aspects/></actor><actor id="id983550" prototype="id691117"><attributes><point id="position"><real id="x">669</real><real id="y">35</real></point></attributes><aspects/></actor><actor id="id304168" prototype="id691117"><attributes><point id="position"><real id="x">652</real><real id="y">35</real></point></attributes><aspects/></actor><actor id="id616569" prototype="id691117"><attributes><point id="position"><real id="x">638</real><real id="y">49</real></point></attributes><aspects/></actor><actor id="id914782" prototype="id691117"><attributes><point id="position"><real id="x">623</real><real id="y">64</real></point></attributes><aspects/></actor><actor id="id793382" prototype="id691117"><attributes><point id="position"><real id="x">599</real><real id="y">77</real></point></attributes><aspects/></actor><actor id="id230998" prototype="id691117"><attributes><point id="position"><real id="x">564</real><real id="y">84</real></point></attributes><aspects/></actor><actor id="id178126" prototype="id691117"><attributes><point id="position"><real id="x">587</real><real id="y">60</real></point></attributes><aspects/></actor><actor id="id549432" prototype="id691117"><attributes><point id="position"><real id="x">602</real><real id="y">49</real></point></attributes><aspects/></actor><actor id="id410673" prototype="id691117"><attributes><point id="position"><real id="x">623</real><real id="y">32</real></point></attributes><aspects/></actor><actor id="id225018" prototype="id691117"><attributes><point id="position"><real id="x">666</real><real id="y">17</real></point></attributes><aspects/></actor><actor id="id334374" prototype="id691117"><attributes><point id="position"><real id="x">636</real><real id="y">22</real></point></attributes><aspects/></actor><actor id="id708034" prototype="id691117"><attributes><point id="position"><real id="x">620</real><real id="y">43</real></point></attributes><aspects/></actor><actor id="id410823" prototype="id691117"><attributes><point id="position"><real id="x">514</real><real id="y">76</real></point></attributes><aspects/></actor><actor id="id381017" prototype="id691117"><attributes><point id="position"><real id="x">539</real><real id="y">68</real></point></attributes><aspects/></actor><actor id="id757481" prototype="id691117"><attributes><point id="position"><real id="x">556</real><real id="y">53</real></point></attributes><aspects/></actor><actor id="id750418" prototype="id691117"><attributes><point id="position"><real id="x">574</real><real id="y">47</real></point></attributes><aspects/></actor><actor id="id714876" prototype="id691117"><attributes><point id="position"><real id="x">584</real><real id="y">27</real></point></attributes><aspects/></actor><actor id="id270183" prototype="id691117"><attributes><point id="position"><real id="x">605</real><real id="y">24</real></point></attributes><aspects/></actor><actor id="id523424" prototype="id691117"><attributes><point id="position"><real id="x">589</real><real id="y">15</real></point></attributes><aspects/></actor><actor id="id993415" prototype="id691117"><attributes><point id="position"><real id="x">613</real><real id="y">15</real></point></attributes><aspects/></actor><actor id="id403758" prototype="id691117"><attributes><point id="position"><real id="x">636</real><real id="y">16</real></point></attributes><aspects/></actor><actor id="id430101" prototype="id691117"><attributes><point id="position"><real id="x">560</real><real id="y">30</real></point></attributes><aspects/></actor><actor id="id507244" prototype="id691117"><attributes><point id="position"><real id="x">541</real><real id="y">38</real></point></attributes><aspects/></actor><actor id="id662147" prototype="id691117"><attributes><point id="position"><real id="x">524</real><real id="y">54</real></point></attributes><aspects/></actor><actor id="id594892" prototype="id691117"><attributes><point id="position"><real id="x">505</real><real id="y">53</real></point></attributes><aspects/></actor><actor id="id293339" prototype="id691117"><attributes><point id="position"><real id="x">480</real><real id="y">56</real></point></attributes><aspects/></actor><actor id="id789443" prototype="id691117"><attributes><point id="position"><real id="x">459</real><real id="y">70</real></point></attributes><aspects/></actor><actor id="id793954" prototype="id691117"><attributes><point id="position"><real id="x">446</real><real id="y">73</real></point></attributes><aspects/></actor><actor id="id837628" prototype="id691117"><attributes><point id="position"><real id="x">424</real><real id="y">70</real></point></attributes><aspects/></actor><actor id="id980925" prototype="id691117"><attributes><point id="position"><real id="x">441</real><real id="y">49</real></point></attributes><aspects/></actor><actor id="id872802" prototype="id691117"><attributes><point id="position"><real id="x">461</real><real id="y">48</real></point></attributes><aspects/></actor><actor id="id447070" prototype="id691117"><attributes><point id="position"><real id="x">487</real><real id="y">37</real></point></attributes><aspects/></actor><actor id="id168083" prototype="id691117"><attributes><point id="position"><real id="x">504</real><real id="y">30</real></point></attributes><aspects/></actor><actor id="id733912" prototype="id691117"><attributes><point id="position"><real id="x">522</real><real id="y">30</real></point></attributes><aspects/></actor><actor id="id844903" prototype="id691117"><attributes><point id="position"><real id="x">507</real><real id="y">15</real></point></attributes><aspects/></actor><actor id="id810858" prototype="id691117"><attributes><point id="position"><real id="x">527</real><real id="y">17</real></point></attributes><aspects/></actor><actor id="id560016" prototype="id691117"><attributes><point id="position"><real id="x">547</real><real id="y">15</real></point></attributes><aspects/></actor><actor id="id713542" prototype="id691117"><attributes><point id="position"><real id="x">455</real><real id="y">98</real></point></attributes><aspects/></actor><actor id="id592504" prototype="id691117"><attributes><point id="position"><real id="x">471</real><real id="y">99</real></point></attributes><aspects/></actor><actor id="id698781" prototype="id691117"><attributes><point id="position"><real id="x">498</real><real id="y">100</real></point></attributes><aspects/></actor><actor id="id161307" prototype="id691117"><attributes><point id="position"><real id="x">551</real><real id="y">106</real></point></attributes><aspects/></actor><actor id="id214664" prototype="id691117"><attributes><point id="position"><real id="x">571</real><real id="y">105</real></point></attributes><aspects/></actor><actor id="id902880" prototype="id691117"><attributes><point id="position"><real id="x">630</real><real id="y">104</real></point></attributes><aspects/></actor><actor id="id750261" prototype="id691117"><attributes><point id="position"><real id="x">674</real><real id="y">104</real></point></attributes><aspects/></actor><actor id="id834970" prototype="id691117"><attributes><point id="position"><real id="x">470</real><real id="y">27</real></point></attributes><aspects/></actor><actor id="id189679" prototype="id691117"><attributes><point id="position"><real id="x">390</real><real id="y">70</real></point></attributes><aspects/></actor><actor id="id417455" prototype="id691117"><attributes><point id="position"><real id="x">433</real><real id="y">28</real></point></attributes><aspects/></actor><actor id="id622846" prototype="id691117"><attributes><point id="position"><real id="x">431</real><real id="y">17</real></point></attributes><aspects/></actor><actor id="id747472" prototype="id691117"><attributes><point id="position"><real id="x">451</real><real id="y">25</real></point></attributes><aspects/></actor><actor id="id422678" prototype="id691117"><attributes><point id="position"><real id="x">452</real><real id="y">15</real></point></attributes><aspects/></actor><actor id="id945103" prototype="id691117"><attributes><point id="position"><real id="x">469</real><real id="y">17</real></point></attributes><aspects/></actor><actor id="id995238" prototype="id691117"><attributes><point id="position"><real id="x">354</real><real id="y">69</real></point></attributes><aspects/></actor><actor id="id197605" prototype="id691117"><attributes><point id="position"><real id="x">370</real><real id="y">65</real></point></attributes><aspects/></actor><actor id="id908836" prototype="id691117"><attributes><point id="position"><real id="x">403</real><real id="y">48</real></point></attributes><aspects/></actor><actor id="id730482" prototype="id691117"><attributes><point id="position"><real id="x">419</real><real id="y">45</real></point></attributes><aspects/></actor><actor id="id877786" prototype="id691117"><attributes><point id="position"><real id="x">412</real><real id="y">26</real></point></attributes><aspects/></actor><actor id="id875452" prototype="id691117"><attributes><point id="position"><real id="x">79</real><real id="y">47</real></point></attributes><aspects/></actor><actor id="id750163" prototype="id691117"><attributes><point id="position"><real id="x">94</real><real id="y">60</real></point></attributes><aspects/></actor><actor id="id660739" prototype="id691117"><attributes><point id="position"><real id="x">115</real><real id="y">70</real></point></attributes><aspects/></actor><actor id="id262764" prototype="id691117"><attributes><point id="position"><real id="x">138</real><real id="y">67</real></point></attributes><aspects/></actor><actor id="id199386" prototype="id691117"><attributes><point id="position"><real id="x">127</real><real id="y">75</real></point></attributes><aspects/></actor><actor id="id572413" prototype="id691117"><attributes><point id="position"><real id="x">17</real><real id="y">33</real></point></attributes><aspects/></actor><actor id="id525903" prototype="id691117"><attributes><point id="position"><real id="x">33</real><real id="y">34</real></point></attributes><aspects/></actor><actor id="id962620" prototype="id691117"><attributes><point id="position"><real id="x">73</real><real id="y">32</real></point></attributes><aspects/></actor><actor id="id425527" prototype="id691117"><attributes><point id="position"><real id="x">95</real><real id="y">32</real></point></attributes><aspects/></actor><actor id="id746687" prototype="id691117"><attributes><point id="position"><real id="x">106</real><real id="y">48</real></point></attributes><aspects/></actor><actor id="id695221" prototype="id691117"><attributes><point id="position"><real id="x">129</real><real id="y">46</real></point></attributes><aspects/></actor><actor id="id385307" prototype="id691117"><attributes><point id="position"><real id="x">333</real><real id="y">98</real></point></attributes><aspects/></actor><actor id="id771200" prototype="id691117"><attributes><point id="position"><real id="x">362</real><real id="y">94</real></point></attributes><aspects/></actor><actor id="id858945" prototype="id691117"><attributes><point id="position"><real id="x">152</real><real id="y">61</real></point></attributes><aspects/></actor><actor id="id822335" prototype="id691117"><attributes><point id="position"><real id="x">194</real><real id="y">66</real></point></attributes><aspects/></actor><actor id="id397744" prototype="id691117"><attributes><point id="position"><real id="x">215</real><real id="y">65</real></point></attributes><aspects/></actor><actor id="id462083" prototype="id691117"><attributes><point id="position"><real id="x">276</real><real id="y">73</real></point></attributes><aspects/></actor><actor id="id664562" prototype="id691117"><attributes><point id="position"><real id="x">301</real><real id="y">67</real></point></attributes><aspects/></actor><actor id="id837529" prototype="id691117"><attributes><point id="position"><real id="x">286</real><real id="y">49</real></point></attributes><aspects/></actor><actor id="id436846" prototype="id691117"><attributes><point id="position"><real id="x">313</real><real id="y">47</real></point></attributes><aspects/></actor><actor id="id131057" prototype="id691117"><attributes><point id="position"><real id="x">338</real><real id="y">49</real></point></attributes><aspects/></actor><actor id="id428009" prototype="id691117"><attributes><point id="position"><real id="x">363</real><real id="y">44</real></point></attributes><aspects/></actor><actor id="id301903" prototype="id691117"><attributes><point id="position"><real id="x">385</real><real id="y">44</real></point></attributes><aspects/></actor><actor id="id329452" prototype="id691117"><attributes><point id="position"><real id="x">388</real><real id="y">25</real></point></attributes><aspects/></actor><actor id="id769705" prototype="id691117"><attributes><point id="position"><real id="x">351</real><real id="y">24</real></point></attributes><aspects/></actor><actor id="id654595" prototype="id691117"><attributes><point id="position"><real id="x">353</real><real id="y">16</real></point></attributes><aspects/></actor><actor id="id112981" prototype="id691117"><attributes><point id="position"><real id="x">371</real><real id="y">20</real></point></attributes><aspects/></actor><actor id="id941889" prototype="id691117"><attributes><point id="position"><real id="x">258</real><real id="y">58</real></point></attributes><aspects/></actor><actor id="id250415" prototype="id691117"><attributes><point id="position"><real id="x">235</real><real id="y">56</real></point></attributes><aspects/></actor><actor id="id140355" prototype="id691117"><attributes><point id="position"><real id="x">178</real><real id="y">50</real></point></attributes><aspects/></actor><actor id="id256670" prototype="id691117"><attributes><point id="position"><real id="x">107</real><real id="y">16</real></point></attributes><aspects/></actor><actor id="id976801" prototype="id691117"><attributes><point id="position"><real id="x">134</real><real id="y">17</real></point></attributes><aspects/></actor><actor id="id972526" prototype="id691117"><attributes><point id="position"><real id="x">120</real><real id="y">30</real></point></attributes><aspects/></actor><actor id="id862310" prototype="id691117"><attributes><point id="position"><real id="x">147</real><real id="y">38</real></point></attributes><aspects/></actor><actor id="id325859" prototype="id691117"><attributes><point id="position"><real id="x">163</real><real id="y">38</real></point></attributes><aspects/></actor><actor id="id330674" prototype="id691117"><attributes><point id="position"><real id="x">180</real><real id="y">30</real></point></attributes><aspects/></actor><actor id="id795159" prototype="id691117"><attributes><point id="position"><real id="x">198</real><real id="y">50</real></point></attributes><aspects/></actor><actor id="id344066" prototype="id691117"><attributes><point id="position"><real id="x">220</real><real id="y">39</real></point></attributes><aspects/></actor><actor id="id982632" prototype="id691117"><attributes><point id="position"><real id="x">247</real><real id="y">37</real></point></attributes><aspects/></actor><actor id="id703271" prototype="id691117"><attributes><point id="position"><real id="x">269</real><real id="y">43</real></point></attributes><aspects/></actor><actor id="id663269" prototype="id691117"><attributes><point id="position"><real id="x">272</real><real id="y">56</real></point></attributes><aspects/></actor><actor id="id148057" prototype="id691117"><attributes><point id="position"><real id="x">269</real><real id="y">22</real></point></attributes><aspects/></actor><actor id="id263505" prototype="id691117"><attributes><point id="position"><real id="x">293</real><real id="y">29</real></point></attributes><aspects/></actor><actor id="id939140" prototype="id691117"><attributes><point id="position"><real id="x">314</real><real id="y">30</real></point></attributes><aspects/></actor><actor id="id575654" prototype="id691117"><attributes><point id="position"><real id="x">331</real><real id="y">28</real></point></attributes><aspects/></actor><actor id="id179756" prototype="id691117"><attributes><point id="position"><real id="x">204</real><real id="y">27</real></point></attributes><aspects/></actor><actor id="id554645" prototype="id691117"><attributes><point id="position"><real id="x">227</real><real id="y">21</real></point></attributes><aspects/></actor><actor id="id219466" prototype="id691117"><attributes><point id="position"><real id="x">152</real><real id="y">17</real></point></attributes><aspects/></actor><actor id="id676758" prototype="id691117"><attributes><point id="position"><real id="x">187</real><real id="y">16</real></point></attributes><aspects/></actor><actor id="id406099" prototype="id691117"><attributes><point id="position"><real id="x">206</real><real id="y">16</real></point></attributes><aspects/></actor><actor id="id134956" prototype="id691117"><attributes><point id="position"><real id="x">269</real><real id="y">16</real></point></attributes><aspects/></actor><actor id="id651480" prototype="id691117"><attributes><point id="position"><real id="x">292</real><real id="y">16</real></point></attributes><aspects/></actor><actor id="id262906" prototype="id691117"><attributes><point id="position"><real id="x">309</real><real id="y">16</real></point></attributes><aspects/></actor><actor id="id873902" prototype="id691117"><attributes><point id="position"><real id="x">341</real><real id="y">16</real></point></attributes><aspects/></actor><actor id="id141998" prototype="id691117"><attributes><point id="position"><real id="x">369</real><real id="y">16</real></point></attributes><aspects/></actor><actor id="id707277" prototype="id691117"><attributes><point id="position"><real id="x">389</real><real id="y">16</real></point></attributes><aspects/></actor><actor id="id162769" prototype="id691117"><attributes><point id="position"><real id="x">337</real><real id="y">109</real></point></attributes><aspects/></actor><actor id="id778900" prototype="id691117"><attributes><point id="position"><real id="x">361</real><real id="y">112</real></point></attributes><aspects/></actor><actor id="id426674" prototype="id691117"><attributes><point id="position"><real id="x">386</real><real id="y">118</real></point></attributes><aspects/></actor><actor id="id929966" prototype="id691117"><attributes><point id="position"><real id="x">413</real><real id="y">123</real></point></attributes><aspects/></actor><actor id="id585657" prototype="id691117"><attributes><point id="position"><real id="x">439</real><real id="y">130</real></point></attributes><aspects/></actor><actor id="id394400" prototype="id691117"><attributes><point id="position"><real id="x">464</real><real id="y">132</real></point></attributes><aspects/></actor><actor id="id122931" prototype="id691117"><attributes><point id="position"><real id="x">488</real><real id="y">136</real></point></attributes><aspects/></actor><actor id="id365586" prototype="id691117"><attributes><point id="position"><real id="x">515</real><real id="y">139</real></point></attributes><aspects/></actor><actor id="id606797" prototype="id691117"><attributes><point id="position"><real id="x">541</real><real id="y">140</real></point></attributes><aspects/></actor><actor id="id332042" prototype="id691117"><attributes><point id="position"><real id="x">565</real><real id="y">144</real></point></attributes><aspects/></actor><actor id="id976806" prototype="id691117"><attributes><point id="position"><real id="x">591</real><real id="y">150</real></point><size id="size"><real id="width">30</real><real id="height">30</real></size></attributes><aspects/></actor><actor id="id822811" prototype="id691117"><attributes><point id="position"><real id="x">614</real><real id="y">147</real></point><size id="size"><real id="width">30</real><real id="height">30</real></size></attributes><aspects/></actor><actor id="id527190" prototype="id691117"><attributes><point id="position"><real id="x">638</real><real id="y">154</real></point><size id="size"><real id="width">30</real><real id="height">30</real></size></attributes><aspects/></actor><actor id="id678920" prototype="id691117"><attributes><point id="position"><real id="x">661</real><real id="y">151</real></point><size id="size"><real id="width">30</real><real id="height">30</real></size></attributes><aspects/></actor><actor id="id778638" prototype="id691117"><attributes><point id="position"><real id="x">682</real><real id="y">154</real></point><size id="size"><real id="width">30</real><real id="height">30</real></size></attributes><aspects/></actor><actor id="id716030" prototype="id691117"><attributes><point id="position"><real id="x">702</real><real id="y">144</real></point><size id="size"><real id="width">30</real><real id="height">30</real></size></attributes><aspects/></actor><actor id="id800568" prototype="id691117"><attributes><point id="position"><real id="x">721</real><real id="y">143</real></point><size id="size"><real id="width">30</real><real id="height">30</real></size></attributes><aspects/></actor><actor id="id153064" prototype="id691117"><attributes><point id="position"><real id="x">740</real><real id="y">151.5</real></point><size id="size"><real id="width">30</real><real id="height">31</real></size></attributes><aspects/></actor><actor id="id397789" prototype="id691117"><attributes><point id="position"><real id="x">761</real><real id="y">151</real></point><size id="size"><real id="width">30</real><real id="height">30</real></size></attributes><aspects/></actor><actor id="id854910" prototype="id691117"><attributes><point id="position"><real id="x">781</real><real id="y">151</real></point><size id="size"><real id="width">30</real><real id="height">30</real></size></attributes><aspects/></actor><actor id="id518719" prototype="id691117"><attributes><point id="position"><real id="x">803</real><real id="y">141</real></point><size id="size"><real id="width">30</real><real id="height">30</real></size></attributes><aspects/></actor><actor id="id948720" prototype="id691117"><attributes><point id="position"><real id="x">823</real><real id="y">139</real></point><size id="size"><real id="width">30</real><real id="height">30</real></size></attributes><aspects/></actor><actor id="id196056" prototype="id691117"><attributes><point id="position"><real id="x">847</real><real id="y">137</real></point><size id="size"><real id="width">30</real><real id="height">30</real></size></attributes><aspects/></actor><actor id="id239664" prototype="id691117"><attributes><point id="position"><real id="x">868</real><real id="y">131</real></point><size id="size"><real id="width">30</real><real id="height">30</real></size></attributes><aspects/></actor><actor id="id855968" prototype="id691117"><attributes><point id="position"><real id="x">891</real><real id="y">127</real></point><size id="size"><real id="width">30</real><real id="height">30</real></size></attributes><aspects/></actor><actor id="id613671" prototype="id691117"><attributes><point id="position"><real id="x">916</real><real id="y">121</real></point><size id="size"><real id="width">30</real><real id="height">30</real></size></attributes><aspects/></actor><actor id="id412654" prototype="id691117"><attributes><point id="position"><real id="x">936</real><real id="y">117</real></point><size id="size"><real id="width">30</real><real id="height">30</real></size></attributes><aspects/></actor><actor id="id913862" prototype="id691117"><attributes><point id="position"><real id="x">957</real><real id="y">108</real></point><size id="size"><real id="width">30</real><real id="height">30</real></size></attributes><aspects/></actor><actor id="id866131" prototype="id691117"><attributes><point id="position"><real id="x">980</real><real id="y">95</real></point><size id="size"><real id="width">30</real><real id="height">30</real></size></attributes><aspects/></actor><actor id="id579113" prototype="id691117"><attributes><point id="position"><real id="x">999</real><real id="y">85</real></point><size id="size"><real id="width">30</real><real id="height">30</real></size></attributes><aspects/></actor><actor id="id446866" prototype="id691117"><attributes><point id="position"><real id="x">1015</real><real id="y">71</real></point><size id="size"><real id="width">30</real><real id="height">30</real></size></attributes><aspects/></actor><actor id="id817899" prototype="id691117"><attributes><point id="position"><real id="x">780</real><real id="y">116</real></point></attributes><aspects/></actor><actor id="id447541" prototype="id691117"><attributes><point id="position"><real id="x">379</real><real id="y">105</real></point></attributes><aspects/></actor><actor id="id575339" prototype="id691117"><attributes><point id="position"><real id="x">403</real><real id="y">103</real></point></attributes><aspects/></actor><actor id="id820985" prototype="id691117"><attributes><point id="position"><real id="x">428</real><real id="y">111</real></point></attributes><aspects/></actor><actor id="id666281" prototype="id691117"><attributes><point id="position"><real id="x">451</real><real id="y">115</real></point></attributes><aspects/></actor><actor id="id999876" prototype="id691117"><attributes><point id="position"><real id="x">479</real><real id="y">117</real></point></attributes><aspects/></actor><actor id="id721724" prototype="id691117"><attributes><point id="position"><real id="x">504</real><real id="y">124</real></point><size id="size"><real id="width">30</real><real id="height">30</real></size></attributes><aspects/></actor><actor id="id118372" prototype="id691117"><attributes><point id="position"><real id="x">523</real><real id="y">124</real></point></attributes><aspects/></actor><actor id="id309769" prototype="id691117"><attributes><point id="position"><real id="x">547</real><real id="y">123</real></point></attributes><aspects/></actor><actor id="id668845" prototype="id691117"><attributes><point id="position"><real id="x">564</real><real id="y">124</real></point></attributes><aspects/></actor><actor id="id153692" prototype="id691117"><attributes><point id="position"><real id="x">580</real><real id="y">127</real></point></attributes><aspects/></actor><actor id="id361077" prototype="id691117"><attributes><point id="position"><real id="x">603</real><real id="y">125</real></point></attributes><aspects/></actor><actor id="id663182" prototype="id691117"><attributes><point id="position"><real id="x">622</real><real id="y">127</real></point></attributes><aspects/></actor><actor id="id695738" prototype="id691117"><attributes><point id="position"><real id="x">637</real><real id="y">131</real></point></attributes><aspects/></actor><actor id="id630352" prototype="id691117"><attributes><point id="position"><real id="x">650</real><real id="y">127</real></point></attributes><aspects/></actor><actor id="id262575" prototype="id691117"><attributes><point id="position"><real id="x">669</real><real id="y">128</real></point></attributes><aspects/></actor><actor id="id653718" prototype="id691117"><attributes><point id="position"><real id="x">659</real><real id="y">135</real></point></attributes><aspects/></actor><actor id="id876240" prototype="id691117"><attributes><point id="position"><real id="x">686</real><real id="y">131</real></point></attributes><aspects/></actor><actor id="id486969" prototype="id691117"><attributes><point id="position"><real id="x">698</real><real id="y">128</real></point></attributes><aspects/></actor><actor id="id486117" prototype="id691117"><attributes><point id="position"><real id="x">721</real><real id="y">123</real></point></attributes><aspects/></actor><actor id="id196249" prototype="id691117"><attributes><point id="position"><real id="x">710</real><real id="y">135</real></point></attributes><aspects/></actor><actor id="id596624" prototype="id691117"><attributes><point id="position"><real id="x">738</real><real id="y">133</real></point></attributes><aspects/></actor><actor id="id138074" prototype="id691117"><attributes><point id="position"><real id="x">746</real><real id="y">122</real></point></attributes><aspects/></actor><actor id="id921174" prototype="id691117"><attributes><point id="position"><real id="x">759</real><real id="y">130</real></point></attributes><aspects/></actor><actor id="id950878" prototype="id691117"><attributes><point id="position"><real id="x">761</real><real id="y">115</real></point></attributes><aspects/></actor><actor id="id974308" prototype="id691117"><attributes><point id="position"><real id="x">782</real><real id="y">131</real></point></attributes><aspects/></actor><actor id="id767808" prototype="id691117"><attributes><point id="position"><real id="x">805</real><real id="y">118</real></point></attributes><aspects/></actor><actor id="id891576" prototype="id691117"><attributes><point id="position"><real id="x">828</real><real id="y">118</real></point></attributes><aspects/></actor><actor id="id385188" prototype="id691117"><attributes><point id="position"><real id="x">849</real><real id="y">114</real></point></attributes><aspects/></actor><actor id="id397489" prototype="id691117"><attributes><point id="position"><real id="x">871</real><real id="y">110</real></point></attributes><aspects/></actor><actor id="id959833" prototype="id691117"><attributes><point id="position"><real id="x">894</real><real id="y">105</real></point></attributes><aspects/></actor><actor id="id189616" prototype="id691117"><attributes><point id="position"><real id="x">914</real><real id="y">98</real></point></attributes><aspects/></actor><actor id="id441449" prototype="id691117"><attributes><point id="position"><real id="x">936</real><real id="y">95</real></point></attributes><aspects/></actor><actor id="id691524" prototype="id691117"><attributes><point id="position"><real id="x">957</real><real id="y">90</real></point></attributes><aspects/></actor><actor id="id174012" prototype="id691117"><attributes><point id="position"><real id="x">348</real><real id="y">111</real></point></attributes><aspects/></actor><actor id="id601359" prototype="id691117"><attributes><point id="position"><real id="x">376</real><real id="y">115</real></point></attributes><aspects/></actor><actor id="id502245" prototype="id691117"><attributes><point id="position"><real id="x">401</real><real id="y">120</real></point></attributes><aspects/></actor><actor id="id708867" prototype="id691117"><attributes><point id="position"><real id="x">425</real><real id="y">124</real></point></attributes><aspects/></actor><actor id="id207968" prototype="id691117"><attributes><point id="position"><real id="x">452</real><real id="y">132</real></point></attributes><aspects/></actor><actor id="id271728" prototype="id691117"><attributes><point id="position"><real id="x">479</real><real id="y">136</real></point></attributes><aspects/></actor><actor id="id219515" prototype="id691117"><attributes><point id="position"><real id="x">504</real><real id="y">140</real></point></attributes><aspects/></actor><actor id="id752696" prototype="id691117"><attributes><point id="position"><real id="x">528</real><real id="y">141</real></point></attributes><aspects/></actor><actor id="id728495" prototype="id691117"><attributes><point id="position"><real id="x">555</real><real id="y">143</real></point></attributes><aspects/></actor><actor id="id313178" prototype="id691117"><attributes><point id="position"><real id="x">578</real><real id="y">147</real></point></attributes><aspects/></actor><actor id="id900951" prototype="id691117"><attributes><point id="position"><real id="x">607</real><real id="y">152</real></point></attributes><aspects/></actor><actor id="id648226" prototype="id691117"><attributes><point id="position"><real id="x">623</real><real id="y">154</real></point></attributes><aspects/></actor><actor id="id841429" prototype="id747391"><attributes><point id="position"><real id="x">517</real><real id="y">515</real></point><size id="size"><real id="width">512.142</real><real id="height">256.071</real></size></attributes><aspects/></actor><actor id="id900520" prototype="id705339"><attributes><point id="position"><real id="x">842.036</real><real id="y">656.036</real></point></attributes><aspects/></actor><actor id="id679637" prototype="id631168"><attributes><point id="position"><real id="x">527.5</real><real id="y">87.9688</real></point><size id="size"><real id="width">1061</real><real id="height">180</real></size></attributes><aspects/></actor><actor id="id463037" prototype="id279929"><attributes><point id="position"><real id="x">786</real><real id="y">282.5</real></point><size id="size"><real id="width">200</real><real id="height">257</real></size></attributes><aspects/></actor><actor id="id223081" prototype="id273229"><attributes><point id="position"><real id="x">170</real><real id="y">605</real></point><size id="size"><real id="width">146</real><real id="height">168</real></size></attributes><aspects/></actor><actor id="id525041" prototype="id434975"><attributes><point id="position"><real id="x">157.036</real><real id="y">525</real></point><size id="size"><real id="width">256.071</real><real id="height">128</real></size></attributes><aspects/></actor></actors><attributes><text id="name">Background</text><boolean id="scrollable">true</boolean></attributes></layer></layers><attributes><text id="name">Initial Scene</text><real id="time">0</real><size id="size"><real id="width">1024</real><real id="height">768</real></size><boolean id="wrapX">false</boolean><boolean id="wrapY">false</boolean><point id="gravity"><real id="x">0</real><real id="y">0</real></point><color id="color"><real id="red">0</real><real id="green">0</real><real id="blue">0</real><real id="alpha">1</real></color><rect id="camera"><point id="origin"><real id="x">0</real><real id="y">0</real></point><size id="size"><real id="width">1024</real><real id="height">768</real></size><size id="trackingArea"><real id="width">944</real><real id="height">688</real></size><real id="rotation">0</real></rect><attributes id="autorotate"><boolean id="landscapeLeft">true</boolean><boolean id="landscapeRight">false</boolean><boolean id="portrait">false</boolean><boolean id="portraitUpsideDown">false</boolean></attributes></attributes></scene>
