<?xml version="1.0" encoding="UTF-8"?>
<assets><sounds><file name="POL-battle-march-long.m4a"/><file name="FX - Air Raid Siren.ogg"/></sounds><images><file name="defence test.png"/><file name="killing zone.png"/><file name="machine_gun_nest.png"/><file name="radar.png"/><file name="brownsoldier-die01.png"/><file name="brownsoldier-die02.png"/><file name="brownsoldier-run-up-die.png"/><file name="brownsoldier-run-up.png"/><file name="brownsoldier-run01.png"/><file name="brownsoldier-run02.png"/><file name="brownsoldier-run03.png"/><file name="bunker.png"/><file name="bunker2.png"/><file name="enemy bunker.png"/><file name="btn-back.png"/><file name="btn-blank.png"/><file name="btn-continue.png"/><file name="btn-credits.png"/><file name="btn-extras.png"/><file name="btn-help.png"/><file name="btn-highscores.png"/><file name="btn-levels.png"/><file name="btn-mainmenu.png"/><file name="btn-next.png"/><file name="btn-options.png"/><file name="btn-restart.png"/><file name="btn-start.png"/><file name="landmine.png"/><file name="ex01.png"/><file name="ex02.png"/><file name="ex03.png"/><file name="ex04.png"/><file name="ex05.png"/><file name="ex06.png"/><file name="ex07.png"/><file name="ex08.png"/><file name="ex09.png"/><file name="ex10.png"/><file name="spitfire-shadow.png"/><file name="spitfire512-2.png"/><file name="spitfire512.png"/><file name="popin.png"/><file name="close.png"/><file name="army1.png"/><file name="tab.png"/><file name="tank-cannon.png"/><file name="breif hud.png"/><file name="1 BG.png"/><file name="next wave.png"/><file name="weapon bar.png"/><file name="tank-all.png"/><file name="popin1.png"/><file name="airstrike timer.png"/><file name="grid.png"/><file name="ball.png"/><file name="40x40grid.png"/><file name="1 BG_no zone.png"/></images><behaviors/><actors/></assets>
