<?xml version="1.0" encoding="UTF-8"?>
<game PGFVersion="0.16" GSCVersion="0.9.2" title="Tower Defence template"><resolutionIndependence>0</resolutionIndependence><instructions>All images are from debug designs WW2 image pack. You can purchase it from the marketplace. The images were used under licence and have been watermarked for example purpose only. You are not allowed to use them.</instructions><resolution>0</resolution><longDescription>This is a working copy of a Tower Defence game built within Gamesalad.</longDescription><prototypes><actor id="id967947"/><actor id="id175660"/><actor id="id927129"/><actor id="id124745"/><actor id="id455369"/><actor id="id441446"/><actor id="id545491"/><actor id="id111494"/><actor id="id844104"/><actor id="id138426"/><actor id="id790359"/><actor id="id955940"/><actor id="id683165"/><actor id="id699793"/><actor id="id152946"/><actor id="id210480"/><actor id="id738819"/><actor id="id414753"/><actor id="id909599"/><actor id="id459894"/><actor id="id713934"/><actor id="id408153"/><actor id="id751207"/><actor id="id709524"/><actor id="id738971"/><actor id="id612924"/><actor id="id265424"/><actor id="id951548"/><actor id="id351164"/><actor id="id481649"/><actor id="id921999"/><actor id="id828851"/><actor id="id547544"/><actor id="id125787"/><actor id="id136700"/><actor id="id614215"/><actor id="id582003"/><actor id="id922191"/><actor id="id798785"/><actor id="id371912"/><actor id="id144717"/><actor id="id887116"/><actor id="id310868"/><actor id="id180641"/><actor id="id951256"/><actor id="id956587"/><actor id="id201861"/></prototypes><scenes><scene id="id269551"/></scenes><attributes><text id="name">default name</text><real id="time">0</real><size id="displaySize"><real id="width">480</real><real id="height">320</real></size><text id="actorTags">Defence	Enemy	no spawn areas</text><boolean name="wp1 ok" id="id661191">false</boolean><boolean name="wp2 ok" id="id949204">false</boolean><boolean name="wp3 ok" id="id487096">false</boolean><boolean name="wp4 ok" id="id827422">false</boolean><boolean name="wp5 ok" id="id295194">false</boolean><boolean name="wp6 ok" id="id239493">false</boolean><boolean name="wp7 ok" id="id970475">false</boolean><boolean name="wp8 ok" id="id685652">false</boolean><boolean name="wp9 ok" id="id755508">false</boolean><boolean name="wp10 ok" id="id331749">false</boolean><boolean name="wp11 ok" id="id807133">false</boolean><boolean name="wp12 ok" id="id391531">false</boolean><real name="wp1 x" id="id271926">0</real><real name="wp1 y" id="id662324">0</real><real name="wp2 x" id="id364505">0</real><real name="wp2 y" id="id540251">0</real><real name="wp3 x" id="id621804">0</real><real name="wp3 y" id="id460898">0</real><real name="wp4 x" id="id970126">0</real><real name="wp4 y" id="id222766">0</real><real name="wp5 x" id="id891447">0</real><real name="wp5 y" id="id862872">0</real><real name="wp6 x" id="id355834">0</real><real name="wp6 y" id="id612100">0</real><real name="wp7 x" id="id150019">0</real><real name="wp7 y" id="id182245">0</real><real name="wp8 x" id="id256964">0</real><real name="wp8 y" id="id306004">0</real><real name="wp9 x" id="id172488">0</real><real name="wp9 y" id="id708815">0</real><real name="wp10 x" id="id467906">0</real><real name="wp10 y" id="id501089">0</real><real name="wp11 x" id="id861068">0</real><real name="wp11 y" id="id576078">0</real><real name="wp12 x" id="id106807">0</real><real name="wp12 y" id="id205927">0</real><boolean name="button touch" id="id637656">false</boolean><boolean name="rador spawn" id="id157943">false</boolean><integer name="landmine" id="id529739">0</integer><integer name="machine gun" id="id224799">0</integer><integer name="start wave" id="id429934">0</integer><integer name="popin in out" id="id710508">0</integer><real name="enemy x" id="id295913">0</real><real name="enemy y" id="id610901">0</real><integer name="mg allowed" id="id762324">5</integer><integer name="mines allowed" id="id580981">0</integer><integer name="air raids allowed" id="id156028">0</integer><integer name="weapons in out" id="id937887">0</integer><integer name="tank 1" id="id889517">0</integer><integer name="airstrike" id="id840917">0</integer><integer name="grid on off" id="id812085">1</integer><real name="traceMe" id="id794605">0</real><real name="cellWidth" id="id437903">40</real><real name="cellHeight" id="id251273">40</real><real name="gridX" id="id945237">0</real><integer name="no spawn warning" id="id248620">0</integer><integer name="start error" id="id435150">0</integer></attributes></game>
