<?xml version="1.0" encoding="UTF-8"?>
<actor PGFVersion="0.17" id="id697934" GSCVersion="0.9.89"><attributes><text id="name">Question Mushroom</text><real id="time">0</real><point id="position"><real id="x">0</real><real id="y">0</real></point><size id="size"><real id="width">32</real><real id="height">32</real></size><angle id="rotation">0</angle><color id="color"><real id="red">1</real><real id="green">1</real><real id="blue">1</real><real id="alpha">1</real></color><image id="image">Question Block-1</image><text id="tags">Ground</text><boolean id="preloadArt">true</boolean></attributes><behaviors><behavior id="id332645" class="ChangeAttributeAction" enabled="true"><attributes><text id="name">Change Attribute</text><text id="bundleName">ChangeAttribute.behavior</text><text id="targetAttribute">game.attributes.id727229</text><text id="RHS"><expression><reference keypath="self.attributes.position.x"/></expression></text></attributes></behavior><behavior id="id884311" class="ChangeAttributeAction" enabled="true"><attributes><text id="name">Change Attribute</text><text id="bundleName">ChangeAttribute.behavior</text><text id="targetAttribute">game.attributes.id549580</text><text id="RHS"><expression><reference keypath="self.attributes.position.y"/></expression></text></attributes></behavior><behavior id="id602306" class="AnimateBehavior" enabled="true"><attributes><text id="name">Animate</text><text id="bundleName">Animate.behavior</text><text id="images">Question Block-1	Question Block-2	Question Block-3</text><index id="speed">3</index><boolean id="loop">true</boolean><boolean id="restoreActorImage">false</boolean></attributes></behavior><behavior enabled="true" id="id483053" class="RuleBehavior"><attributes><text id="name">Rule</text><text id="bundleName">Rule.behavior</text><real id="compoundConditionKind">0</real></attributes><conditions><condition id="id757626" pluginPredicateTypeIndex="0" eventType="overlaps or collides"><attributes><index id="conditionType">0</index></attributes><predicate type="collision"><attributes><text id="prototypeKey">id374861</text><text id="actorTag">Ground</text><real id="mode">0</real></attributes></predicate></condition></conditions><behaviors><behavior id="id695535" class="InterpolateBehavior" enabled="true"><attributes><text id="name">Interpolate</text><text id="bundleName">Interpolate.behavior</text><boolean id="runToCompletion">true</boolean><text id="targetAttribute">self.attributes.position.y</text><real id="finalValue"><expression><reference keypath="self.attributes.position.y"/><string>+3</string></expression></real><real id="duration">0.1</real><index id="easing">0</index></attributes></behavior><behavior id="id278325" class="TimerBehavior" enabled="true"><attributes><text id="name">Timer</text><text id="bundleName">Timer.behavior</text><index id="timerType">1</index><real id="interval">0.2</real><boolean id="runToCompletion">true</boolean></attributes><behaviors><behavior id="id751824" class="InterpolateBehavior" enabled="true"><attributes><text id="name">Interpolate</text><text id="bundleName">Interpolate.behavior</text><boolean id="runToCompletion">true</boolean><text id="targetAttribute">self.attributes.position.y</text><real id="finalValue"><expression><reference keypath="game.attributes.id549580"/></expression></real><real id="duration">0.1</real><index id="easing">0</index></attributes></behavior></behaviors></behavior><behavior id="id282452" class="TimerBehavior" enabled="true"><attributes><text id="name">Timer</text><text id="bundleName">Timer.behavior</text><index id="timerType">1</index><real id="interval">0.6</real><boolean id="runToCompletion">true</boolean></attributes><behaviors><behavior id="id766922" class="SpawnAction" enabled="true"><attributes><text id="name">Spawn Actor</text><text id="bundleName">Spawn.behavior</text><text id="prototypeKey">id787527</text><angle id="direction">0</angle><index id="directionSpace">0</index><real id="x">0</real><real id="y">0</real><index id="positionSpace">0</index><index id="layerOrder">0</index></attributes></behavior><behavior id="id359996" class="TimerBehavior" enabled="true"><attributes><text id="name">Timer</text><text id="bundleName">Timer.behavior</text><index id="timerType">1</index><real id="interval">0.7</real><boolean id="runToCompletion">true</boolean></attributes><behaviors><behavior id="id273088" class="SpawnAction" enabled="true"><attributes><text id="name">Spawn Actor</text><text id="bundleName">Spawn.behavior</text><text id="prototypeKey">id981701</text><angle id="direction">0</angle><index id="directionSpace">1</index><real id="x"><expression><reference keypath="game.attributes.id727229"/></expression></real><real id="y"><expression><reference keypath="game.attributes.id549580"/></expression></real><index id="positionSpace">1</index><index id="layerOrder">1</index></attributes></behavior><behavior id="id505527" class="DestroyAction" enabled="true"><attributes><text id="name">Destroy</text><text id="bundleName">Destroy.behavior</text></attributes></behavior></behaviors></behavior></behaviors></behavior></behaviors><elseBehaviors/></behavior></behaviors><aspects><graphics><attributes><boolean id="visible">true</boolean><enumeration id="blendingMode">0</enumeration><enumeration id="horizontalWrap">0</enumeration><enumeration id="verticalWrap">0</enumeration><enumeration id="horizontalAnchor">0</enumeration><enumeration id="verticalAnchor">0</enumeration><boolean id="flipHorizontally">false</boolean><boolean id="flipVertically">false</boolean></attributes></graphics><motion><attributes><point id="linearVelocity"><real id="x">0</real><real id="y">0</real></point><real id="angularVelocity">0</real><real id="maxSpeed">0</real><boolean id="applyMaxSpeed">false</boolean></attributes></motion><physics><attributes><real id="density">0</real><real id="friction">0</real><real id="restitution">0</real><boolean id="fixedRotation">true</boolean><boolean id="movable">false</boolean><enumeration id="collisionShape">0</enumeration><real id="drag">0</real><real id="angularDrag">0</real></attributes></physics></aspects></actor>
