<?xml version="1.0" encoding="UTF-8"?>
<actor PGFVersion="0.17" id="id289382" GSCVersion="0.9.89"><attributes><text id="name">Die Area</text><real id="time">0</real><point id="position"><real id="x">0</real><real id="y">0</real></point><size id="size"><real id="width">100</real><real id="height">100</real></size><angle id="rotation">0</angle><color id="color"><real id="red">0.625</real><real id="green">0.00736791</real><real id="blue">0</real><real id="alpha">1</real></color><image id="image"></image><text id="tags"></text><boolean id="preloadArt">true</boolean></attributes><behaviors><behavior enabled="true" id="id710716" class="RuleBehavior"><attributes><text id="name">Rule</text><text id="bundleName">Rule.behavior</text><real id="compoundConditionKind">0</real></attributes><conditions><condition id="id681433" pluginPredicateTypeIndex="0" eventType="overlaps or collides"><attributes><index id="conditionType">0</index></attributes><predicate type="collision"><attributes><text id="prototypeKey">id374861</text><text id="actorTag">Ground</text><real id="mode">0</real></attributes></predicate></condition></conditions><behaviors><behavior id="id271339" class="StopMusicAction" enabled="true"><attributes><text id="name">Stop Music</text><text id="bundleName">StopMusic.behavior</text></attributes></behavior><behavior id="id282840" class="PlaySoundAction" enabled="true"><attributes><text id="name">Play Sound</text><text id="bundleName">PlaySound.behavior</text><sound id="soundName">smb_mariodie</sound><boolean id="loop">false</boolean><boolean id="runToCompletion">true</boolean><boolean id="positional">false</boolean><boolean id="dopplerShift">false</boolean><real id="volume">1</real><real id="pitch">1</real></attributes></behavior><behavior id="id553114" class="TimerBehavior" enabled="true"><attributes><text id="name">Timer</text><text id="bundleName">Timer.behavior</text><index id="timerType">1</index><real id="interval">3</real><boolean id="runToCompletion">true</boolean></attributes><behaviors><behavior id="id746056" class="ChangeAttributeAction" enabled="true"><attributes><text id="name">Change Attribute</text><text id="bundleName">ChangeAttribute.behavior</text><text id="targetAttribute">game.attributes.id299372</text><text id="RHS">0</text></attributes></behavior><behavior id="id110242" class="ResetSceneAction" enabled="true"><attributes><text id="name">Reset Scene</text><text id="bundleName">ResetScene.behavior</text></attributes></behavior></behaviors></behavior></behaviors><elseBehaviors/></behavior></behaviors><aspects><graphics><attributes><boolean id="visible">false</boolean><enumeration id="blendingMode">0</enumeration><enumeration id="horizontalWrap">0</enumeration><enumeration id="verticalWrap">0</enumeration><enumeration id="horizontalAnchor">0</enumeration><enumeration id="verticalAnchor">0</enumeration><boolean id="flipHorizontally">false</boolean><boolean id="flipVertically">false</boolean></attributes></graphics><motion><attributes><point id="linearVelocity"><real id="x">0</real><real id="y">0</real></point><real id="angularVelocity">0</real><real id="maxSpeed">0</real><boolean id="applyMaxSpeed">false</boolean></attributes></motion><physics><attributes><real id="density">0</real><real id="friction">0</real><real id="restitution">0</real><boolean id="fixedRotation">false</boolean><boolean id="movable">false</boolean><enumeration id="collisionShape">0</enumeration><real id="drag">0</real><real id="angularDrag">0</real></attributes></physics></aspects></actor>
