<?xml version="1.0" encoding="UTF-8"?>
<actor PGFVersion="0.17" id="id981701" GSCVersion="0.9.89"><attributes><text id="name">Super Mushroom</text><real id="time">0</real><point id="position"><real id="x">0</real><real id="y">0</real></point><size id="size"><real id="width">32</real><real id="height">32</real></size><angle id="rotation">0</angle><color id="color"><real id="red">1</real><real id="green">1</real><real id="blue">1</real><real id="alpha">1</real></color><image id="image">Super Mushroom</image><text id="tags"></text><boolean id="preloadArt">true</boolean></attributes><behaviors><behavior id="id356816" class="PlaySoundAction" enabled="true"><attributes><text id="name">Play Sound</text><text id="bundleName">PlaySound.behavior</text><sound id="soundName">smb_vine</sound><boolean id="loop">false</boolean><boolean id="runToCompletion">true</boolean><boolean id="positional">false</boolean><boolean id="dopplerShift">false</boolean><real id="volume">1</real><real id="pitch">1</real></attributes></behavior><behavior id="id102453" class="InterpolateBehavior" enabled="true"><attributes><text id="name">Grow Mushroom</text><text id="bundleName">Interpolate.behavior</text><boolean id="runToCompletion">true</boolean><text id="targetAttribute">self.attributes.position.y</text><real id="finalValue"><expression><reference keypath="self.attributes.position.y"/><string>+7</string></expression></real><real id="duration">0.2</real><index id="easing">0</index></attributes></behavior><behavior id="id740439" class="TimerBehavior" enabled="true"><attributes><text id="name">Make Mushroom Move</text><text id="bundleName">Timer.behavior</text><index id="timerType">1</index><real id="interval">0.3</real><boolean id="runToCompletion">true</boolean></attributes><behaviors><behavior id="id950624" class="AccelerateBehavior" enabled="true"><attributes><text id="name">Accelerate</text><text id="bundleName">Accelerate.behavior</text><angle id="direction">270</angle><index id="space">0</index><real id="acceleration">1000</real></attributes></behavior><behavior id="id913405" class="CompoundBehavior" enabled="true"><attributes><text id="name">Collisions</text><text id="bundleName">Group.behavior</text></attributes><behaviors><behavior id="id252281" class="CollideBehavior" enabled="true"><attributes><text id="name">Collide</text><text id="bundleName">Collide.behavior</text><text id="prototypeKey">id481534</text><text id="actorTag">Ground</text><index id="mode">1</index></attributes></behavior></behaviors></behavior><behavior id="id691617" class="AccelerateTowardBehavior" enabled="true"><attributes><text id="name">Accelerate Toward</text><text id="bundleName">AccelerateToward.behavior</text><point id="position"><real id="x"><expression><reference keypath="self.attributes.position.x"/><string>+100</string></expression></real><real id="y">0</real></point><index id="space">0</index><real id="acceleration">30</real></attributes></behavior><behavior id="id965659" class="ConstrainAttributeBehavior" enabled="true"><attributes><text id="name">Constrain Attribute</text><text id="bundleName">ConstrainAttribute.behavior</text><text id="targetAttribute">self.aspects.motion.attributes.applyMaxSpeed</text><text id="RHS">30</text></attributes></behavior><behavior id="id700625" class="ConstrainAttributeBehavior" enabled="true"><attributes><text id="name">Constrain Attribute</text><text id="bundleName">ConstrainAttribute.behavior</text><text id="targetAttribute">self.aspects.motion.attributes.maxSpeed</text><text id="RHS">30</text></attributes></behavior></behaviors></behavior><behavior enabled="true" id="id365733" class="RuleBehavior"><attributes><text id="name">Rule</text><text id="bundleName">Rule.behavior</text><real id="compoundConditionKind">0</real></attributes><conditions><condition id="id567319" pluginPredicateTypeIndex="0" eventType="overlaps or collides"><attributes><index id="conditionType">0</index></attributes><predicate type="collision"><attributes><text id="prototypeKey">id374861</text><text id="actorTag">Ground</text><real id="mode">0</real></attributes></predicate></condition></conditions><behaviors><behavior id="id653363" class="ChangeAttributeAction" enabled="true"><attributes><text id="name">Tell the computer that Mario has grown. (This effects how other blocks react ie break etc)</text><text id="bundleName">ChangeAttribute.behavior</text><text id="targetAttribute">game.attributes.id299372</text><text id="RHS">1</text></attributes></behavior><behavior id="id870796" class="DestroyAction" enabled="true"><attributes><text id="name">Destroy</text><text id="bundleName">Destroy.behavior</text></attributes></behavior></behaviors><elseBehaviors/></behavior></behaviors><aspects><graphics><attributes><boolean id="visible">true</boolean><enumeration id="blendingMode">0</enumeration><enumeration id="horizontalWrap">0</enumeration><enumeration id="verticalWrap">0</enumeration><enumeration id="horizontalAnchor">0</enumeration><enumeration id="verticalAnchor">0</enumeration><boolean id="flipHorizontally">false</boolean><boolean id="flipVertically">false</boolean></attributes></graphics><motion><attributes><point id="linearVelocity"><real id="x">0</real><real id="y">0</real></point><real id="angularVelocity">0</real><real id="maxSpeed">0</real><boolean id="applyMaxSpeed">false</boolean></attributes></motion><physics><attributes><real id="density">0</real><real id="friction">0</real><real id="restitution">0</real><boolean id="fixedRotation">true</boolean><boolean id="movable">true</boolean><enumeration id="collisionShape">0</enumeration><real id="drag">0</real><real id="angularDrag">0</real></attributes></physics></aspects></actor>
