<?xml version="1.0" encoding="UTF-8"?>
<assets PGFVersion="0.17" GSCVersion="0.9.89"><sounds><music name="01-main-theme-overworld"><file name="01-main-theme-overworld.m4a" size="2.22106e+06"/></music><sound name="smb_breakblock"><file name="smb_breakblock.ogg" size="5245"/></sound><sound name="smb_bowserfall"><file name="smb_bowserfall.ogg" size="17901"/></sound><sound name="smb_coin"><file name="smb_coin.ogg" size="6138"/></sound><sound name="smb_flagpole"><file name="smb_flagpole.ogg" size="7661"/></sound><sound name="smb_jumpsmall"><file name="smb_jumpsmall.ogg" size="5454"/></sound><sound name="smb_kick"><file name="smb_kick.ogg" size="3727"/></sound><sound name="smb_gameover"><file name="smb_gameover.ogg" size="20977"/></sound><sound name="smb_mariodie"><file name="smb_mariodie.ogg" size="18830"/></sound><sound name="smb_pipe"><file name="smb_pipe.ogg" size="8478"/></sound><sound name="smb_stomp"><file name="smb_stomp.ogg" size="3857"/></sound><sound name="smb_vine"><file name="smb_vine.ogg" size="5370"/></sound><sound name="smb_stage_clear"><file name="smb_stage_clear.ogg" size="40531"/></sound><sound name="smb_warning"><file name="smb_warning.ogg" size="24297"/></sound><sound name="Pause"><file name="Pause.ogg" size="7689"/></sound><sound name="PowerDown"><file name="PowerDown.ogg" size="10892"/></sound><sound name="Powerup"><file name="Powerup.ogg" size="12367"/></sound></sounds><images><image name="nes_controller"><file name="nes_controller.png" size="57340"/></image><image name="Mario - Walk1"><file name="Mario - Walk1.png" size="6013"/></image><image name="Mario - Walk2"><file name="Mario - Walk2.png" size="6005"/></image><image name="Mario - Walk3"><file name="Mario - Walk3.png" size="5971"/></image><image name="Mario"><file name="Mario.png" size="5996"/></image><image name="Mariol"><file name="Mariol.png" size="5996"/></image><image name="Mario - Walk1l"><file name="Mario - Walk1l.png" size="6021"/></image><image name="Mario - Walk2l"><file name="Mario - Walk2l.png" size="5974"/></image><image name="Mario - Walk3l"><file name="Mario - Walk3l.png" size="5986"/></image><image name="Block"><file name="Block.png" size="5874"/></image><image name="Hill - Large"><file name="Hill - Large.png" size="7506"/></image><image name="Hill - Small"><file name="Hill - Small.png" size="6765"/></image><image name="Bricks"><file name="Bricks.png" size="5828"/></image><image name="floor1"><file name="floor1.png" size="7098"/></image><image name="floor2"><file name="floor2.png" size="10341"/></image><image name="tv_test2"><file name="tv_test2.png" size="413201"/></image><image name="game_spash"><file name="game_spash.png" size="135054"/></image><image name="Bush - Double"><file name="Bush - Double.png" size="7235"/></image><image name="Bush - Single"><file name="Bush - Single.png" size="7052"/></image><image name="Bush - Triple"><file name="Bush - Triple.png" size="7259"/></image><image name="Cloud - Double"><file name="Cloud - Double.png" size="7309"/></image><image name="Cloud - Single"><file name="Cloud - Single.png" size="6998"/></image><image name="Cloud - Triple"><file name="Cloud - Triple.png" size="7476"/></image><image name="Coin"><file name="Coin.png" size="5847"/></image><image name="Firework1"><file name="Firework1.png" size="5808"/></image><image name="Firework3"><file name="Firework3.png" size="6003"/></image><image name="Firework2"><file name="Firework2.png" size="5956"/></image><image name="Giant Mushroom"><file name="Giant Mushroom.png" size="7674"/></image><image name="Ground"><file name="Ground.png" size="6016"/></image><image name="Tree - Large"><file name="Tree - Large.png" size="6078"/></image><image name="Tree - Small"><file name="Tree - Small.png" size="6052"/></image><image name="Question Block-1"><file name="Question Block-1.png" size="5980"/></image><image name="Question Block-2"><file name="Question Block-2.png" size="5912"/></image><image name="Question Block-3"><file name="Question Block-3.png" size="5973"/></image><image name="Empty Block"><file name="Empty Block.png" size="5824"/></image><image name="Coin-1"><file name="Coin-1.png" size="5854"/></image><image name="Coin-2"><file name="Coin-2.png" size="5768"/></image><image name="Coin-3"><file name="Coin-3.png" size="5748"/></image><image name="Coin-4"><file name="Coin-4.png" size="5807"/></image><image name="points"><file name="points.png" size="6079"/></image><image name="Super Mushroom"><file name="Super Mushroom.png" size="5977"/></image><image name="GB_Bezelscreen"><file name="GB_Bezelscreen.png" size="55760"/></image><image name="GB_Bezel"><file name="GB_Bezel.png" size="357841"/></image><image name="joypad_gb1"><file name="joypad_gb1.png" size="119733"/></image><image name="joypad_famicom1"><file name="joypad_famicom1.png" size="172561"/></image><image name="joypad_nes1"><file name="joypad_nes1.png" size="180114"/></image><image name="GB_Bezel3"><file name="GB_Bezel3.png" size="365447"/></image><image name="Pipe"><file name="Pipe.png" size="7061"/></image><image name="Block"><file name="Block.png"/></image><image name="Bricks"><file name="Bricks.png"/></image><image name="Bush - Double"><file name="Bush - Double.png"/></image><image name="Bush - Single"><file name="Bush - Single.png"/></image><image name="Bush - Triple"><file name="Bush - Triple.png"/></image><image name="Cloud - Single"><file name="Cloud - Single.png"/></image><image name="Cloud - Double"><file name="Cloud - Double.png"/></image><image name="Cloud - Triple"><file name="Cloud - Triple.png"/></image><image name="Coin-1"><file name="Coin-1.png"/></image><image name="Coin-2"><file name="Coin-2.png"/></image><image name="Coin-3"><file name="Coin-3.png"/></image><image name="Coin-4"><file name="Coin-4.png"/></image><image name="Coin"><file name="Coin.png"/></image><image name="Empty Block"><file name="Empty Block.png"/></image><image name="Firework1"><file name="Firework1.png"/></image><image name="Firework2"><file name="Firework2.png"/></image><image name="Firework3"><file name="Firework3.png"/></image><image name="floor1"><file name="floor1.png"/></image><image name="floor2"><file name="floor2.png"/></image><image name="game_spash"><file name="game_spash.png"/></image><image name="GB_Bezel"><file name="GB_Bezel.png"/></image><image name="GB_Bezelscreen"><file name="GB_Bezelscreen.png"/></image><image name="GB_Bezel3"><file name="GB_Bezel3.png"/></image><image name="Ground"><file name="Ground.png"/></image><image name="Giant Mushroom"><file name="Giant Mushroom.png"/></image><image name="Hill - Large"><file name="Hill - Large.png"/></image><image name="Hill - Small"><file name="Hill - Small.png"/></image><image name="joypad_gb1"><file name="joypad_gb1.png"/></image><image name="joypad_famicom1"><file name="joypad_famicom1.png"/></image><image name="Mario - Walk1"><file name="Mario - Walk1.png"/></image><image name="Mario - Walk1l"><file name="Mario - Walk1l.png"/></image><image name="Mario - Walk2"><file name="Mario - Walk2.png"/></image><image name="joypad_nes1"><file name="joypad_nes1.png"/></image><image name="Mario - Walk2l"><file name="Mario - Walk2l.png"/></image><image name="Mario - Walk3"><file name="Mario - Walk3.png"/></image><image name="Mario - Walk3l"><file name="Mario - Walk3l.png"/></image><image name="Mario"><file name="Mario.png"/></image><image name="Mariol"><file name="Mariol.png"/></image><image name="Pipe"><file name="Pipe.png"/></image><image name="points"><file name="points.png"/></image><image name="Question Block-1"><file name="Question Block-1.png"/></image><image name="Question Block-2"><file name="Question Block-2.png"/></image><image name="nes_controller"><file name="nes_controller.png"/></image><image name="Question Block-3"><file name="Question Block-3.png"/></image><image name="Super Mushroom"><file name="Super Mushroom.png"/></image><image name="Tree - Large"><file name="Tree - Large.png"/></image><image name="Tree - Small"><file name="Tree - Small.png"/></image><image name="tv_test2"><file name="tv_test2.png"/></image></images><behaviors/></assets>
