<?xml version="1.0" encoding="UTF-8"?>
<game UID="80376" GSCVersion="0.9.89" PGFVersion="0.17" title="GSRetro"><resolutionIndependence>0</resolutionIndependence><prototypes><actor id="id374861"/><actor id="id324969"/><actor id="id481534"/><actor id="id897308"/><actor id="id593200"/><actor id="id377929"/><actor id="id500108"/><actor id="id583143"/><actor id="id595630"/><actor id="id787527"/><actor id="id587752"/><actor id="id697934"/><actor id="id360763"/><actor id="id558224"/><actor id="id888199"/><actor id="id744272"/><actor id="id970509"/><actor id="id558163"/><actor id="id785179"/><actor id="id926215"/><actor id="id498209"/><actor id="id890067"/><actor id="id289382"/><actor id="id981701"/><actor id="id107145"/><actor id="id955806"/><actor id="id216501"/><actor id="id491920"/><actor id="id928437"/><actor id="id783990"/><actor id="id399309"/><actor id="id368374"/></prototypes><plugins><attributes id="kiip"><text id="appKey"></text><text id="appSecret"></text><text id="achievementIdentifiers"></text><text id="achievementNames"></text><text id="leaderboardIdentifiers"></text><text id="leaderboardNames"></text></attributes><attributes id="tapMe"><integer id="gameID">0</integer><text id="augmentIdentifiers"></text><text id="augmentNames"></text><text id="augmentCategoryIds"></text><integer id="activeAugmentID">0</integer></attributes></plugins><attributes><text id="name">default name</text><real id="time">0</real><size id="displaySize"><real id="width">768</real><real id="height">1024</real></size><text id="actorTags">Ground</text><integer name="Mario Size" id="id299372">0</integer><real name="Question Block sx" id="id727229">0</real><real name="Question Block sy" id="id549580">0</real><integer name="Controller Skin" id="id419030">0</integer><boolean name="Right Button" id="id506339">false</boolean><boolean name="Left Button" id="id249376">false</boolean><boolean name="Up Button" id="id687380">false</boolean><boolean name="Down Button" id="id550345">false</boolean><boolean name="A Button" id="id728917">false</boolean><boolean name="B Button" id="id787969">false</boolean></attributes><scenes><scene id="id441975"/><scene id="id253722"/></scenes><resolution>4</resolution></game>
