<?xml version="1.0" encoding="UTF-8"?>
<actor PGFVersion="0.17" id="id758438" GSCVersion="0.9.71"><attributes><text id="name">TextBox</text><real id="time">0</real><point id="position"><real id="x">0</real><real id="y">0</real></point><size id="size"><real id="width">376</real><real id="height">84</real></size><angle id="rotation">0</angle><color id="color"><real id="red">1</real><real id="green">1</real><real id="blue">1</real><real id="alpha">1</real></color><image id="image">obj_UI_textbox</image><text id="tags"></text></attributes><behaviors><behavior id="id834408" class="NoteBehavior" enabled="true"><attributes><text id="name">Note</text><text id="bundleName">Note.behavior</text><text id="note">This is a nice way to set up one text box and have it do all the text.</text></attributes></behavior><behavior enabled="true" id="id589117" class="RuleBehavior"><attributes><text id="name">Rule</text><text id="bundleName">Rule.behavior</text><real id="compoundConditionKind">0</real></attributes><conditions><condition id="id602694" eventType="mouse button"><attributes><index id="conditionType">1</index><text id="subjectAttribute">game.attributes.id214812</text></attributes><predicate type="boolean"><attributes><index id="RHS">0</index></attributes></predicate></condition></conditions><behaviors><behavior id="id698533" class="NoteBehavior" enabled="true"><attributes><text id="name">Note</text><text id="bundleName">Note.behavior</text><text id="note">Hides the box if boolean game.chat = false</text></attributes></behavior><behavior id="id990932" class="ChangeAttributeAction" enabled="true"><attributes><text id="name">Change Attribute</text><text id="bundleName">ChangeAttribute.behavior</text><text id="targetAttribute">self.attributes.color.alpha</text><text id="RHS">0</text></attributes></behavior></behaviors><elseBehaviors><behavior id="id726231" class="ChangeAttributeAction" enabled="true"><attributes><text id="name">Change Attribute</text><text id="bundleName">ChangeAttribute.behavior</text><text id="targetAttribute">self.attributes.color.alpha</text><text id="RHS">1</text></attributes></behavior></elseBehaviors></behavior><behavior id="id352200" class="NoteBehavior" enabled="true"><attributes><text id="name">Note</text><text id="bundleName">Note.behavior</text><text id="note">the below rules are for each individual person, you can add hundreds of people to talk to using the below methods.</text></attributes></behavior><behavior enabled="true" id="id232064" class="RuleBehavior"><attributes><text id="name">Person1</text><text id="bundleName">Rule.behavior</text><real id="compoundConditionKind">0</real></attributes><conditions><condition id="id162636" eventType="mouse button"><attributes><index id="conditionType">1</index><text id="subjectAttribute">game.attributes.id705503</text></attributes><predicate type="number"><attributes><text id="operator">=</text><real id="RHS">1</real></attributes></predicate></condition><condition id="id634048" eventType="mouse button"><attributes><index id="conditionType">1</index><text id="subjectAttribute">game.attributes.id647217</text></attributes><predicate type="number"><attributes><text id="operator">=</text><real id="RHS">1</real></attributes></predicate></condition></conditions><behaviors><behavior id="id739665" class="NoteBehavior" enabled="true"><attributes><text id="name">Note</text><text id="bundleName">Note.behavior</text><text id="note">If game person = 1 (see person 1 actor) and game.ChatPage =1 (the action actor controls the page) then display text.

Open up otherwise to see how to add multiple pages....remember to change game.Chat to false and game.ChatPage to 0 when you finish the text.

Open up the otherwise sections of the rules to see how its done. </text></attributes></behavior><behavior id="id496507" class="DisplayTextBehavior" enabled="true"><attributes><text id="name">Display Text</text><text id="bundleName">DisplayText.behavior</text><text id="text"><expression><string>&quot;Welcome to Dream Lands &quot;..</string><reference keypath="game.attributes.id348177"/></expression></text><text id="font">Trebuchet MS</text><real id="size">18</real><index id="alignment">1</index><boolean id="wrap">false</boolean><color id="color"><real id="red">0</real><real id="green">0</real><real id="blue">1</real><real id="alpha">1</real></color></attributes></behavior></behaviors><elseBehaviors><behavior enabled="true" id="id702779" class="RuleBehavior"><attributes><text id="name">Rule</text><text id="bundleName">Rule.behavior</text><real id="compoundConditionKind">0</real></attributes><conditions><condition id="id162636" eventType="mouse button"><attributes><index id="conditionType">1</index><text id="subjectAttribute">game.attributes.id705503</text></attributes><predicate type="number"><attributes><text id="operator">=</text><real id="RHS">1</real></attributes></predicate></condition><condition id="id634048" eventType="mouse button"><attributes><index id="conditionType">1</index><text id="subjectAttribute">game.attributes.id647217</text></attributes><predicate type="number"><attributes><text id="operator">=</text><real id="RHS">2</real></attributes></predicate></condition></conditions><behaviors><behavior id="id455225" class="NoteBehavior" enabled="true"><attributes><text id="name">Note</text><text id="bundleName">Note.behavior</text><text id="note">When you press on the action button it changes the game.ChatPage to ChatPage +1 so if it =2 it will display the below text.</text></attributes></behavior><behavior id="id496507" class="DisplayTextBehavior" enabled="true"><attributes><text id="name">Display Text</text><text id="bundleName">DisplayText.behavior</text><text id="text">You need to find a sword.
Princess Zanda is on the island</text><text id="font">Trebuchet MS</text><real id="size">18</real><index id="alignment">1</index><boolean id="wrap">false</boolean><color id="color"><real id="red">0</real><real id="green">0</real><real id="blue">1</real><real id="alpha">1</real></color></attributes></behavior></behaviors><elseBehaviors><behavior enabled="true" id="id789063" class="RuleBehavior"><attributes><text id="name">Rule</text><text id="bundleName">Rule.behavior</text><real id="compoundConditionKind">0</real></attributes><conditions><condition id="id162636" eventType="mouse button"><attributes><index id="conditionType">1</index><text id="subjectAttribute">game.attributes.id705503</text></attributes><predicate type="number"><attributes><text id="operator">=</text><real id="RHS">1</real></attributes></predicate></condition><condition id="id634048" eventType="mouse button"><attributes><index id="conditionType">1</index><text id="subjectAttribute">game.attributes.id647217</text></attributes><predicate type="number"><attributes><text id="operator">=</text><real id="RHS">3</real></attributes></predicate></condition></conditions><behaviors><behavior id="id672519" class="NoteBehavior" enabled="true"><attributes><text id="name">Note</text><text id="bundleName">Note.behavior</text><text id="note">If game.ChatPage=3 (if you press the action button 3 times) it will reset the below attributes.

Just remember to change the 2 attributes below when you have finished your own text.</text></attributes></behavior><behavior id="id892651" class="ChangeAttributeAction" enabled="true"><attributes><text id="name">Change Attribute</text><text id="bundleName">ChangeAttribute.behavior</text><text id="targetAttribute">game.attributes.id214812</text><text id="RHS">false</text></attributes></behavior><behavior id="id387893" class="ChangeAttributeAction" enabled="true"><attributes><text id="name">Change Attribute</text><text id="bundleName">ChangeAttribute.behavior</text><text id="targetAttribute">game.attributes.id647217</text><text id="RHS">0</text></attributes></behavior></behaviors><elseBehaviors/></behavior></elseBehaviors></behavior></elseBehaviors></behavior><behavior enabled="true" id="id449137" class="RuleBehavior"><attributes><text id="name">Person2</text><text id="bundleName">Rule.behavior</text><real id="compoundConditionKind">0</real></attributes><conditions><condition id="id162636" eventType="mouse button"><attributes><index id="conditionType">1</index><text id="subjectAttribute">game.attributes.id705503</text></attributes><predicate type="number"><attributes><text id="operator">=</text><real id="RHS">2</real></attributes></predicate></condition><condition id="id634048" eventType="mouse button"><attributes><index id="conditionType">1</index><text id="subjectAttribute">game.attributes.id647217</text></attributes><predicate type="number"><attributes><text id="operator">=</text><real id="RHS">1</real></attributes></predicate></condition></conditions><behaviors><behavior id="id496507" class="DisplayTextBehavior" enabled="true"><attributes><text id="name">Display Text</text><text id="bundleName">DisplayText.behavior</text><text id="text"><expression><string>&quot;Your name is &quot;..</string><reference keypath="game.attributes.id348177"/></expression></text><text id="font">Trebuchet MS</text><real id="size">18</real><index id="alignment">1</index><boolean id="wrap">false</boolean><color id="color"><real id="red">0</real><real id="green">0</real><real id="blue">1</real><real id="alpha">1</real></color></attributes></behavior></behaviors><elseBehaviors><behavior enabled="true" id="id867018" class="RuleBehavior"><attributes><text id="name">Rule</text><text id="bundleName">Rule.behavior</text><real id="compoundConditionKind">0</real></attributes><conditions><condition id="id162636" eventType="mouse button"><attributes><index id="conditionType">1</index><text id="subjectAttribute">game.attributes.id705503</text></attributes><predicate type="number"><attributes><text id="operator">=</text><real id="RHS">2</real></attributes></predicate></condition><condition id="id634048" eventType="mouse button"><attributes><index id="conditionType">1</index><text id="subjectAttribute">game.attributes.id647217</text></attributes><predicate type="number"><attributes><text id="operator">=</text><real id="RHS">2</real></attributes></predicate></condition></conditions><behaviors><behavior id="id560794" class="DisplayTextBehavior" enabled="true"><attributes><text id="name">Display Text</text><text id="bundleName">DisplayText.behavior</text><text id="text">Do you know mine?</text><text id="font">Trebuchet MS</text><real id="size">18</real><index id="alignment">1</index><boolean id="wrap">false</boolean><color id="color"><real id="red">0</real><real id="green">0</real><real id="blue">1</real><real id="alpha">1</real></color></attributes></behavior></behaviors><elseBehaviors><behavior enabled="true" id="id658178" class="RuleBehavior"><attributes><text id="name">Rule</text><text id="bundleName">Rule.behavior</text><real id="compoundConditionKind">0</real></attributes><conditions><condition id="id162636" eventType="mouse button"><attributes><index id="conditionType">1</index><text id="subjectAttribute">game.attributes.id705503</text></attributes><predicate type="number"><attributes><text id="operator">=</text><real id="RHS">2</real></attributes></predicate></condition><condition id="id634048" eventType="mouse button"><attributes><index id="conditionType">1</index><text id="subjectAttribute">game.attributes.id647217</text></attributes><predicate type="number"><attributes><text id="operator">=</text><real id="RHS">3</real></attributes></predicate></condition></conditions><behaviors><behavior id="id245510" class="ChangeAttributeAction" enabled="true"><attributes><text id="name">Change Attribute</text><text id="bundleName">ChangeAttribute.behavior</text><text id="targetAttribute">game.attributes.id555401</text><text id="RHS">true</text></attributes></behavior><behavior enabled="true" id="id530928" class="RuleBehavior"><attributes><text id="name">Rule</text><text id="bundleName">Rule.behavior</text><real id="compoundConditionKind">0</real></attributes><conditions><condition id="id157565" eventType="mouse button"><attributes><index id="conditionType">1</index><text id="subjectAttribute">game.attributes.id902106</text></attributes><predicate type="string"><attributes><text id="operator">is</text><text id="RHS">Zanda</text></attributes></predicate></condition></conditions><behaviors><behavior id="id340260" class="DisplayTextBehavior" enabled="true"><attributes><text id="name">Display Text</text><text id="bundleName">DisplayText.behavior</text><text id="text">How sweet, please take this sword </text><text id="font">Trebuchet MS</text><real id="size">18</real><index id="alignment">1</index><boolean id="wrap">false</boolean><color id="color"><real id="red">0</real><real id="green">0</real><real id="blue">1</real><real id="alpha">1</real></color></attributes></behavior></behaviors><elseBehaviors><behavior id="id638392" class="DisplayTextBehavior" enabled="true"><attributes><text id="name">Display Text</text><text id="bundleName">DisplayText.behavior</text><text id="text">That's not my name :(</text><text id="font">Trebuchet MS</text><real id="size">18</real><index id="alignment">1</index><boolean id="wrap">false</boolean><color id="color"><real id="red">0</real><real id="green">0</real><real id="blue">1</real><real id="alpha">1</real></color></attributes></behavior></elseBehaviors></behavior></behaviors><elseBehaviors><behavior enabled="true" id="id705825" class="RuleBehavior"><attributes><text id="name">Rule</text><text id="bundleName">Rule.behavior</text><real id="compoundConditionKind">0</real></attributes><conditions><condition id="id820434" eventType="mouse button"><attributes><index id="conditionType">1</index><text id="subjectAttribute">game.attributes.id705503</text></attributes><predicate type="number"><attributes><text id="operator">=</text><real id="RHS">2</real></attributes></predicate></condition><condition id="id481980" eventType="mouse button"><attributes><index id="conditionType">1</index><text id="subjectAttribute">game.attributes.id647217</text></attributes><predicate type="number"><attributes><text id="operator">=</text><real id="RHS">4</real></attributes></predicate></condition></conditions><behaviors><behavior id="id405984" class="ChangeAttributeAction" enabled="true"><attributes><text id="name">Change Attribute</text><text id="bundleName">ChangeAttribute.behavior</text><text id="targetAttribute">game.attributes.id214812</text><text id="RHS">false</text></attributes></behavior><behavior id="id389420" class="ChangeAttributeAction" enabled="true"><attributes><text id="name">Change Attribute</text><text id="bundleName">ChangeAttribute.behavior</text><text id="targetAttribute">game.attributes.id647217</text><text id="RHS">0</text></attributes></behavior></behaviors><elseBehaviors/></behavior></elseBehaviors></behavior></elseBehaviors></behavior></elseBehaviors></behavior><behavior enabled="true" id="id513311" class="RuleBehavior"><attributes><text id="name">Person3</text><text id="bundleName">Rule.behavior</text><real id="compoundConditionKind">0</real></attributes><conditions><condition id="id895892" eventType="mouse button"><attributes><index id="conditionType">1</index><text id="subjectAttribute">game.attributes.id910650</text></attributes><predicate type="boolean"><attributes><index id="RHS">0</index></attributes></predicate></condition></conditions><behaviors><behavior enabled="true" id="id343199" class="RuleBehavior"><attributes><text id="name">Person3noSword</text><text id="bundleName">Rule.behavior</text><real id="compoundConditionKind">0</real></attributes><conditions><condition id="id162636" eventType="mouse button"><attributes><index id="conditionType">1</index><text id="subjectAttribute">game.attributes.id705503</text></attributes><predicate type="number"><attributes><text id="operator">=</text><real id="RHS">3</real></attributes></predicate></condition><condition id="id634048" eventType="mouse button"><attributes><index id="conditionType">1</index><text id="subjectAttribute">game.attributes.id647217</text></attributes><predicate type="number"><attributes><text id="operator">=</text><real id="RHS">1</real></attributes></predicate></condition></conditions><behaviors><behavior id="id496507" class="DisplayTextBehavior" enabled="true"><attributes><text id="name">Display Text</text><text id="bundleName">DisplayText.behavior</text><text id="text">You will need a sword to kill the monster.</text><text id="font">Trebuchet MS</text><real id="size">18</real><index id="alignment">1</index><boolean id="wrap">false</boolean><color id="color"><real id="red">0</real><real id="green">0</real><real id="blue">1</real><real id="alpha">1</real></color></attributes></behavior></behaviors><elseBehaviors><behavior enabled="true" id="id839512" class="RuleBehavior"><attributes><text id="name">rule</text><text id="bundleName">Rule.behavior</text><real id="compoundConditionKind">0</real></attributes><conditions><condition id="id162636" eventType="mouse button"><attributes><index id="conditionType">1</index><text id="subjectAttribute">game.attributes.id705503</text></attributes><predicate type="number"><attributes><text id="operator">=</text><real id="RHS">3</real></attributes></predicate></condition><condition id="id634048" eventType="mouse button"><attributes><index id="conditionType">1</index><text id="subjectAttribute">game.attributes.id647217</text></attributes><predicate type="number"><attributes><text id="operator">=</text><real id="RHS">2</real></attributes></predicate></condition></conditions><behaviors><behavior id="id496507" class="DisplayTextBehavior" enabled="true"><attributes><text id="name">Display Text</text><text id="bundleName">DisplayText.behavior</text><text id="text">Go and talk to the princess but
you must know her name.
Come back here when you get the sword</text><text id="font">Trebuchet MS</text><real id="size">18</real><index id="alignment">1</index><boolean id="wrap">false</boolean><color id="color"><real id="red">0</real><real id="green">0</real><real id="blue">1</real><real id="alpha">1</real></color></attributes></behavior></behaviors><elseBehaviors><behavior enabled="true" id="id145911" class="RuleBehavior"><attributes><text id="name">Rule</text><text id="bundleName">Rule.behavior</text><real id="compoundConditionKind">0</real></attributes><conditions><condition id="id162636" eventType="mouse button"><attributes><index id="conditionType">1</index><text id="subjectAttribute">game.attributes.id705503</text></attributes><predicate type="number"><attributes><text id="operator">=</text><real id="RHS">3</real></attributes></predicate></condition><condition id="id634048" eventType="mouse button"><attributes><index id="conditionType">1</index><text id="subjectAttribute">game.attributes.id647217</text></attributes><predicate type="number"><attributes><text id="operator">=</text><real id="RHS">3</real></attributes></predicate></condition></conditions><behaviors><behavior id="id892651" class="ChangeAttributeAction" enabled="true"><attributes><text id="name">Change Attribute</text><text id="bundleName">ChangeAttribute.behavior</text><text id="targetAttribute">game.attributes.id214812</text><text id="RHS">false</text></attributes></behavior><behavior id="id387893" class="ChangeAttributeAction" enabled="true"><attributes><text id="name">Change Attribute</text><text id="bundleName">ChangeAttribute.behavior</text><text id="targetAttribute">game.attributes.id647217</text><text id="RHS">0</text></attributes></behavior></behaviors><elseBehaviors/></behavior></elseBehaviors></behavior></elseBehaviors></behavior></behaviors><elseBehaviors/></behavior><behavior enabled="true" id="id322015" class="RuleBehavior"><attributes><text id="name">Person3withSword</text><text id="bundleName">Rule.behavior</text><real id="compoundConditionKind">0</real></attributes><conditions><condition id="id821199" eventType="mouse button"><attributes><index id="conditionType">1</index><text id="subjectAttribute">game.attributes.id910650</text></attributes><predicate type="boolean"><attributes><index id="RHS">1</index></attributes></predicate></condition></conditions><behaviors><behavior enabled="true" id="id184905" class="RuleBehavior"><attributes><text id="name">Person3withSword</text><text id="bundleName">Rule.behavior</text><real id="compoundConditionKind">0</real></attributes><conditions><condition id="id162636" eventType="mouse button"><attributes><index id="conditionType">1</index><text id="subjectAttribute">game.attributes.id705503</text></attributes><predicate type="number"><attributes><text id="operator">=</text><real id="RHS">3</real></attributes></predicate></condition><condition id="id634048" eventType="mouse button"><attributes><index id="conditionType">1</index><text id="subjectAttribute">game.attributes.id647217</text></attributes><predicate type="number"><attributes><text id="operator">=</text><real id="RHS">1</real></attributes></predicate></condition></conditions><behaviors><behavior id="id496507" class="DisplayTextBehavior" enabled="true"><attributes><text id="name">Display Text</text><text id="bundleName">DisplayText.behavior</text><text id="text"><expression><string>&quot;Brilliant you found a sword &quot;..</string><reference keypath="game.attributes.id348177"/></expression></text><text id="font">Trebuchet MS</text><real id="size">18</real><index id="alignment">1</index><boolean id="wrap">false</boolean><color id="color"><real id="red">0</real><real id="green">0</real><real id="blue">1</real><real id="alpha">1</real></color></attributes></behavior></behaviors><elseBehaviors><behavior enabled="true" id="id839512" class="RuleBehavior"><attributes><text id="name">rule</text><text id="bundleName">Rule.behavior</text><real id="compoundConditionKind">0</real></attributes><conditions><condition id="id162636" eventType="mouse button"><attributes><index id="conditionType">1</index><text id="subjectAttribute">game.attributes.id705503</text></attributes><predicate type="number"><attributes><text id="operator">=</text><real id="RHS">3</real></attributes></predicate></condition><condition id="id634048" eventType="mouse button"><attributes><index id="conditionType">1</index><text id="subjectAttribute">game.attributes.id647217</text></attributes><predicate type="number"><attributes><text id="operator">=</text><real id="RHS">2</real></attributes></predicate></condition></conditions><behaviors><behavior id="id496507" class="DisplayTextBehavior" enabled="true"><attributes><text id="name">Display Text</text><text id="bundleName">DisplayText.behavior</text><text id="text">Press the action button to attack and
remember you can run and attack also.</text><text id="font">Trebuchet MS</text><real id="size">18</real><index id="alignment">1</index><boolean id="wrap">false</boolean><color id="color"><real id="red">0</real><real id="green">0</real><real id="blue">1</real><real id="alpha">1</real></color></attributes></behavior></behaviors><elseBehaviors><behavior enabled="true" id="id867018" class="RuleBehavior"><attributes><text id="name">Rule</text><text id="bundleName">Rule.behavior</text><real id="compoundConditionKind">0</real></attributes><conditions><condition id="id162636" eventType="mouse button"><attributes><index id="conditionType">1</index><text id="subjectAttribute">game.attributes.id705503</text></attributes><predicate type="number"><attributes><text id="operator">=</text><real id="RHS">3</real></attributes></predicate></condition><condition id="id634048" eventType="mouse button"><attributes><index id="conditionType">1</index><text id="subjectAttribute">game.attributes.id647217</text></attributes><predicate type="number"><attributes><text id="operator">=</text><real id="RHS">3</real></attributes></predicate></condition></conditions><behaviors><behavior id="id624930" class="DisplayTextBehavior" enabled="true"><attributes><text id="name">Display Text</text><text id="bundleName">DisplayText.behavior</text><text id="text">Some monsters are stronger than others</text><text id="font">Trebuchet MS</text><real id="size">18</real><index id="alignment">1</index><boolean id="wrap">false</boolean><color id="color"><real id="red">0</real><real id="green">0</real><real id="blue">1</real><real id="alpha">1</real></color></attributes></behavior></behaviors><elseBehaviors><behavior enabled="true" id="id400337" class="RuleBehavior"><attributes><text id="name">Rule</text><text id="bundleName">Rule.behavior</text><real id="compoundConditionKind">0</real></attributes><conditions><condition id="id162636" eventType="mouse button"><attributes><index id="conditionType">1</index><text id="subjectAttribute">game.attributes.id705503</text></attributes><predicate type="number"><attributes><text id="operator">=</text><real id="RHS">3</real></attributes></predicate></condition><condition id="id634048" eventType="mouse button"><attributes><index id="conditionType">1</index><text id="subjectAttribute">game.attributes.id647217</text></attributes><predicate type="number"><attributes><text id="operator">=</text><real id="RHS">4</real></attributes></predicate></condition></conditions><behaviors><behavior id="id892651" class="ChangeAttributeAction" enabled="true"><attributes><text id="name">Change Attribute</text><text id="bundleName">ChangeAttribute.behavior</text><text id="targetAttribute">game.attributes.id214812</text><text id="RHS">false</text></attributes></behavior><behavior id="id387893" class="ChangeAttributeAction" enabled="true"><attributes><text id="name">Change Attribute</text><text id="bundleName">ChangeAttribute.behavior</text><text id="targetAttribute">game.attributes.id647217</text><text id="RHS">0</text></attributes></behavior></behaviors><elseBehaviors/></behavior></elseBehaviors></behavior></elseBehaviors></behavior></elseBehaviors></behavior></behaviors><elseBehaviors/></behavior><behavior enabled="true" id="id256183" class="RuleBehavior"><attributes><text id="name">Person4WithGold</text><text id="bundleName">Rule.behavior</text><real id="compoundConditionKind">0</real></attributes><conditions><condition id="id260061" eventType="mouse button"><attributes><index id="conditionType">1</index><text id="subjectAttribute">game.attributes.id327127</text></attributes><predicate type="number"><attributes><text id="operator">&gt;</text><real id="RHS">9</real></attributes></predicate></condition></conditions><behaviors><behavior enabled="true" id="id275362" class="RuleBehavior"><attributes><text id="name">Person4</text><text id="bundleName">Rule.behavior</text><real id="compoundConditionKind">0</real></attributes><conditions><condition id="id162636" eventType="mouse button"><attributes><index id="conditionType">1</index><text id="subjectAttribute">game.attributes.id705503</text></attributes><predicate type="number"><attributes><text id="operator">=</text><real id="RHS">4</real></attributes></predicate></condition><condition id="id634048" eventType="mouse button"><attributes><index id="conditionType">1</index><text id="subjectAttribute">game.attributes.id647217</text></attributes><predicate type="number"><attributes><text id="operator">=</text><real id="RHS">1</real></attributes></predicate></condition></conditions><behaviors><behavior id="id148544" class="ChangeAttributeAction" enabled="true"><attributes><text id="name">Change Attribute</text><text id="bundleName">ChangeAttribute.behavior</text><text id="targetAttribute">game.attributes.id403123</text><text id="RHS">true</text></attributes></behavior><behavior id="id496507" class="DisplayTextBehavior" enabled="true"><attributes><text id="name">Display Text</text><text id="bundleName">DisplayText.behavior</text><text id="text">Thanks for paying me 10 gold coins
come back soon :)</text><text id="font">Trebuchet MS</text><real id="size">18</real><index id="alignment">1</index><boolean id="wrap">false</boolean><color id="color"><real id="red">0</real><real id="green">0</real><real id="blue">1</real><real id="alpha">1</real></color></attributes></behavior></behaviors><elseBehaviors><behavior enabled="true" id="id803821" class="RuleBehavior"><attributes><text id="name">Rule</text><text id="bundleName">Rule.behavior</text><real id="compoundConditionKind">0</real></attributes><conditions><condition id="id820434" eventType="mouse button"><attributes><index id="conditionType">1</index><text id="subjectAttribute">game.attributes.id705503</text></attributes><predicate type="number"><attributes><text id="operator">=</text><real id="RHS">4</real></attributes></predicate></condition><condition id="id481980" eventType="mouse button"><attributes><index id="conditionType">1</index><text id="subjectAttribute">game.attributes.id647217</text></attributes><predicate type="number"><attributes><text id="operator">=</text><real id="RHS">2</real></attributes></predicate></condition></conditions><behaviors><behavior id="id405984" class="ChangeAttributeAction" enabled="true"><attributes><text id="name">Change Attribute</text><text id="bundleName">ChangeAttribute.behavior</text><text id="targetAttribute">game.attributes.id214812</text><text id="RHS">false</text></attributes></behavior><behavior id="id389420" class="ChangeAttributeAction" enabled="true"><attributes><text id="name">Change Attribute</text><text id="bundleName">ChangeAttribute.behavior</text><text id="targetAttribute">game.attributes.id647217</text><text id="RHS">0</text></attributes></behavior></behaviors><elseBehaviors/></behavior></elseBehaviors></behavior></behaviors><elseBehaviors/></behavior><behavior enabled="true" id="id610417" class="RuleBehavior"><attributes><text id="name">Person4WithOutGold</text><text id="bundleName">Rule.behavior</text><real id="compoundConditionKind">0</real></attributes><conditions><condition id="id260061" eventType="mouse button"><attributes><index id="conditionType">1</index><text id="subjectAttribute">game.attributes.id327127</text></attributes><predicate type="number"><attributes><text id="operator">&lt;</text><real id="RHS">10</real></attributes></predicate></condition></conditions><behaviors><behavior enabled="true" id="id275362" class="RuleBehavior"><attributes><text id="name">Person4</text><text id="bundleName">Rule.behavior</text><real id="compoundConditionKind">0</real></attributes><conditions><condition id="id162636" eventType="mouse button"><attributes><index id="conditionType">1</index><text id="subjectAttribute">game.attributes.id705503</text></attributes><predicate type="number"><attributes><text id="operator">=</text><real id="RHS">4</real></attributes></predicate></condition><condition id="id634048" eventType="mouse button"><attributes><index id="conditionType">1</index><text id="subjectAttribute">game.attributes.id647217</text></attributes><predicate type="number"><attributes><text id="operator">=</text><real id="RHS">1</real></attributes></predicate></condition></conditions><behaviors><behavior id="id496507" class="DisplayTextBehavior" enabled="true"><attributes><text id="name">Display Text</text><text id="bundleName">DisplayText.behavior</text><text id="text">Wait!!! where do you think your going?
You need to pay me 10 gold coins
to enter this area</text><text id="font">Trebuchet MS</text><real id="size">18</real><index id="alignment">1</index><boolean id="wrap">false</boolean><color id="color"><real id="red">0</real><real id="green">0</real><real id="blue">1</real><real id="alpha">1</real></color></attributes></behavior></behaviors><elseBehaviors><behavior enabled="true" id="id803821" class="RuleBehavior"><attributes><text id="name">Rule</text><text id="bundleName">Rule.behavior</text><real id="compoundConditionKind">0</real></attributes><conditions><condition id="id820434" eventType="mouse button"><attributes><index id="conditionType">1</index><text id="subjectAttribute">game.attributes.id705503</text></attributes><predicate type="number"><attributes><text id="operator">=</text><real id="RHS">4</real></attributes></predicate></condition><condition id="id481980" eventType="mouse button"><attributes><index id="conditionType">1</index><text id="subjectAttribute">game.attributes.id647217</text></attributes><predicate type="number"><attributes><text id="operator">=</text><real id="RHS">2</real></attributes></predicate></condition></conditions><behaviors><behavior id="id405984" class="ChangeAttributeAction" enabled="true"><attributes><text id="name">Change Attribute</text><text id="bundleName">ChangeAttribute.behavior</text><text id="targetAttribute">game.attributes.id214812</text><text id="RHS">false</text></attributes></behavior><behavior id="id389420" class="ChangeAttributeAction" enabled="true"><attributes><text id="name">Change Attribute</text><text id="bundleName">ChangeAttribute.behavior</text><text id="targetAttribute">game.attributes.id647217</text><text id="RHS">0</text></attributes></behavior></behaviors><elseBehaviors/></behavior></elseBehaviors></behavior></behaviors><elseBehaviors/></behavior></behaviors><aspects><graphics><attributes><boolean id="visible">true</boolean><enumeration id="blendingMode">0</enumeration><enumeration id="horizontalWrap">0</enumeration><enumeration id="verticalWrap">0</enumeration><boolean id="flipHorizontally">false</boolean><boolean id="flipVertically">false</boolean></attributes></graphics><motion><attributes><point id="linearVelocity"><real id="x">0</real><real id="y">0</real></point><real id="angularVelocity">0</real><real id="maxSpeed">0</real><boolean id="applyMaxSpeed">false</boolean></attributes></motion><physics><attributes><real id="density">1</real><real id="friction">3</real><real id="restitution">1</real><boolean id="fixedRotation">false</boolean><boolean id="movable">false</boolean><enumeration id="collisionShape">0</enumeration><real id="drag">0</real><real id="angularDrag">0</real></attributes></physics></aspects></actor>
