<?xml version="1.0" encoding="UTF-8"?>
<actor PGFVersion="0.17" id="id236187" GSCVersion="0.9.71"><attributes><text id="name">Monster1</text><real id="time">0</real><point id="position"><real id="x">0</real><real id="y">0</real></point><size id="size"><real id="width">48</real><real id="height">48</real></size><angle id="rotation">0</angle><color id="color"><real id="red">1</real><real id="green">1</real><real id="blue">1</real><real id="alpha">1</real></color><image id="image">obj_enemy_mush_001</image><text id="tags"></text><boolean name="Angry" id="id598915">false</boolean></attributes><behaviors><behavior id="id990640" class="NoteBehavior" enabled="true"><attributes><text id="name">Note</text><text id="bundleName">Note.behavior</text><text id="note">Because i want the hero to get close and go behind the monsters i had to make a enemy mask (see enemy mask actor)</text></attributes></behavior><behavior enabled="true" id="id404948" class="RuleBehavior"><attributes><text id="name">Angry</text><text id="bundleName">Rule.behavior</text><real id="compoundConditionKind">0</real></attributes><conditions><condition id="id569780" eventType="overlaps or collides"><attributes><index id="conditionType">0</index></attributes><predicate type="collision"><attributes><text id="prototypeKey">id154465</text><text id="actorTag">person</text><real id="mode">0</real></attributes></predicate></condition></conditions><behaviors><behavior id="id927374" class="ChangeAttributeAction" enabled="true"><attributes><text id="name">Change Attribute</text><text id="bundleName">ChangeAttribute.behavior</text><text id="targetAttribute">self.attributes.id598915</text><text id="RHS">true</text></attributes></behavior></behaviors><elseBehaviors><behavior id="id634113" class="ChangeAttributeAction" enabled="true"><attributes><text id="name">Change Attribute</text><text id="bundleName">ChangeAttribute.behavior</text><text id="targetAttribute">self.attributes.id598915</text><text id="RHS">false</text></attributes></behavior></elseBehaviors></behavior><behavior enabled="true" id="id717528" class="RuleBehavior"><attributes><text id="name">FaceHeroAngry</text><text id="bundleName">Rule.behavior</text><real id="compoundConditionKind">0</real></attributes><conditions><condition id="id613278" eventType="mouse button"><attributes><index id="conditionType">1</index><text id="subjectAttribute">game.attributes.id359650</text></attributes><predicate type="number"><attributes><text id="operator">=</text><real id="RHS">0</real></attributes></predicate></condition><condition id="id912052" eventType="mouse button"><attributes><index id="conditionType">1</index><text id="subjectAttribute">self.attributes.id598915</text></attributes><predicate type="boolean"><attributes><index id="RHS">1</index></attributes></predicate></condition></conditions><behaviors><behavior id="id317977" class="AnimateBehavior" enabled="true"><attributes><text id="name">Animate</text><text id="bundleName">Animate.behavior</text><text id="images">obj_enemy_mushAttack_201	obj_enemy_mushAttack_202	obj_enemy_mushAttack_203	obj_enemy_mushAttack_204	obj_enemy_mushAttack_203	obj_enemy_mushAttack_202</text><index id="speed">20</index><boolean id="loop">true</boolean><boolean id="restoreActorImage">false</boolean></attributes></behavior></behaviors><elseBehaviors><behavior enabled="true" id="id792395" class="RuleBehavior"><attributes><text id="name">Rule</text><text id="bundleName">Rule.behavior</text><real id="compoundConditionKind">0</real></attributes><conditions><condition id="id613278" eventType="mouse button"><attributes><index id="conditionType">1</index><text id="subjectAttribute">game.attributes.id359650</text></attributes><predicate type="number"><attributes><text id="operator">=</text><real id="RHS">1</real></attributes></predicate></condition><condition id="id781515" eventType="mouse button"><attributes><index id="conditionType">1</index><text id="subjectAttribute">self.attributes.id598915</text></attributes><predicate type="boolean"><attributes><index id="RHS">1</index></attributes></predicate></condition></conditions><behaviors><behavior id="id317977" class="AnimateBehavior" enabled="true"><attributes><text id="name">Animate</text><text id="bundleName">Animate.behavior</text><text id="images">obj_enemy_mushAttack_001	obj_enemy_mushAttack_002	obj_enemy_mushAttack_003	obj_enemy_mushAttack_004	obj_enemy_mushAttack_003	obj_enemy_mushAttack_002</text><index id="speed">20</index><boolean id="loop">true</boolean><boolean id="restoreActorImage">false</boolean></attributes></behavior></behaviors><elseBehaviors><behavior enabled="true" id="id202731" class="RuleBehavior"><attributes><text id="name">Rule</text><text id="bundleName">Rule.behavior</text><real id="compoundConditionKind">0</real></attributes><conditions><condition id="id613278" eventType="mouse button"><attributes><index id="conditionType">1</index><text id="subjectAttribute">game.attributes.id359650</text></attributes><predicate type="number"><attributes><text id="operator">=</text><real id="RHS">2</real></attributes></predicate></condition><condition id="id379686" eventType="mouse button"><attributes><index id="conditionType">1</index><text id="subjectAttribute">self.attributes.id598915</text></attributes><predicate type="boolean"><attributes><index id="RHS">1</index></attributes></predicate></condition></conditions><behaviors><behavior id="id317977" class="AnimateBehavior" enabled="true"><attributes><text id="name">Animate</text><text id="bundleName">Animate.behavior</text><text id="images">obj_enemy_mushAttack_301	obj_enemy_mushAttack_302	obj_enemy_mushAttack_303	obj_enemy_mushAttack_304	obj_enemy_mushAttack_303	obj_enemy_mushAttack_302</text><index id="speed">20</index><boolean id="loop">true</boolean><boolean id="restoreActorImage">false</boolean></attributes></behavior></behaviors><elseBehaviors><behavior enabled="true" id="id214685" class="RuleBehavior"><attributes><text id="name">Rule</text><text id="bundleName">Rule.behavior</text><real id="compoundConditionKind">0</real></attributes><conditions><condition id="id613278" eventType="mouse button"><attributes><index id="conditionType">1</index><text id="subjectAttribute">game.attributes.id359650</text></attributes><predicate type="number"><attributes><text id="operator">=</text><real id="RHS">3</real></attributes></predicate></condition><condition id="id164621" eventType="mouse button"><attributes><index id="conditionType">1</index><text id="subjectAttribute">self.attributes.id598915</text></attributes><predicate type="boolean"><attributes><index id="RHS">1</index></attributes></predicate></condition></conditions><behaviors><behavior id="id317977" class="AnimateBehavior" enabled="true"><attributes><text id="name">Animate</text><text id="bundleName">Animate.behavior</text><text id="images">obj_enemy_mushAttack_101	obj_enemy_mushAttack_102	obj_enemy_mushAttack_103	obj_enemy_mushAttack_104	obj_enemy_mushAttack_103	obj_enemy_mushAttack_102</text><index id="speed">20</index><boolean id="loop">true</boolean><boolean id="restoreActorImage">false</boolean></attributes></behavior></behaviors><elseBehaviors/></behavior></elseBehaviors></behavior></elseBehaviors></behavior></elseBehaviors></behavior><behavior enabled="true" id="id966227" class="RuleBehavior"><attributes><text id="name">FaceHero</text><text id="bundleName">Rule.behavior</text><real id="compoundConditionKind">0</real></attributes><conditions><condition id="id613278" eventType="mouse button"><attributes><index id="conditionType">1</index><text id="subjectAttribute">game.attributes.id359650</text></attributes><predicate type="number"><attributes><text id="operator">=</text><real id="RHS">0</real></attributes></predicate></condition><condition id="id912052" eventType="mouse button"><attributes><index id="conditionType">1</index><text id="subjectAttribute">self.attributes.id598915</text></attributes><predicate type="boolean"><attributes><index id="RHS">0</index></attributes></predicate></condition></conditions><behaviors><behavior id="id317977" class="AnimateBehavior" enabled="true"><attributes><text id="name">Animate</text><text id="bundleName">Animate.behavior</text><text id="images">_0015_obj_enemy_myshroom_201	obj_enemy_mush_202	obj_enemy_mush_203	obj_enemy_mush_204</text><index id="speed">10</index><boolean id="loop">true</boolean><boolean id="restoreActorImage">false</boolean></attributes></behavior></behaviors><elseBehaviors><behavior enabled="true" id="id792395" class="RuleBehavior"><attributes><text id="name">Rule</text><text id="bundleName">Rule.behavior</text><real id="compoundConditionKind">0</real></attributes><conditions><condition id="id613278" eventType="mouse button"><attributes><index id="conditionType">1</index><text id="subjectAttribute">game.attributes.id359650</text></attributes><predicate type="number"><attributes><text id="operator">=</text><real id="RHS">1</real></attributes></predicate></condition><condition id="id781515" eventType="mouse button"><attributes><index id="conditionType">1</index><text id="subjectAttribute">self.attributes.id598915</text></attributes><predicate type="boolean"><attributes><index id="RHS">0</index></attributes></predicate></condition></conditions><behaviors><behavior id="id317977" class="AnimateBehavior" enabled="true"><attributes><text id="name">Animate</text><text id="bundleName">Animate.behavior</text><text id="images">obj_enemy_mush_001	obj_enemy_mush_002	obj_enemy_mush_003	obj_enemy_mush_004</text><index id="speed">10</index><boolean id="loop">true</boolean><boolean id="restoreActorImage">false</boolean></attributes></behavior></behaviors><elseBehaviors><behavior enabled="true" id="id202731" class="RuleBehavior"><attributes><text id="name">Rule</text><text id="bundleName">Rule.behavior</text><real id="compoundConditionKind">0</real></attributes><conditions><condition id="id613278" eventType="mouse button"><attributes><index id="conditionType">1</index><text id="subjectAttribute">game.attributes.id359650</text></attributes><predicate type="number"><attributes><text id="operator">=</text><real id="RHS">2</real></attributes></predicate></condition><condition id="id379686" eventType="mouse button"><attributes><index id="conditionType">1</index><text id="subjectAttribute">self.attributes.id598915</text></attributes><predicate type="boolean"><attributes><index id="RHS">0</index></attributes></predicate></condition></conditions><behaviors><behavior id="id317977" class="AnimateBehavior" enabled="true"><attributes><text id="name">Animate</text><text id="bundleName">Animate.behavior</text><text id="images">obj_enemy_mush_301	obj_enemy_mush_302	obj_enemy_mush_303	obj_enemy_mush_304</text><index id="speed">10</index><boolean id="loop">true</boolean><boolean id="restoreActorImage">false</boolean></attributes></behavior></behaviors><elseBehaviors><behavior enabled="true" id="id214685" class="RuleBehavior"><attributes><text id="name">Rule</text><text id="bundleName">Rule.behavior</text><real id="compoundConditionKind">0</real></attributes><conditions><condition id="id613278" eventType="mouse button"><attributes><index id="conditionType">1</index><text id="subjectAttribute">game.attributes.id359650</text></attributes><predicate type="number"><attributes><text id="operator">=</text><real id="RHS">3</real></attributes></predicate></condition><condition id="id164621" eventType="mouse button"><attributes><index id="conditionType">1</index><text id="subjectAttribute">self.attributes.id598915</text></attributes><predicate type="boolean"><attributes><index id="RHS">0</index></attributes></predicate></condition></conditions><behaviors><behavior id="id317977" class="AnimateBehavior" enabled="true"><attributes><text id="name">Animate</text><text id="bundleName">Animate.behavior</text><text id="images">obj_enemy_mush_101	obj_enemy_mush_102	obj_enemy_mush_103	obj_enemy_mush_104</text><index id="speed">10</index><boolean id="loop">true</boolean><boolean id="restoreActorImage">false</boolean></attributes></behavior></behaviors><elseBehaviors/></behavior></elseBehaviors></behavior></elseBehaviors></behavior></elseBehaviors></behavior><behavior enabled="true" id="id889053" class="RuleBehavior"><attributes><text id="name">Rule</text><text id="bundleName">Rule.behavior</text><real id="compoundConditionKind">0</real></attributes><conditions><condition id="id798414" eventType="overlaps or collides"><attributes><index id="conditionType">0</index></attributes><predicate type="collision"><attributes><text id="prototypeKey">id560923</text><text id="actorTag">hero</text><real id="mode">1</real></attributes></predicate></condition><condition id="id853250" eventType="mouse button"><attributes><index id="conditionType">1</index><text id="subjectAttribute">self.attributes.position.y</text></attributes><predicate type="number"><attributes><text id="operator">&gt;</text><real id="RHS"><expression><reference keypath="game.attributes.id107135"/></expression></real></attributes></predicate></condition></conditions><behaviors><behavior id="id581978" class="ChangeAttributeAction" enabled="true"><attributes><text id="name">Change Attribute</text><text id="bundleName">ChangeAttribute.behavior</text><text id="targetAttribute">game.attributes.id483078</text><text id="RHS">true</text></attributes></behavior></behaviors><elseBehaviors><behavior id="id819407" class="ChangeAttributeAction" enabled="true"><attributes><text id="name">Change Attribute</text><text id="bundleName">ChangeAttribute.behavior</text><text id="targetAttribute">game.attributes.id483078</text><text id="RHS">false</text></attributes></behavior></elseBehaviors></behavior><behavior enabled="true" id="id333974" class="RuleBehavior"><attributes><text id="name">Rule</text><text id="bundleName">Rule.behavior</text><real id="compoundConditionKind">0</real></attributes><conditions><condition id="id228745" eventType="overlaps or collides"><attributes><index id="conditionType">0</index></attributes><predicate type="collision"><attributes><text id="prototypeKey">id440524</text><text id="actorTag">person</text><real id="mode">0</real></attributes></predicate></condition></conditions><behaviors><behavior id="id117997" class="PlaySoundAction" enabled="true"><attributes><text id="name">Play Sound</text><text id="bundleName">PlaySound.behavior</text><sound id="soundName">Beast2</sound><boolean id="loop">false</boolean><boolean id="runToCompletion">true</boolean><boolean id="positional">false</boolean><boolean id="dopplerShift">false</boolean><real id="volume">1</real><real id="pitch">1</real></attributes></behavior><behavior id="id776675" class="ChangeAttributeAction" enabled="true"><attributes><text id="name">Change Attribute</text><text id="bundleName">ChangeAttribute.behavior</text><text id="targetAttribute">game.attributes.id441715</text><text id="RHS"><expression><reference keypath="game.attributes.id441715"/><string>-1</string></expression></text></attributes></behavior></behaviors><elseBehaviors/></behavior><behavior enabled="true" id="id143022" class="RuleBehavior"><attributes><text id="name">Rule</text><text id="bundleName">Rule.behavior</text><real id="compoundConditionKind">0</real></attributes><conditions><condition id="id587460" eventType="mouse button"><attributes><index id="conditionType">1</index><text id="subjectAttribute">game.attributes.id441715</text></attributes><predicate type="number"><attributes><text id="operator">=</text><real id="RHS">0</real></attributes></predicate></condition></conditions><behaviors><behavior id="id861641" class="SpawnAction" enabled="true"><attributes><text id="name">Spawn Actor</text><text id="bundleName">Spawn.behavior</text><text id="prototypeKey">id827366</text><angle id="direction">0</angle><index id="directionSpace">0</index><real id="x">0</real><real id="y">0</real><index id="positionSpace">0</index><index id="layerOrder">3</index></attributes></behavior><behavior id="id485612" class="DestroyAction" enabled="true"><attributes><text id="name">Destroy</text><text id="bundleName">Destroy.behavior</text></attributes></behavior></behaviors><elseBehaviors/></behavior></behaviors><aspects><graphics><attributes><boolean id="visible">true</boolean><enumeration id="blendingMode">0</enumeration><enumeration id="horizontalWrap">0</enumeration><enumeration id="verticalWrap">0</enumeration><boolean id="flipHorizontally">false</boolean><boolean id="flipVertically">false</boolean></attributes></graphics><motion><attributes><point id="linearVelocity"><real id="x">0</real><real id="y">0</real></point><real id="angularVelocity">0</real><real id="maxSpeed">0</real><boolean id="applyMaxSpeed">false</boolean></attributes></motion><physics><attributes><real id="density">1</real><real id="friction">3</real><real id="restitution">0</real><boolean id="fixedRotation">false</boolean><boolean id="movable">false</boolean><enumeration id="collisionShape">0</enumeration><real id="drag">0</real><real id="angularDrag">0</real></attributes></physics></aspects></actor>
