<?xml version="1.0" encoding="UTF-8"?>
<actor PGFVersion="0.17" id="id440524" GSCVersion="0.9.71"><attributes><text id="name">SwordAttackArea</text><real id="time">0</real><point id="position"><real id="x">0</real><real id="y">0</real></point><size id="size"><real id="width">80</real><real id="height">80</real></size><angle id="rotation">0</angle><color id="color"><real id="red">1</real><real id="green">1</real><real id="blue">1</real><real id="alpha">1</real></color><image id="image">obj_hintring</image><text id="tags"></text></attributes><behaviors><behavior id="id223878" class="ChangeAttributeAction" enabled="true"><attributes><text id="name">Change Attribute</text><text id="bundleName">ChangeAttribute.behavior</text><text id="targetAttribute">self.attributes.color.alpha</text><text id="RHS">0</text></attributes></behavior><behavior id="id192702" class="NoteBehavior" enabled="true"><attributes><text id="name">Note</text><text id="bundleName">Note.behavior</text><text id="note">This actor changes its position to hero X Y when you use the attack.

If it collides with enemy it will do damage.</text></attributes></behavior><behavior enabled="true" id="id553686" class="RuleBehavior"><attributes><text id="name">Rule</text><text id="bundleName">Rule.behavior</text><real id="compoundConditionKind">0</real></attributes><conditions><condition id="id250446" eventType="overlaps or collides"><attributes><index id="conditionType">1</index><text id="subjectAttribute">game.attributes.id910650</text></attributes><predicate type="boolean"><attributes><index id="RHS">1</index></attributes></predicate></condition><condition id="id365961" eventType="mouse button"><attributes><index id="conditionType">1</index><text id="subjectAttribute">game.attributes.id415407</text></attributes><predicate type="boolean"><attributes><index id="RHS">1</index></attributes></predicate></condition><condition id="id666932" eventType="mouse button"><attributes><index id="conditionType">1</index><text id="subjectAttribute">game.attributes.id705503</text></attributes><predicate type="number"><attributes><text id="operator">=</text><real id="RHS">0</real></attributes></predicate></condition></conditions><behaviors><behavior id="id714516" class="NoteBehavior" enabled="true"><attributes><text id="name">Note</text><text id="bundleName">Note.behavior</text><text id="note">If game.sword is true ie if we have collected it and game.UseSword is true ie if we press action button change the X Y to hero X Y.

I also check for person=0 because we don't want to use sword when talking cause things could get messy:)

Open up otherwise part of the rule.</text></attributes></behavior><behavior id="id564312" class="ConstrainAttributeBehavior" enabled="true"><attributes><text id="name">Constrain Attribute</text><text id="bundleName">ConstrainAttribute.behavior</text><text id="targetAttribute">self.attributes.position.x</text><text id="RHS"><expression><reference keypath="game.attributes.id729309"/></expression></text></attributes></behavior><behavior id="id799506" class="ConstrainAttributeBehavior" enabled="true"><attributes><text id="name">Constrain Attribute</text><text id="bundleName">ConstrainAttribute.behavior</text><text id="targetAttribute">self.attributes.position.y</text><text id="RHS"><expression><reference keypath="game.attributes.id107135"/><string>+10</string></expression></text></attributes></behavior></behaviors><elseBehaviors><behavior id="id675047" class="NoteBehavior" enabled="true"><attributes><text id="name">Note</text><text id="bundleName">Note.behavior</text><text id="note">changes position to out of the scene if not used
</text></attributes></behavior><behavior id="id708484" class="ChangeAttributeAction" enabled="true"><attributes><text id="name">Change Attribute</text><text id="bundleName">ChangeAttribute.behavior</text><text id="targetAttribute">self.attributes.position.x</text><text id="RHS"><expression><string>-100</string></expression></text></attributes></behavior><behavior id="id202687" class="ChangeAttributeAction" enabled="true"><attributes><text id="name">Change Attribute</text><text id="bundleName">ChangeAttribute.behavior</text><text id="targetAttribute">self.attributes.position.y</text><text id="RHS"><expression><string>-100</string></expression></text></attributes></behavior></elseBehaviors></behavior></behaviors><aspects><graphics><attributes><boolean id="visible">true</boolean><enumeration id="blendingMode">0</enumeration><enumeration id="horizontalWrap">0</enumeration><enumeration id="verticalWrap">0</enumeration><boolean id="flipHorizontally">false</boolean><boolean id="flipVertically">false</boolean></attributes></graphics><motion><attributes><point id="linearVelocity"><real id="x">0</real><real id="y">0</real></point><real id="angularVelocity">0</real><real id="maxSpeed">0</real><boolean id="applyMaxSpeed">false</boolean></attributes></motion><physics><attributes><real id="density">1</real><real id="friction">3</real><real id="restitution">0</real><boolean id="fixedRotation">false</boolean><boolean id="movable">true</boolean><enumeration id="collisionShape">0</enumeration><real id="drag">0</real><real id="angularDrag">0</real></attributes></physics></aspects></actor>
