<?xml version="1.0" encoding="UTF-8"?>
<actor PGFVersion="0.17" id="id780771" GSCVersion="0.9.71"><attributes><text id="name">Title_EnterName</text><real id="time">0</real><point id="position"><real id="x">0</real><real id="y">0</real></point><size id="size"><real id="width">200</real><real id="height">40</real></size><angle id="rotation">0</angle><color id="color"><real id="red">1</real><real id="green">1</real><real id="blue">1</real><real id="alpha">0</real></color><image id="image"></image><text id="tags"></text></attributes><behaviors><behavior enabled="true" id="id542016" class="RuleBehavior"><attributes><text id="name">Rule</text><text id="bundleName">Rule.behavior</text><real id="compoundConditionKind">0</real></attributes><conditions><condition id="id724656" eventType="mouse button"><attributes><index id="conditionType">1</index><text id="subjectAttribute">game.attributes.id348177</text></attributes><predicate type="string"><attributes><text id="operator">is</text><text id="RHS"></text></attributes></predicate></condition></conditions><behaviors><behavior id="id421000" class="DisplayTextBehavior" enabled="true"><attributes><text id="name">Display Text</text><text id="bundleName">DisplayText.behavior</text><text id="text">Touch here to enter your name</text><text id="font">Trebuchet MS</text><real id="size">18</real><index id="alignment">1</index><boolean id="wrap">false</boolean><color id="color"><real id="red">1</real><real id="green">1</real><real id="blue">1</real><real id="alpha">1</real></color></attributes></behavior><behavior enabled="true" id="id676827" class="RuleBehavior"><attributes><text id="name">Rule</text><text id="bundleName">Rule.behavior</text><real id="compoundConditionKind">0</real></attributes><conditions><condition id="id527195" eventType="touch"><attributes><index id="conditionType">0</index></attributes><predicate type="touch" conditionType="pressed"><attributes/></predicate></condition></conditions><behaviors><behavior id="id176167" class="KeyboardInputAction" enabled="true"><attributes><text id="name">Keyboard Input</text><text id="bundleName">KeyboardInput.behavior</text><text id="targetAttribute">game.attributes.id348177</text><text id="keyboardPrompt">Hero's name?</text></attributes></behavior></behaviors><elseBehaviors/></behavior></behaviors><elseBehaviors><behavior id="id734761" class="DisplayTextBehavior" enabled="true"><attributes><text id="name">Display Text</text><text id="bundleName">DisplayText.behavior</text><text id="text"><expression><reference keypath="game.attributes.id348177"/></expression></text><text id="font">Trebuchet MS</text><real id="size">22</real><index id="alignment">1</index><boolean id="wrap">false</boolean><color id="color"><real id="red">1</real><real id="green">1</real><real id="blue">1</real><real id="alpha">1</real></color></attributes></behavior></elseBehaviors></behavior><behavior enabled="true" id="id464807" class="RuleBehavior"><attributes><text id="name">Rule</text><text id="bundleName">Rule.behavior</text><real id="compoundConditionKind">0</real></attributes><conditions><condition id="id755657" eventType="touch"><attributes><index id="conditionType">0</index></attributes><predicate type="touch" conditionType="pressed"><attributes/></predicate></condition><condition id="id779066" eventType="mouse button"><attributes><index id="conditionType">1</index><text id="subjectAttribute">game.attributes.id348177</text></attributes><predicate type="string"><attributes><text id="operator">is</text><text id="RHS"><expression><reference keypath="game.attributes.id348177"/></expression></text></attributes></predicate></condition></conditions><behaviors><behavior id="id902152" class="ChangeAttributeAction" enabled="true"><attributes><text id="name">Change Attribute</text><text id="bundleName">ChangeAttribute.behavior</text><text id="targetAttribute">game.attributes.id348177</text><text id="RHS"></text></attributes></behavior></behaviors><elseBehaviors/></behavior></behaviors><aspects><graphics><attributes><boolean id="visible">true</boolean><enumeration id="blendingMode">0</enumeration><enumeration id="horizontalWrap">0</enumeration><enumeration id="verticalWrap">0</enumeration><boolean id="flipHorizontally">false</boolean><boolean id="flipVertically">false</boolean></attributes></graphics><motion><attributes><point id="linearVelocity"><real id="x">0</real><real id="y">0</real></point><real id="angularVelocity">0</real><real id="maxSpeed">0</real><boolean id="applyMaxSpeed">false</boolean></attributes></motion><physics><attributes><real id="density">1</real><real id="friction">3</real><real id="restitution">1</real><boolean id="fixedRotation">false</boolean><boolean id="movable">false</boolean><enumeration id="collisionShape">0</enumeration><real id="drag">0</real><real id="angularDrag">0</real></attributes></physics></aspects></actor>
