<?xml version="1.0" encoding="UTF-8"?>
<actor PGFVersion="0.17" id="id292038" GSCVersion="0.9.5"><attributes><text id="name">title splash</text><real id="time">0</real><point id="position"><real id="x">0</real><real id="y">0</real></point><size id="size"><real id="width">238</real><real id="height">400</real></size><angle id="rotation">0</angle><color id="color"><real id="red">1</real><real id="green">1</real><real id="blue">1</real><real id="alpha">1</real></color><image id="image">8_1</image><text id="tags"></text></attributes><behaviors><behavior id="id413376" class="TimerBehavior" enabled="true"><attributes><text id="name">Timer</text><text id="bundleName">Timer.behavior</text><index id="timerType">1</index><real id="interval">2</real><boolean id="runToCompletion">true</boolean></attributes><behaviors><behavior id="id220402" class="ChangeImageAction" enabled="true"><attributes><text id="name">Change Image</text><text id="bundleName">ChangeImage.behavior</text><image id="image">9_1</image></attributes></behavior></behaviors></behavior><behavior id="id501574" class="TimerBehavior" enabled="true"><attributes><text id="name">Timer</text><text id="bundleName">Timer.behavior</text><index id="timerType">1</index><real id="interval">3</real><boolean id="runToCompletion">true</boolean></attributes><behaviors><behavior id="id270575" class="ChangeImageAction" enabled="true"><attributes><text id="name">Change Image</text><text id="bundleName">ChangeImage.behavior</text><image id="image">10</image></attributes></behavior></behaviors></behavior><behavior id="id687426" class="TimerBehavior" enabled="true"><attributes><text id="name">Timer</text><text id="bundleName">Timer.behavior</text><index id="timerType">1</index><real id="interval">5</real><boolean id="runToCompletion">true</boolean></attributes><behaviors><behavior id="id878600" class="DestroyAction" enabled="true"><attributes><text id="name">Destroy</text><text id="bundleName">Destroy.behavior</text></attributes></behavior></behaviors></behavior></behaviors><aspects><graphics><attributes><boolean id="visible">true</boolean><enumeration id="blendingMode">0</enumeration><enumeration id="horizontalWrap">0</enumeration><enumeration id="verticalWrap">0</enumeration></attributes></graphics><motion><attributes><point id="linearVelocity"><real id="x">0</real><real id="y">0</real></point><real id="angularVelocity">0</real><real id="maxSpeed">0</real><boolean id="applyMaxSpeed">false</boolean></attributes></motion><physics><attributes><real id="density">1</real><real id="friction">3</real><real id="restitution">1</real><boolean id="fixedRotation">false</boolean><boolean id="movable">true</boolean><enumeration id="collisionShape">0</enumeration><real id="drag">0</real><real id="angularDrag">0</real></attributes></physics></aspects></actor>
