<?xml version="1.0" encoding="UTF-8"?>
<actor PGFVersion="0.17" id="id171408" GSCVersion="0.9.5"><attributes><text id="name">gameover2</text><real id="time">0</real><point id="position"><real id="x">0</real><real id="y">0</real></point><size id="size"><real id="width">320</real><real id="height">480</real></size><angle id="rotation">0</angle><color id="color"><real id="red">1</real><real id="green">1</real><real id="blue">1</real><real id="alpha">0.65</real></color><image id="image">Game_Over</image><text id="tags"></text></attributes><behaviors><behavior id="id113594" class="PlaySoundAction" enabled="true"><attributes><text id="name">Play Sound</text><text id="bundleName">PlaySound.behavior</text><sound id="soundName">partially_wrong_sound</sound><boolean id="loop">false</boolean><boolean id="runToCompletion">true</boolean><boolean id="positional">false</boolean><boolean id="dopplerShift">false</boolean><real id="volume">1</real><real id="pitch">1</real></attributes></behavior><behavior enabled="true" id="id177497" class="RuleBehavior"><attributes><text id="name">Rule</text><text id="bundleName">Rule.behavior</text><real id="compoundConditionKind">0</real></attributes><conditions><condition id="id559723" eventType="touch"><attributes><index id="conditionType">0</index></attributes><predicate type="touch" conditionType="pressed"><attributes/></predicate></condition></conditions><behaviors><behavior id="id351957" class="PlaySoundAction" enabled="true"><attributes><text id="name">Play Sound</text><text id="bundleName">PlaySound.behavior</text><sound id="soundName">click</sound><boolean id="loop">false</boolean><boolean id="runToCompletion">true</boolean><boolean id="positional">false</boolean><boolean id="dopplerShift">false</boolean><real id="volume">1</real><real id="pitch">1</real></attributes></behavior><behavior id="id583291" class="ChangeAttributeAction" enabled="true"><attributes><text id="name">Change Attribute</text><text id="bundleName">ChangeAttribute.behavior</text><text id="targetAttribute">game.attributes.id802847</text><text id="RHS">false</text></attributes></behavior><behavior id="id525512" class="ChangeAttributeAction" enabled="true"><attributes><text id="name">Reset Score</text><text id="bundleName">ChangeAttribute.behavior</text><text id="targetAttribute">game.attributes.id924404</text><text id="RHS">0</text></attributes></behavior><behavior id="id288548" class="ChangeAttributeAction" enabled="true"><attributes><text id="name">Reset Lives</text><text id="bundleName">ChangeAttribute.behavior</text><text id="targetAttribute">game.attributes.id352185</text><text id="RHS">3</text></attributes></behavior><behavior id="id730859" class="ChangeAttributeAction" enabled="true"><attributes><text id="name">Do not start round</text><text id="bundleName">ChangeAttribute.behavior</text><text id="targetAttribute">game.attributes.id753719</text><text id="RHS">false</text></attributes></behavior><behavior id="id180386" class="ChangeAttributeAction" enabled="true"><attributes><text id="name">Reset soawn speed</text><text id="bundleName">ChangeAttribute.behavior</text><text id="targetAttribute">game.attributes.id327835</text><text id="RHS">1</text></attributes></behavior><behavior id="id260327" class="ChangeAttributeAction" enabled="true"><attributes><text id="name">Reset Spawn Speed</text><text id="bundleName">ChangeAttribute.behavior</text><text id="targetAttribute">game.attributes.id354301</text><text id="RHS">0.8</text></attributes></behavior><behavior id="id905927" class="ChangeAttributeAction" enabled="true"><attributes><text id="name">Reset touch x</text><text id="bundleName">ChangeAttribute.behavior</text><text id="targetAttribute">game.attributes.id903311</text><text id="RHS">0</text></attributes></behavior><behavior id="id320493" class="ChangeAttributeAction" enabled="true"><attributes><text id="name">Reset touch y</text><text id="bundleName">ChangeAttribute.behavior</text><text id="targetAttribute">game.attributes.id461560</text><text id="RHS">0</text></attributes></behavior><behavior id="id630853" class="ChangeAttributeAction" enabled="true"><attributes><text id="name">Reset Power</text><text id="bundleName">ChangeAttribute.behavior</text><text id="targetAttribute">game.attributes.id270783</text><text id="RHS">0</text></attributes></behavior><behavior id="id446455" class="ChangeAttributeAction" enabled="true"><attributes><text id="name">Reset line y</text><text id="bundleName">ChangeAttribute.behavior</text><text id="targetAttribute">game.attributes.id356011</text><text id="RHS">100</text></attributes></behavior><behavior id="id869995" class="ChangeAttributeAction" enabled="true"><attributes><text id="name">Reset zap</text><text id="bundleName">ChangeAttribute.behavior</text><text id="targetAttribute">game.attributes.id360253</text><text id="RHS">false</text></attributes></behavior><behavior id="id316796" class="ChangeAttributeAction" enabled="true"><attributes><text id="name">Reset fall speed</text><text id="bundleName">ChangeAttribute.behavior</text><text id="targetAttribute">game.attributes.id721685</text><text id="RHS">60</text></attributes></behavior><behavior id="id631649" class="ChangeAttributeAction" enabled="true"><attributes><text id="name">Reset Start Game menu</text><text id="bundleName">ChangeAttribute.behavior</text><text id="targetAttribute">game.attributes.id810427</text><text id="RHS">false</text></attributes></behavior><behavior id="id605767" class="ChangeAttributeAction" enabled="true"><attributes><text id="name">Reset how many stars</text><text id="bundleName">ChangeAttribute.behavior</text><text id="targetAttribute">game.attributes.id665450</text><text id="RHS">0</text></attributes></behavior><behavior id="id938735" class="ChangeAttributeAction" enabled="true"><attributes><text id="name">Reset Grid Color</text><text id="bundleName">ChangeAttribute.behavior</text><text id="targetAttribute">game.attributes.id159592</text><text id="RHS">0</text></attributes></behavior><behavior id="id126624" class="ChangeSceneAction" enabled="true"><attributes><text id="name">Change Scene</text><text id="bundleName">ChangeScene.behavior</text><text id="sceneKey">id936987</text></attributes></behavior></behaviors><elseBehaviors/></behavior></behaviors><aspects><graphics><attributes><boolean id="visible">true</boolean><enumeration id="blendingMode">0</enumeration><enumeration id="horizontalWrap">0</enumeration><enumeration id="verticalWrap">0</enumeration></attributes></graphics><motion><attributes><point id="linearVelocity"><real id="x">0</real><real id="y">0</real></point><real id="angularVelocity">0</real><real id="maxSpeed">0</real><boolean id="applyMaxSpeed">false</boolean></attributes></motion><physics><attributes><real id="density">1</real><real id="friction">3</real><real id="restitution">1</real><boolean id="fixedRotation">false</boolean><boolean id="movable">true</boolean><enumeration id="collisionShape">0</enumeration><real id="drag">0</real><real id="angularDrag">0</real></attributes></physics></aspects></actor>
