<?xml version="1.0" encoding="UTF-8"?>
<actor PGFVersion="0.17" id="id443835" GSCVersion="0.9.5"><attributes><text id="name">100pts</text><real id="time">0</real><point id="position"><real id="x">0</real><real id="y">0</real></point><size id="size"><real id="width">50</real><real id="height">18</real></size><angle id="rotation">0</angle><color id="color"><real id="red">1</real><real id="green">1</real><real id="blue">1</real><real id="alpha">1</real></color><image id="image">100pts</image><text id="tags"></text></attributes><behaviors><behavior id="id957725" class="TimerBehavior" enabled="true"><attributes><text id="name">Timer</text><text id="bundleName">Timer.behavior</text><index id="timerType">1</index><real id="interval">0.5</real><boolean id="runToCompletion">true</boolean></attributes><behaviors><behavior id="id405481" class="DestroyAction" enabled="true"><attributes><text id="name">Destroy</text><text id="bundleName">Destroy.behavior</text></attributes></behavior></behaviors></behavior><behavior enabled="true" id="id327114" class="RuleBehavior"><attributes><text id="name">Rule</text><text id="bundleName">Rule.behavior</text><real id="compoundConditionKind">0</real></attributes><conditions><condition id="id763631" eventType="touch"><attributes><index id="conditionType">1</index><text id="subjectAttribute">game.attributes.id372094</text></attributes><predicate type="number"><attributes><text id="operator">=</text><real id="RHS">2</real></attributes></predicate></condition></conditions><behaviors><behavior id="id241232" class="ChangeImageAction" enabled="true"><attributes><text id="name">200Pts</text><text id="bundleName">ChangeImage.behavior</text><image id="image">200pts</image></attributes></behavior></behaviors><elseBehaviors><behavior enabled="true" id="id253998" class="RuleBehavior"><attributes><text id="name">Rule</text><text id="bundleName">Rule.behavior</text><real id="compoundConditionKind">0</real></attributes><conditions><condition id="id308659" eventType="touch"><attributes><index id="conditionType">1</index><text id="subjectAttribute">game.attributes.id372094</text></attributes><predicate type="number"><attributes><text id="operator">=</text><real id="RHS">3</real></attributes></predicate></condition></conditions><behaviors><behavior id="id857073" class="ChangeImageAction" enabled="true"><attributes><text id="name">300Pts</text><text id="bundleName">ChangeImage.behavior</text><image id="image">300pts</image></attributes></behavior></behaviors><elseBehaviors/></behavior></elseBehaviors></behavior></behaviors><aspects><graphics><attributes><boolean id="visible">true</boolean><enumeration id="blendingMode">0</enumeration><enumeration id="horizontalWrap">0</enumeration><enumeration id="verticalWrap">0</enumeration></attributes></graphics><motion><attributes><point id="linearVelocity"><real id="x">0</real><real id="y">0</real></point><real id="angularVelocity">0</real><real id="maxSpeed">0</real><boolean id="applyMaxSpeed">false</boolean></attributes></motion><physics><attributes><real id="density">1</real><real id="friction">3</real><real id="restitution">1</real><boolean id="fixedRotation">false</boolean><boolean id="movable">true</boolean><enumeration id="collisionShape">0</enumeration><real id="drag">0</real><real id="angularDrag">0</real></attributes></physics></aspects></actor>
