<?xml version="1.0" encoding="UTF-8"?>
<actor PGFVersion="0.17" id="id619983" GSCVersion="0.9.5"><attributes><text id="name">gameplay</text><real id="time">0</real><point id="position"><real id="x">0</real><real id="y">0</real></point><size id="size"><real id="width">264</real><real id="height">211</real></size><angle id="rotation">0</angle><color id="color"><real id="red">1</real><real id="green">1</real><real id="blue">1</real><real id="alpha">1</real></color><image id="image">gameplay - Picture - PNG Format_05</image><text id="tags"></text></attributes><behaviors><behavior id="id892811" class="TimerBehavior" enabled="true"><attributes><text id="name">Timer</text><text id="bundleName">Timer.behavior</text><index id="timerType">1</index><real id="interval">1.5</real><boolean id="runToCompletion">true</boolean></attributes><behaviors><behavior id="id506991" class="AnimateBehavior" enabled="true"><attributes><text id="name">Animate</text><text id="bundleName">Animate.behavior</text><text id="images">gameplay - Picture - PNG Format_05	gameplay - Picture - PNG Format_06	gameplay - Picture - PNG Format_07	gameplay - Picture - PNG Format_08	gameplay - Picture - PNG Format_09	gameplay - Picture - PNG Format_10	gameplay - Picture - PNG Format_11	gameplay - Picture - PNG Format_12	gameplay - Picture - PNG Format_13	gameplay - Picture - PNG Format_14	gameplay - Picture - PNG Format_15	gameplay - Picture - PNG Format_16	gameplay - Picture - PNG Format_17	gameplay - Picture - PNG Format_18	gameplay - Picture - PNG Format_19	gameplay - Picture - PNG Format_20	gameplay - Picture - PNG Format_21	gameplay - Picture - PNG Format_22	gameplay - Picture - PNG Format_23	gameplay - Picture - PNG Format_24	gameplay - Picture - PNG Format_25	gameplay - Picture - PNG Format_26	gameplay - Picture - PNG Format_27	gameplay - Picture - PNG Format_28	gameplay - Picture - PNG Format_29	gameplay - Picture - PNG Format_30	gameplay - Picture - PNG Format_31	gameplay - Picture - PNG Format_32	gameplay - Picture - PNG Format_33	gameplay - Picture - PNG Format_34	gameplay - Picture - PNG Format_35	gameplay - Picture - PNG Format_36	gameplay - Picture - PNG Format_37	gameplay - Picture - PNG Format_38	gameplay - Picture - PNG Format_39	gameplay - Picture - PNG Format_40</text><index id="speed">4</index><boolean id="loop">true</boolean><boolean id="restoreActorImage">true</boolean></attributes></behavior></behaviors></behavior><behavior enabled="true" id="id650723" class="RuleBehavior"><attributes><text id="name">Rule</text><text id="bundleName">Rule.behavior</text><real id="compoundConditionKind">0</real></attributes><conditions><condition id="id371259" eventType="touch"><attributes><index id="conditionType">1</index><text id="subjectAttribute">game.attributes.id810427</text></attributes><predicate type="boolean"><attributes><index id="RHS">1</index></attributes></predicate></condition></conditions><behaviors><behavior id="id511915" class="InterpolateBehavior" enabled="true"><attributes><text id="name">Interpolate</text><text id="bundleName">Interpolate.behavior</text><boolean id="runToCompletion">true</boolean><text id="targetAttribute">self.attributes.size.width</text><real id="finalValue">320</real><real id="duration">0.5</real><index id="easing">1</index></attributes></behavior><behavior id="id359681" class="InterpolateBehavior" enabled="true"><attributes><text id="name">Interpolate</text><text id="bundleName">Interpolate.behavior</text><boolean id="runToCompletion">true</boolean><text id="targetAttribute">self.attributes.size.height</text><real id="finalValue">480</real><real id="duration">0.5</real><index id="easing">1</index></attributes></behavior><behavior id="id470132" class="TimerBehavior" enabled="true"><attributes><text id="name">Timer</text><text id="bundleName">Timer.behavior</text><index id="timerType">1</index><real id="interval">0.5</real><boolean id="runToCompletion">true</boolean></attributes><behaviors><behavior id="id117297" class="ChangeSceneAction" enabled="true"><attributes><text id="name">Change Scene</text><text id="bundleName">ChangeScene.behavior</text><text id="sceneKey">id598169</text></attributes></behavior></behaviors></behavior></behaviors><elseBehaviors/></behavior></behaviors><aspects><graphics><attributes><boolean id="visible">true</boolean><enumeration id="blendingMode">0</enumeration><enumeration id="horizontalWrap">0</enumeration><enumeration id="verticalWrap">0</enumeration></attributes></graphics><motion><attributes><point id="linearVelocity"><real id="x">0</real><real id="y">0</real></point><real id="angularVelocity">0</real><real id="maxSpeed">0</real><boolean id="applyMaxSpeed">false</boolean></attributes></motion><physics><attributes><real id="density">1</real><real id="friction">3</real><real id="restitution">1</real><boolean id="fixedRotation">false</boolean><boolean id="movable">true</boolean><enumeration id="collisionShape">0</enumeration><real id="drag">0</real><real id="angularDrag">0</real></attributes></physics></aspects></actor>
