<?xml version="1.0" encoding="UTF-8"?>
<actor PGFVersion="0.17" id="id643524" GSCVersion="0.9.5"><attributes><text id="name">gameover</text><real id="time">0</real><point id="position"><real id="x">0</real><real id="y">0</real></point><size id="size"><real id="width">320</real><real id="height">480</real></size><angle id="rotation">0</angle><color id="color"><real id="red">1</real><real id="green">1</real><real id="blue">1</real><real id="alpha">1</real></color><image id="image">shatterme_00</image><text id="tags"></text><boolean name="pressed" id="id720917">false</boolean></attributes><behaviors><behavior enabled="true" id="id584031" class="RuleBehavior"><attributes><text id="name">Set Top Score</text><text id="bundleName">Rule.behavior</text><real id="compoundConditionKind">0</real></attributes><conditions><condition id="id543106" eventType="touch"><attributes><index id="conditionType">1</index><text id="subjectAttribute">game.attributes.id924404</text></attributes><predicate type="number"><attributes><text id="operator">&gt;</text><real id="RHS"><expression><reference keypath="game.attributes.id153211"/></expression></real></attributes></predicate></condition></conditions><behaviors><behavior id="id478304" class="ChangeAttributeAction" enabled="true"><attributes><text id="name">Set Top Score</text><text id="bundleName">ChangeAttribute.behavior</text><text id="targetAttribute">game.attributes.id153211</text><text id="RHS"><expression><reference keypath="game.attributes.id924404"/></expression></text></attributes></behavior><behavior id="id114140" class="SaveAttributeAction" enabled="true"><attributes><text id="name">Save Top Score 1</text><text id="bundleName">SaveAttribute.behavior</text><text id="targetAttribute">game.attributes.id153211</text><text id="key">topscore1save</text></attributes></behavior></behaviors><elseBehaviors/></behavior><behavior id="id334650" class="PlaySoundAction" enabled="true"><attributes><text id="name">Play Sound</text><text id="bundleName">PlaySound.behavior</text><sound id="soundName">partially_wrong_sound</sound><boolean id="loop">false</boolean><boolean id="runToCompletion">true</boolean><boolean id="positional">false</boolean><boolean id="dopplerShift">false</boolean><real id="volume">1</real><real id="pitch">1</real></attributes></behavior><behavior enabled="true" id="id530895" class="RuleBehavior"><attributes><text id="name">Save scores and reset settings</text><text id="bundleName">Rule.behavior</text><real id="compoundConditionKind">1</real></attributes><conditions><condition id="id559723" eventType="touch"><attributes><index id="conditionType">0</index></attributes><predicate type="touch" conditionType="pressed"><attributes/></predicate></condition></conditions><behaviors><behavior id="id667958" class="PlaySoundAction" enabled="true"><attributes><text id="name">Play Sound</text><text id="bundleName">PlaySound.behavior</text><sound id="soundName">click</sound><boolean id="loop">false</boolean><boolean id="runToCompletion">true</boolean><boolean id="positional">false</boolean><boolean id="dopplerShift">false</boolean><real id="volume">1</real><real id="pitch">1</real></attributes></behavior><behavior id="id897236" class="ChangeAttributeAction" enabled="true"><attributes><text id="name">Change Attribute</text><text id="bundleName">ChangeAttribute.behavior</text><text id="targetAttribute">game.attributes.id232742</text><text id="RHS"><expression><string>true</string></expression></text></attributes></behavior><behavior id="id583291" class="ChangeAttributeAction" enabled="true"><attributes><text id="name">Change Attribute</text><text id="bundleName">ChangeAttribute.behavior</text><text id="targetAttribute">game.attributes.id802847</text><text id="RHS">false</text></attributes></behavior><behavior id="id525512" class="ChangeAttributeAction" enabled="true"><attributes><text id="name">Reset Score</text><text id="bundleName">ChangeAttribute.behavior</text><text id="targetAttribute">game.attributes.id924404</text><text id="RHS">0</text></attributes></behavior><behavior id="id288548" class="ChangeAttributeAction" enabled="true"><attributes><text id="name">Reset Lives</text><text id="bundleName">ChangeAttribute.behavior</text><text id="targetAttribute">game.attributes.id352185</text><text id="RHS">3</text></attributes></behavior><behavior id="id730859" class="ChangeAttributeAction" enabled="true"><attributes><text id="name">Do not start round</text><text id="bundleName">ChangeAttribute.behavior</text><text id="targetAttribute">game.attributes.id753719</text><text id="RHS">false</text></attributes></behavior><behavior id="id180386" class="ChangeAttributeAction" enabled="true"><attributes><text id="name">Reset soawn speed</text><text id="bundleName">ChangeAttribute.behavior</text><text id="targetAttribute">game.attributes.id327835</text><text id="RHS">1</text></attributes></behavior><behavior id="id260327" class="ChangeAttributeAction" enabled="true"><attributes><text id="name">Reset Spawn Speed</text><text id="bundleName">ChangeAttribute.behavior</text><text id="targetAttribute">game.attributes.id354301</text><text id="RHS">0.8</text></attributes></behavior><behavior id="id905927" class="ChangeAttributeAction" enabled="true"><attributes><text id="name">Reset touch x</text><text id="bundleName">ChangeAttribute.behavior</text><text id="targetAttribute">game.attributes.id903311</text><text id="RHS">0</text></attributes></behavior><behavior id="id320493" class="ChangeAttributeAction" enabled="true"><attributes><text id="name">Reset touch y</text><text id="bundleName">ChangeAttribute.behavior</text><text id="targetAttribute">game.attributes.id461560</text><text id="RHS">0</text></attributes></behavior><behavior id="id630853" class="ChangeAttributeAction" enabled="true"><attributes><text id="name">Reset Power</text><text id="bundleName">ChangeAttribute.behavior</text><text id="targetAttribute">game.attributes.id270783</text><text id="RHS">0</text></attributes></behavior><behavior id="id446455" class="ChangeAttributeAction" enabled="true"><attributes><text id="name">Reset line y</text><text id="bundleName">ChangeAttribute.behavior</text><text id="targetAttribute">game.attributes.id356011</text><text id="RHS">100</text></attributes></behavior><behavior id="id869995" class="ChangeAttributeAction" enabled="true"><attributes><text id="name">Reset zap</text><text id="bundleName">ChangeAttribute.behavior</text><text id="targetAttribute">game.attributes.id360253</text><text id="RHS">false</text></attributes></behavior><behavior id="id316796" class="ChangeAttributeAction" enabled="true"><attributes><text id="name">Reset fall speed</text><text id="bundleName">ChangeAttribute.behavior</text><text id="targetAttribute">game.attributes.id721685</text><text id="RHS">60</text></attributes></behavior><behavior id="id631649" class="ChangeAttributeAction" enabled="true"><attributes><text id="name">Reset Start Game menu</text><text id="bundleName">ChangeAttribute.behavior</text><text id="targetAttribute">game.attributes.id810427</text><text id="RHS">false</text></attributes></behavior><behavior id="id605767" class="ChangeAttributeAction" enabled="true"><attributes><text id="name">Reset how many stars</text><text id="bundleName">ChangeAttribute.behavior</text><text id="targetAttribute">game.attributes.id665450</text><text id="RHS">0</text></attributes></behavior><behavior id="id938735" class="ChangeAttributeAction" enabled="true"><attributes><text id="name">Reset Grid Color</text><text id="bundleName">ChangeAttribute.behavior</text><text id="targetAttribute">game.attributes.id159592</text><text id="RHS">0</text></attributes></behavior></behaviors><elseBehaviors/></behavior><behavior enabled="true" id="id890455" class="RuleBehavior"><attributes><text id="name">Animate the glass and sound</text><text id="bundleName">Rule.behavior</text><real id="compoundConditionKind">0</real></attributes><conditions><condition id="id817551" eventType="touch"><attributes><index id="conditionType">1</index><text id="subjectAttribute">game.attributes.id232742</text></attributes><predicate type="boolean"><attributes><index id="RHS">1</index></attributes></predicate></condition></conditions><behaviors><behavior id="id295515" class="PlaySoundAction" enabled="true"><attributes><text id="name">Play Sound</text><text id="bundleName">PlaySound.behavior</text><sound id="soundName">GLASS07</sound><boolean id="loop">false</boolean><boolean id="runToCompletion">true</boolean><boolean id="positional">false</boolean><boolean id="dopplerShift">false</boolean><real id="volume">1</real><real id="pitch">1</real></attributes></behavior><behavior id="id235380" class="AnimateBehavior" enabled="true"><attributes><text id="name">Animate</text><text id="bundleName">Animate.behavior</text><text id="images">shatterme_21	shatterme_22	shatterme_24	shatterme_26	shatterme_28	shatterme_30	shatterme_32	shatterme_34	shatterme_36	shatterme_38	shatterme_40	shatterme_42	shatterme_44	shatterme_48</text><index id="speed">19</index><boolean id="loop">false</boolean><boolean id="restoreActorImage">false</boolean></attributes></behavior><behavior id="id648577" class="TimerBehavior" enabled="true"><attributes><text id="name">Timer</text><text id="bundleName">Timer.behavior</text><index id="timerType">1</index><real id="interval">1</real><boolean id="runToCompletion">true</boolean></attributes><behaviors><behavior id="id959638" class="ChangeAttributeAction" enabled="true"><attributes><text id="name">Change Attribute</text><text id="bundleName">ChangeAttribute.behavior</text><text id="targetAttribute">game.attributes.id232742</text><text id="RHS">false</text></attributes></behavior><behavior id="id168998" class="ChangeSceneAction" enabled="true"><attributes><text id="name">Change Scene</text><text id="bundleName">ChangeScene.behavior</text><text id="sceneKey">id269551</text></attributes></behavior></behaviors></behavior></behaviors><elseBehaviors/></behavior></behaviors><aspects><graphics><attributes><boolean id="visible">true</boolean><enumeration id="blendingMode">0</enumeration><enumeration id="horizontalWrap">0</enumeration><enumeration id="verticalWrap">0</enumeration></attributes></graphics><motion><attributes><point id="linearVelocity"><real id="x">0</real><real id="y">0</real></point><real id="angularVelocity">0</real><real id="maxSpeed">0</real><boolean id="applyMaxSpeed">false</boolean></attributes></motion><physics><attributes><real id="density">1</real><real id="friction">3</real><real id="restitution">1</real><boolean id="fixedRotation">false</boolean><boolean id="movable">true</boolean><enumeration id="collisionShape">0</enumeration><real id="drag">0</real><real id="angularDrag">0</real></attributes></physics></aspects></actor>
