<?xml version="1.0" encoding="UTF-8"?>
<assets PGFVersion="0.17" GSCVersion="0.9.4"><sounds/><images><image name="ls_bg1"><file name="ls_bg1.png" size="237998"/></image><image name="circle"><file name="circle.png" size="4266"/></image><image name="circle_green"><file name="circle_green.png" size="6691"/></image><image name="cover"><file name="cover.png" size="2997"/></image><image name="panda ball"><file name="panda ball.png" size="34626"/></image><image name="light0001"><file name="light0001.png" size="13104"/></image><image name="light0002"><file name="light0002.png" size="53075"/></image><image name="light0003"><file name="light0003.png" size="48656"/></image><image name="light0004"><file name="light0004.png" size="49640"/></image><image name="light0005"><file name="light0005.png" size="43435"/></image><image name="light0006"><file name="light0006.png" size="46313"/></image><image name="light0007"><file name="light0007.png" size="46812"/></image><image name="light0008"><file name="light0008.png" size="40809"/></image><image name="light0009"><file name="light0009.png" size="32739"/></image><image name="light0010"><file name="light0010.png" size="21788"/></image><image name="light0011"><file name="light0011.png" size="11366"/></image><image name="light0012"><file name="light0012.png" size="10443"/></image><image name="light0013"><file name="light0013.png" size="9540"/></image><image name="light0014"><file name="light0014.png" size="7893"/></image><image name="light0015"><file name="light0015.png" size="5696"/></image><image name="light0016"><file name="light0016.png" size="2944"/></image><image name="light0017"><file name="light0017.png" size="1430"/></image><image name="obj_block_ropebridge"><file name="obj_block_ropebridge.png" size="5247"/></image><image name="cloud1"><file name="cloud1.png" size="58216"/></image><image name="cloud6"><file name="cloud6.png" size="66555"/></image><image name="cloud7"><file name="cloud7.png" size="109873"/></image><image name="earth tile"><file name="earth tile.png"/><file name="earth tile.png" size="14364"/></image><image name="earth tile2"><file name="earth tile2.png"/><file name="earth tile2.png" size="17108"/></image><image name="house"><file name="house.png"/><file name="house.png" size="361612"/></image><image name="tree"><file name="tree.png"/><file name="tree.png" size="68211"/></image><image name="god"><file name="god.png"/><file name="god.png" size="27156"/></image></images><behaviors/></assets>
