<?xml version="1.0" encoding="UTF-8"?>
<game PGFVersion="0.17" GSCVersion="0.9.4" title="My Great Project"><resolutionIndependence>0</resolutionIndependence><instructions>Add game instructions here.</instructions><resolution>3</resolution><longDescription>A tabula rasa, a blank slate on which one may create a masterpiece.</longDescription><prototypes><actor id="id711075"/><actor id="id691117"/><actor id="id534022"/><actor id="id445972"/><actor id="id631168"/><actor id="id286582"/><actor id="id242097"/><actor id="id273229"/><actor id="id434975"/><actor id="id279929"/><actor id="id705339"/><actor id="id747391"/><actor id="id235604"/></prototypes><scenes><scene id="id269551"/></scenes><attributes><text id="name">default name</text><real id="time">0</real><size id="displaySize"><real id="width">1024</real><real id="height">768</real></size><text id="actorTags">earth	walls</text></attributes></game>
